{
  "evaluated": 2361,
  "skipped": 374,
  "overall_avg_score": 0.29299963654398214,
  "overall_avg_point_diff": 6.433582073956915,
  "global_axis_scores": {
    "completeness": 0.3171,
    "accuracy": 0.283,
    "context_awareness": 0.3067,
    "communication_quality": 0.2397,
    "instruction_following": 0.2484
  },
  "per_axis_stats": {
    "completeness": {
      "score_sum": 3165.423300154507,
      "matched": 9981,
      "count": 2164
    },
    "accuracy": {
      "score_sum": 2540.2553013235342,
      "matched": 8975,
      "count": 2228
    },
    "context_awareness": {
      "score_sum": 1342.7920162513863,
      "matched": 4378,
      "count": 1851
    },
    "communication_quality": {
      "score_sum": 542.0228615909818,
      "matched": 2261,
      "count": 1401
    },
    "instruction_following": {
      "score_sum": 377.1066142201426,
      "matched": 1518,
      "count": 832
    }
  },
  "total_matched": 27113,
  "total_reference": 27113
}