{
  "conversation_id": 1623,
  "matched": 11,
  "total_reference": 11,
  "avg_score": 0.3989090909090909,
  "avg_point_diff": 5.181818181818182,
  "axis_stats": {
    "completeness": {
      "matched": 5,
      "score_sum": 2.081450605392456,
      "conversation_count": 1,
      "avg_score": 0.41629012107849117
    },
    "accuracy": {
      "matched": 3,
      "score_sum": 1.4422935843467712,
      "conversation_count": 1,
      "avg_score": 0.4807645281155904
    },
    "context_awareness": {
      "matched": 1,
      "score_sum": 0.4598352015018463,
      "conversation_count": 1,
      "avg_score": 0.4598352015018463
    },
    "communication_quality": {
      "matched": 2,
      "score_sum": 0.4044271469116211,
      "conversation_count": 1,
      "avg_score": 0.20221357345581056
    },
    "instruction_following": {
      "matched": 0,
      "score_sum": 0.0,
      "conversation_count": 0
    }
  }
}