{
  "conversation_id": 1223,
  "matched": 13,
  "total_reference": 13,
  "avg_score": 0.21630769230769228,
  "avg_point_diff": 7.3076923076923075,
  "axis_stats": {
    "completeness": {
      "matched": 6,
      "score_sum": 1.5227873921394348,
      "conversation_count": 1,
      "avg_score": 0.2537978986899058
    },
    "accuracy": {
      "matched": 4,
      "score_sum": 0.3500552773475647,
      "conversation_count": 1,
      "avg_score": 0.08751381933689117
    },
    "context_awareness": {
      "matched": 0,
      "score_sum": 0.0,
      "conversation_count": 0
    },
    "communication_quality": {
      "matched": 2,
      "score_sum": 0.25835466384887695,
      "conversation_count": 1,
      "avg_score": 0.12917733192443848
    },
    "instruction_following": {
      "matched": 1,
      "score_sum": 0.6817278861999512,
      "conversation_count": 1,
      "avg_score": 0.6817278861999512
    }
  }
}