{
  "conversation_id": 469,
  "matched": 12,
  "total_reference": 12,
  "avg_score": 0.3985,
  "avg_point_diff": 6.583333333333333,
  "axis_stats": {
    "completeness": {
      "matched": 3,
      "score_sum": 1.079922366142273,
      "conversation_count": 1,
      "avg_score": 0.35997412204742435
    },
    "accuracy": {
      "matched": 5,
      "score_sum": 2.1993170976638794,
      "conversation_count": 1,
      "avg_score": 0.43986341953277586
    },
    "context_awareness": {
      "matched": 1,
      "score_sum": 0.5130019187927246,
      "conversation_count": 1,
      "avg_score": 0.5130019187927246
    },
    "communication_quality": {
      "matched": 1,
      "score_sum": 0.7390822172164917,
      "conversation_count": 1,
      "avg_score": 0.7390822172164917
    },
    "instruction_following": {
      "matched": 2,
      "score_sum": 0.2501619756221771,
      "conversation_count": 1,
      "avg_score": 0.12508098781108856
    }
  }
}