{
  "conversation_id": 2687,
  "matched": 8,
  "total_reference": 8,
  "avg_score": 0.22912500000000002,
  "avg_point_diff": 4.0,
  "axis_stats": {
    "completeness": {
      "matched": 3,
      "score_sum": 0.47802385687828064,
      "conversation_count": 1,
      "avg_score": 0.15934128562609354
    },
    "accuracy": {
      "matched": 2,
      "score_sum": 0.6625422239303589,
      "conversation_count": 1,
      "avg_score": 0.33127111196517944
    },
    "context_awareness": {
      "matched": 0,
      "score_sum": 0.0,
      "conversation_count": 0
    },
    "communication_quality": {
      "matched": 1,
      "score_sum": 0.2591986358165741,
      "conversation_count": 1,
      "avg_score": 0.2591986358165741
    },
    "instruction_following": {
      "matched": 2,
      "score_sum": 0.43279188871383667,
      "conversation_count": 1,
      "avg_score": 0.21639594435691833
    }
  }
}