{
  "conversation_id": 1149,
  "matched": 15,
  "total_reference": 15,
  "avg_score": 0.18760000000000004,
  "avg_point_diff": 7.066666666666666,
  "axis_stats": {
    "completeness": {
      "matched": 12,
      "score_sum": 1.4228272855281832,
      "conversation_count": 1,
      "avg_score": 0.11856894046068193
    },
    "accuracy": {
      "matched": 2,
      "score_sum": 0.8919019103050232,
      "conversation_count": 1,
      "avg_score": 0.4459509551525116
    },
    "context_awareness": {
      "matched": 1,
      "score_sum": 0.4991750717163086,
      "conversation_count": 1,
      "avg_score": 0.4991750717163086
    },
    "communication_quality": {
      "matched": 0,
      "score_sum": 0.0,
      "conversation_count": 0
    },
    "instruction_following": {
      "matched": 0,
      "score_sum": 0.0,
      "conversation_count": 0
    }
  }
}