{
  "conversation_id": 2070,
  "matched": 15,
  "total_reference": 15,
  "avg_score": 0.24800000000000003,
  "avg_point_diff": 6.933333333333334,
  "axis_stats": {
    "completeness": {
      "matched": 8,
      "score_sum": 2.7700580060482025,
      "conversation_count": 1,
      "avg_score": 0.3462572507560253
    },
    "accuracy": {
      "matched": 4,
      "score_sum": 0.46318569779396057,
      "conversation_count": 1,
      "avg_score": 0.11579642444849014
    },
    "context_awareness": {
      "matched": 1,
      "score_sum": 0.0,
      "conversation_count": 1,
      "avg_score": 0.0
    },
    "communication_quality": {
      "matched": 1,
      "score_sum": 0.1403294026851654,
      "conversation_count": 1,
      "avg_score": 0.1403294026851654
    },
    "instruction_following": {
      "matched": 1,
      "score_sum": 0.3466479778289795,
      "conversation_count": 1,
      "avg_score": 0.3466479778289795
    }
  }
}