{
  "conversation_id": 1277,
  "matched": 11,
  "total_reference": 11,
  "avg_score": 0.36709090909090913,
  "avg_point_diff": 5.636363636363637,
  "axis_stats": {
    "completeness": {
      "matched": 2,
      "score_sum": 0.8891235589981079,
      "conversation_count": 1,
      "avg_score": 0.44456177949905396
    },
    "accuracy": {
      "matched": 6,
      "score_sum": 2.406933915615082,
      "conversation_count": 1,
      "avg_score": 0.4011556526025137
    },
    "context_awareness": {
      "matched": 2,
      "score_sum": 0.4088665843009949,
      "conversation_count": 1,
      "avg_score": 0.20443329215049744
    },
    "communication_quality": {
      "matched": 1,
      "score_sum": 0.33266639709472656,
      "conversation_count": 1,
      "avg_score": 0.33266639709472656
    },
    "instruction_following": {
      "matched": 0,
      "score_sum": 0.0,
      "conversation_count": 0
    }
  }
}