{
  "conversation_id": 2183,
  "matched": 13,
  "total_reference": 13,
  "avg_score": 0.36176923076923073,
  "avg_point_diff": 4.3076923076923075,
  "axis_stats": {
    "completeness": {
      "matched": 10,
      "score_sum": 4.117059755325317,
      "conversation_count": 1,
      "avg_score": 0.41170597553253174
    },
    "accuracy": {
      "matched": 2,
      "score_sum": 0.3156082034111023,
      "conversation_count": 1,
      "avg_score": 0.15780410170555115
    },
    "context_awareness": {
      "matched": 1,
      "score_sum": 0.2700347602367401,
      "conversation_count": 1,
      "avg_score": 0.2700347602367401
    },
    "communication_quality": {
      "matched": 0,
      "score_sum": 0.0,
      "conversation_count": 0
    },
    "instruction_following": {
      "matched": 0,
      "score_sum": 0.0,
      "conversation_count": 0
    }
  }
}