{
  "conversation_id": 2709,
  "matched": 12,
  "total_reference": 12,
  "avg_score": 0.36358333333333337,
  "avg_point_diff": 4.75,
  "axis_stats": {
    "completeness": {
      "matched": 8,
      "score_sum": 2.313996022939682,
      "conversation_count": 1,
      "avg_score": 0.28924950286746026
    },
    "accuracy": {
      "matched": 1,
      "score_sum": 0.8736679553985596,
      "conversation_count": 1,
      "avg_score": 0.8736679553985596
    },
    "context_awareness": {
      "matched": 2,
      "score_sum": 0.8159914016723633,
      "conversation_count": 1,
      "avg_score": 0.40799570083618164
    },
    "communication_quality": {
      "matched": 1,
      "score_sum": 0.35890305042266846,
      "conversation_count": 1,
      "avg_score": 0.35890305042266846
    },
    "instruction_following": {
      "matched": 0,
      "score_sum": 0.0,
      "conversation_count": 0
    }
  }
}