{
  "conversation_id": 1785,
  "matched": 12,
  "total_reference": 12,
  "avg_score": 0.3580833333333333,
  "avg_point_diff": 4.916666666666667,
  "axis_stats": {
    "completeness": {
      "matched": 4,
      "score_sum": 1.6606241464614868,
      "conversation_count": 1,
      "avg_score": 0.4151560366153717
    },
    "accuracy": {
      "matched": 4,
      "score_sum": 1.0564858317375183,
      "conversation_count": 1,
      "avg_score": 0.2641214579343796
    },
    "context_awareness": {
      "matched": 2,
      "score_sum": 1.0755770802497864,
      "conversation_count": 1,
      "avg_score": 0.5377885401248932
    },
    "communication_quality": {
      "matched": 2,
      "score_sum": 0.5048649311065674,
      "conversation_count": 1,
      "avg_score": 0.2524324655532837
    },
    "instruction_following": {
      "matched": 0,
      "score_sum": 0.0,
      "conversation_count": 0
    }
  }
}