{
  "conversation_id": 1701,
  "matched": 15,
  "total_reference": 15,
  "avg_score": 0.2360666666666667,
  "avg_point_diff": 9.333333333333334,
  "axis_stats": {
    "completeness": {
      "matched": 8,
      "score_sum": 2.7826499342918396,
      "conversation_count": 1,
      "avg_score": 0.34783124178647995
    },
    "accuracy": {
      "matched": 5,
      "score_sum": 0.47164446115493774,
      "conversation_count": 1,
      "avg_score": 0.09432889223098755
    },
    "context_awareness": {
      "matched": 0,
      "score_sum": 0.0,
      "conversation_count": 0
    },
    "communication_quality": {
      "matched": 2,
      "score_sum": 0.28738701343536377,
      "conversation_count": 1,
      "avg_score": 0.14369350671768188
    },
    "instruction_following": {
      "matched": 0,
      "score_sum": 0.0,
      "conversation_count": 0
    }
  }
}