{
  "conversation_id": 296,
  "matched": 15,
  "total_reference": 15,
  "avg_score": 0.30606666666666665,
  "avg_point_diff": 7.133333333333334,
  "axis_stats": {
    "completeness": {
      "matched": 6,
      "score_sum": 2.6094539761543274,
      "conversation_count": 1,
      "avg_score": 0.43490899602572125
    },
    "accuracy": {
      "matched": 2,
      "score_sum": 0.39413031935691833,
      "conversation_count": 1,
      "avg_score": 0.19706515967845917
    },
    "context_awareness": {
      "matched": 3,
      "score_sum": 0.8723712861537933,
      "conversation_count": 1,
      "avg_score": 0.2907904287179311
    },
    "communication_quality": {
      "matched": 2,
      "score_sum": 0.0,
      "conversation_count": 1,
      "avg_score": 0.0
    },
    "instruction_following": {
      "matched": 2,
      "score_sum": 0.7145581245422363,
      "conversation_count": 1,
      "avg_score": 0.35727906227111816
    }
  }
}