{
  "conversation_id": 2658,
  "matched": 11,
  "total_reference": 11,
  "avg_score": 0.19481818181818183,
  "avg_point_diff": 8.636363636363637,
  "axis_stats": {
    "completeness": {
      "matched": 4,
      "score_sum": 0.5229747295379639,
      "conversation_count": 1,
      "avg_score": 0.13074368238449097
    },
    "accuracy": {
      "matched": 3,
      "score_sum": 0.641730546951294,
      "conversation_count": 1,
      "avg_score": 0.213910182317098
    },
    "context_awareness": {
      "matched": 3,
      "score_sum": 0.427046000957489,
      "conversation_count": 1,
      "avg_score": 0.14234866698582968
    },
    "communication_quality": {
      "matched": 0,
      "score_sum": 0.0,
      "conversation_count": 0
    },
    "instruction_following": {
      "matched": 1,
      "score_sum": 0.5511932373046875,
      "conversation_count": 1,
      "avg_score": 0.5511932373046875
    }
  }
}