{
  "conversation_id": 2194,
  "matched": 11,
  "total_reference": 11,
  "avg_score": 0.2564545454545455,
  "avg_point_diff": 6.909090909090909,
  "axis_stats": {
    "completeness": {
      "matched": 2,
      "score_sum": 0.7489636540412903,
      "conversation_count": 1,
      "avg_score": 0.37448182702064514
    },
    "accuracy": {
      "matched": 1,
      "score_sum": 0.49966132640838623,
      "conversation_count": 1,
      "avg_score": 0.49966132640838623
    },
    "context_awareness": {
      "matched": 5,
      "score_sum": 1.1500992476940155,
      "conversation_count": 1,
      "avg_score": 0.2300198495388031
    },
    "communication_quality": {
      "matched": 1,
      "score_sum": 0.0,
      "conversation_count": 1,
      "avg_score": 0.0
    },
    "instruction_following": {
      "matched": 2,
      "score_sum": 0.42157265543937683,
      "conversation_count": 1,
      "avg_score": 0.21078632771968842
    }
  }
}