{
  "conversation_id": 2465,
  "matched": 8,
  "total_reference": 8,
  "avg_score": 0.20199999999999999,
  "avg_point_diff": 7.25,
  "axis_stats": {
    "completeness": {
      "matched": 2,
      "score_sum": 0.23681145906448364,
      "conversation_count": 1,
      "avg_score": 0.11840572953224182
    },
    "accuracy": {
      "matched": 2,
      "score_sum": 0.49721646308898926,
      "conversation_count": 1,
      "avg_score": 0.24860823154449463
    },
    "context_awareness": {
      "matched": 1,
      "score_sum": 0.3814769685268402,
      "conversation_count": 1,
      "avg_score": 0.3814769685268402
    },
    "communication_quality": {
      "matched": 1,
      "score_sum": 0.0,
      "conversation_count": 1,
      "avg_score": 0.0
    },
    "instruction_following": {
      "matched": 2,
      "score_sum": 0.5011997818946838,
      "conversation_count": 1,
      "avg_score": 0.2505998909473419
    }
  }
}