{
  "conversation_id": 507,
  "matched": 13,
  "total_reference": 13,
  "avg_score": 0.43546153846153846,
  "avg_point_diff": 5.230769230769231,
  "axis_stats": {
    "completeness": {
      "matched": 3,
      "score_sum": 0.6614150404930115,
      "conversation_count": 1,
      "avg_score": 0.22047168016433716
    },
    "accuracy": {
      "matched": 2,
      "score_sum": 0.0,
      "conversation_count": 1,
      "avg_score": 0.0
    },
    "context_awareness": {
      "matched": 6,
      "score_sum": 3.825793129205704,
      "conversation_count": 1,
      "avg_score": 0.6376321882009507
    },
    "communication_quality": {
      "matched": 1,
      "score_sum": 0.42088818550109863,
      "conversation_count": 1,
      "avg_score": 0.42088818550109863
    },
    "instruction_following": {
      "matched": 1,
      "score_sum": 0.752289891242981,
      "conversation_count": 1,
      "avg_score": 0.752289891242981
    }
  }
}