{
  "conversation_id": 1597,
  "matched": 8,
  "total_reference": 8,
  "avg_score": 0.355,
  "avg_point_diff": 7.625,
  "axis_stats": {
    "completeness": {
      "matched": 2,
      "score_sum": 0.7494313716888428,
      "conversation_count": 1,
      "avg_score": 0.3747156858444214
    },
    "accuracy": {
      "matched": 0,
      "score_sum": 0.0,
      "conversation_count": 0
    },
    "context_awareness": {
      "matched": 3,
      "score_sum": 0.6882147789001465,
      "conversation_count": 1,
      "avg_score": 0.22940492630004883
    },
    "communication_quality": {
      "matched": 1,
      "score_sum": 0.41184675693511963,
      "conversation_count": 1,
      "avg_score": 0.41184675693511963
    },
    "instruction_following": {
      "matched": 2,
      "score_sum": 0.9906064569950104,
      "conversation_count": 1,
      "avg_score": 0.4953032284975052
    }
  }
}