{
  "conversation_id": 2457,
  "matched": 8,
  "total_reference": 8,
  "avg_score": 0.39725,
  "avg_point_diff": 4.75,
  "axis_stats": {
    "completeness": {
      "matched": 0,
      "score_sum": 0.0,
      "conversation_count": 0
    },
    "accuracy": {
      "matched": 2,
      "score_sum": 0.39566242694854736,
      "conversation_count": 1,
      "avg_score": 0.19783121347427368
    },
    "context_awareness": {
      "matched": 3,
      "score_sum": 1.836806833744049,
      "conversation_count": 1,
      "avg_score": 0.6122689445813497
    },
    "communication_quality": {
      "matched": 1,
      "score_sum": 0.5700878500938416,
      "conversation_count": 1,
      "avg_score": 0.5700878500938416
    },
    "instruction_following": {
      "matched": 2,
      "score_sum": 0.37553641200065613,
      "conversation_count": 1,
      "avg_score": 0.18776820600032806
    }
  }
}