{
  "conversation_id": 1914,
  "matched": 11,
  "total_reference": 11,
  "avg_score": 0.25018181818181817,
  "avg_point_diff": 6.909090909090909,
  "axis_stats": {
    "completeness": {
      "matched": 2,
      "score_sum": 0.5861537456512451,
      "conversation_count": 1,
      "avg_score": 0.29307687282562256
    },
    "accuracy": {
      "matched": 5,
      "score_sum": 0.5001087188720703,
      "conversation_count": 1,
      "avg_score": 0.10002174377441406
    },
    "context_awareness": {
      "matched": 4,
      "score_sum": 1.6653115510940553,
      "conversation_count": 1,
      "avg_score": 0.4163278877735138
    },
    "communication_quality": {
      "matched": 0,
      "score_sum": 0.0,
      "conversation_count": 0
    },
    "instruction_following": {
      "matched": 0,
      "score_sum": 0.0,
      "conversation_count": 0
    }
  }
}