{
  "conversation_id": 1862,
  "matched": 12,
  "total_reference": 12,
  "avg_score": 0.3003333333333333,
  "avg_point_diff": 4.583333333333333,
  "axis_stats": {
    "completeness": {
      "matched": 2,
      "score_sum": 0.2899555265903473,
      "conversation_count": 1,
      "avg_score": 0.14497776329517365
    },
    "accuracy": {
      "matched": 6,
      "score_sum": 2.5556958466768265,
      "conversation_count": 1,
      "avg_score": 0.4259493077794711
    },
    "context_awareness": {
      "matched": 1,
      "score_sum": 0.31600379943847656,
      "conversation_count": 1,
      "avg_score": 0.31600379943847656
    },
    "communication_quality": {
      "matched": 3,
      "score_sum": 0.4423813819885254,
      "conversation_count": 1,
      "avg_score": 0.1474604606628418
    },
    "instruction_following": {
      "matched": 0,
      "score_sum": 0.0,
      "conversation_count": 0
    }
  }
}