{
  "conversation_id": 1787,
  "matched": 15,
  "total_reference": 15,
  "avg_score": 0.39346666666666663,
  "avg_point_diff": 4.333333333333333,
  "axis_stats": {
    "completeness": {
      "matched": 8,
      "score_sum": 2.8306966423988342,
      "conversation_count": 1,
      "avg_score": 0.3538370802998543
    },
    "accuracy": {
      "matched": 1,
      "score_sum": 0.4924405097961426,
      "conversation_count": 1,
      "avg_score": 0.4924405097961426
    },
    "context_awareness": {
      "matched": 4,
      "score_sum": 2.23635590672493,
      "conversation_count": 1,
      "avg_score": 0.5590889766812325
    },
    "communication_quality": {
      "matched": 2,
      "score_sum": 0.3430798649787903,
      "conversation_count": 1,
      "avg_score": 0.17153993248939514
    },
    "instruction_following": {
      "matched": 0,
      "score_sum": 0.0,
      "conversation_count": 0
    }
  }
}