{
  "conversation_id": 575,
  "matched": 13,
  "total_reference": 13,
  "avg_score": 0.28715384615384615,
  "avg_point_diff": 7.076923076923077,
  "axis_stats": {
    "completeness": {
      "matched": 6,
      "score_sum": 1.3355052471160889,
      "conversation_count": 1,
      "avg_score": 0.2225842078526815
    },
    "accuracy": {
      "matched": 2,
      "score_sum": 0.970451831817627,
      "conversation_count": 1,
      "avg_score": 0.4852259159088135
    },
    "context_awareness": {
      "matched": 3,
      "score_sum": 1.081902027130127,
      "conversation_count": 1,
      "avg_score": 0.36063400904337567
    },
    "communication_quality": {
      "matched": 2,
      "score_sum": 0.3452391028404236,
      "conversation_count": 1,
      "avg_score": 0.1726195514202118
    },
    "instruction_following": {
      "matched": 0,
      "score_sum": 0.0,
      "conversation_count": 0
    }
  }
}