{
  "conversation_id": 1246,
  "matched": 10,
  "total_reference": 10,
  "avg_score": 0.1682,
  "avg_point_diff": 9.5,
  "axis_stats": {
    "completeness": {
      "matched": 5,
      "score_sum": 0.4095272421836853,
      "conversation_count": 1,
      "avg_score": 0.08190544843673705
    },
    "accuracy": {
      "matched": 3,
      "score_sum": 0.5277292728424072,
      "conversation_count": 1,
      "avg_score": 0.17590975761413574
    },
    "context_awareness": {
      "matched": 0,
      "score_sum": 0.0,
      "conversation_count": 0
    },
    "communication_quality": {
      "matched": 1,
      "score_sum": 0.16334813833236694,
      "conversation_count": 1,
      "avg_score": 0.16334813833236694
    },
    "instruction_following": {
      "matched": 1,
      "score_sum": 0.580868661403656,
      "conversation_count": 1,
      "avg_score": 0.580868661403656
    }
  }
}