{
  "conversation_id": 397,
  "matched": 12,
  "total_reference": 12,
  "avg_score": 0.36800000000000005,
  "avg_point_diff": 5.583333333333333,
  "axis_stats": {
    "completeness": {
      "matched": 5,
      "score_sum": 1.4115452826023103,
      "conversation_count": 1,
      "avg_score": 0.28230905652046206
    },
    "accuracy": {
      "matched": 2,
      "score_sum": 1.1355022549629212,
      "conversation_count": 1,
      "avg_score": 0.5677511274814606
    },
    "context_awareness": {
      "matched": 4,
      "score_sum": 1.4897160232067108,
      "conversation_count": 1,
      "avg_score": 0.3724290058016777
    },
    "communication_quality": {
      "matched": 1,
      "score_sum": 0.3794918656349182,
      "conversation_count": 1,
      "avg_score": 0.3794918656349182
    },
    "instruction_following": {
      "matched": 0,
      "score_sum": 0.0,
      "conversation_count": 0
    }
  }
}