{
  "conversation_id": 927,
  "matched": 11,
  "total_reference": 11,
  "avg_score": 0.2601818181818182,
  "avg_point_diff": 6.090909090909091,
  "axis_stats": {
    "completeness": {
      "matched": 2,
      "score_sum": 0.6588519215583801,
      "conversation_count": 1,
      "avg_score": 0.32942596077919006
    },
    "accuracy": {
      "matched": 0,
      "score_sum": 0.0,
      "conversation_count": 0
    },
    "context_awareness": {
      "matched": 4,
      "score_sum": 0.8531396389007568,
      "conversation_count": 1,
      "avg_score": 0.2132849097251892
    },
    "communication_quality": {
      "matched": 1,
      "score_sum": 0.41177666187286377,
      "conversation_count": 1,
      "avg_score": 0.41177666187286377
    },
    "instruction_following": {
      "matched": 4,
      "score_sum": 0.9374937295913697,
      "conversation_count": 1,
      "avg_score": 0.23437343239784242
    }
  }
}