{
  "conversation_id": 926,
  "matched": 15,
  "total_reference": 15,
  "avg_score": 0.25906666666666667,
  "avg_point_diff": 6.6,
  "axis_stats": {
    "completeness": {
      "matched": 10,
      "score_sum": 2.4365494430065153,
      "conversation_count": 1,
      "avg_score": 0.24365494430065154
    },
    "accuracy": {
      "matched": 1,
      "score_sum": 0.48477885127067566,
      "conversation_count": 1,
      "avg_score": 0.48477885127067566
    },
    "context_awareness": {
      "matched": 3,
      "score_sum": 0.8187342882156372,
      "conversation_count": 1,
      "avg_score": 0.2729114294052124
    },
    "communication_quality": {
      "matched": 1,
      "score_sum": 0.14541480541229249,
      "conversation_count": 1,
      "avg_score": 0.14541480541229249
    },
    "instruction_following": {
      "matched": 0,
      "score_sum": 0.0,
      "conversation_count": 0
    }
  }
}