{
  "conversation_id": 889,
  "matched": 12,
  "total_reference": 12,
  "avg_score": 0.30283333333333334,
  "avg_point_diff": 6.166666666666667,
  "axis_stats": {
    "completeness": {
      "matched": 7,
      "score_sum": 1.6354908049106598,
      "conversation_count": 1,
      "avg_score": 0.23364154355866568
    },
    "accuracy": {
      "matched": 2,
      "score_sum": 1.0720041692256927,
      "conversation_count": 1,
      "avg_score": 0.5360020846128464
    },
    "context_awareness": {
      "matched": 2,
      "score_sum": 0.5163337588310242,
      "conversation_count": 1,
      "avg_score": 0.2581668794155121
    },
    "communication_quality": {
      "matched": 1,
      "score_sum": 0.4108070433139801,
      "conversation_count": 1,
      "avg_score": 0.4108070433139801
    },
    "instruction_following": {
      "matched": 0,
      "score_sum": 0.0,
      "conversation_count": 0
    }
  }
}