{
  "conversation_id": 412,
  "matched": 10,
  "total_reference": 10,
  "avg_score": 0.2726,
  "avg_point_diff": 4.9,
  "axis_stats": {
    "completeness": {
      "matched": 6,
      "score_sum": 1.2984240293502807,
      "conversation_count": 1,
      "avg_score": 0.21640400489171344
    },
    "accuracy": {
      "matched": 2,
      "score_sum": 0.9219897985458374,
      "conversation_count": 1,
      "avg_score": 0.4609948992729187
    },
    "context_awareness": {
      "matched": 1,
      "score_sum": 0.3674835205078125,
      "conversation_count": 1,
      "avg_score": 0.3674835205078125
    },
    "communication_quality": {
      "matched": 0,
      "score_sum": 0.0,
      "conversation_count": 0
    },
    "instruction_following": {
      "matched": 1,
      "score_sum": 0.13762198388576508,
      "conversation_count": 1,
      "avg_score": 0.13762198388576508
    }
  }
}