{
  "conversation_id": 126,
  "matched": 14,
  "total_reference": 14,
  "avg_score": 0.23007142857142857,
  "avg_point_diff": 6.142857142857143,
  "axis_stats": {
    "completeness": {
      "matched": 3,
      "score_sum": 0.31728941202163696,
      "conversation_count": 1,
      "avg_score": 0.10576313734054565
    },
    "accuracy": {
      "matched": 0,
      "score_sum": 0.0,
      "conversation_count": 0
    },
    "context_awareness": {
      "matched": 4,
      "score_sum": 1.0933095216751099,
      "conversation_count": 1,
      "avg_score": 0.27332738041877747
    },
    "communication_quality": {
      "matched": 0,
      "score_sum": 0.0,
      "conversation_count": 0
    },
    "instruction_following": {
      "matched": 7,
      "score_sum": 1.810431307554245,
      "conversation_count": 1,
      "avg_score": 0.25863304393632075
    }
  }
}