{
  "conversation_id": 217,
  "matched": 14,
  "total_reference": 14,
  "avg_score": 0.30764285714285716,
  "avg_point_diff": 5.785714285714286,
  "axis_stats": {
    "completeness": {
      "matched": 2,
      "score_sum": 0.43444061279296875,
      "conversation_count": 1,
      "avg_score": 0.21722030639648438
    },
    "accuracy": {
      "matched": 0,
      "score_sum": 0.0,
      "conversation_count": 0
    },
    "context_awareness": {
      "matched": 10,
      "score_sum": 3.1309618949890137,
      "conversation_count": 1,
      "avg_score": 0.3130961894989014
    },
    "communication_quality": {
      "matched": 0,
      "score_sum": 0.0,
      "conversation_count": 0
    },
    "instruction_following": {
      "matched": 2,
      "score_sum": 0.7429396867752076,
      "conversation_count": 1,
      "avg_score": 0.3714698433876038
    }
  }
}