{
  "conversation_id": 1326,
  "matched": 9,
  "total_reference": 9,
  "avg_score": 0.41188888888888886,
  "avg_point_diff": 4.555555555555555,
  "axis_stats": {
    "completeness": {
      "matched": 1,
      "score_sum": 0.0,
      "conversation_count": 1,
      "avg_score": 0.0
    },
    "accuracy": {
      "matched": 3,
      "score_sum": 1.675889253616333,
      "conversation_count": 1,
      "avg_score": 0.5586297512054443
    },
    "context_awareness": {
      "matched": 2,
      "score_sum": 1.0485683381557465,
      "conversation_count": 1,
      "avg_score": 0.5242841690778732
    },
    "communication_quality": {
      "matched": 1,
      "score_sum": 0.5752936601638794,
      "conversation_count": 1,
      "avg_score": 0.5752936601638794
    },
    "instruction_following": {
      "matched": 2,
      "score_sum": 0.4073050618171692,
      "conversation_count": 1,
      "avg_score": 0.2036525309085846
    }
  }
}