{
  "conversation_id": 2670,
  "matched": 15,
  "total_reference": 15,
  "avg_score": 0.26066666666666666,
  "avg_point_diff": 7.733333333333333,
  "axis_stats": {
    "completeness": {
      "matched": 3,
      "score_sum": 1.0569700598716736,
      "conversation_count": 1,
      "avg_score": 0.35232335329055786
    },
    "accuracy": {
      "matched": 5,
      "score_sum": 0.498835951089859,
      "conversation_count": 1,
      "avg_score": 0.0997671902179718
    },
    "context_awareness": {
      "matched": 5,
      "score_sum": 1.7339284121990204,
      "conversation_count": 1,
      "avg_score": 0.34678568243980407
    },
    "communication_quality": {
      "matched": 0,
      "score_sum": 0.0,
      "conversation_count": 0
    },
    "instruction_following": {
      "matched": 2,
      "score_sum": 0.6197385191917419,
      "conversation_count": 1,
      "avg_score": 0.30986925959587097
    }
  }
}