{
  "conversation_id": 1252,
  "matched": 14,
  "total_reference": 14,
  "avg_score": 0.44807142857142856,
  "avg_point_diff": 5.071428571428571,
  "axis_stats": {
    "completeness": {
      "matched": 2,
      "score_sum": 0.6626026630401611,
      "conversation_count": 1,
      "avg_score": 0.33130133152008057
    },
    "accuracy": {
      "matched": 11,
      "score_sum": 5.0299423933029175,
      "conversation_count": 1,
      "avg_score": 0.4572674903002652
    },
    "context_awareness": {
      "matched": 1,
      "score_sum": 0.5799752473831177,
      "conversation_count": 1,
      "avg_score": 0.5799752473831177
    },
    "communication_quality": {
      "matched": 0,
      "score_sum": 0.0,
      "conversation_count": 0
    },
    "instruction_following": {
      "matched": 0,
      "score_sum": 0.0,
      "conversation_count": 0
    }
  }
}