{
  "conversation_id": 2697,
  "matched": 14,
  "total_reference": 14,
  "avg_score": 0.3370714285714286,
  "avg_point_diff": 5.285714285714286,
  "axis_stats": {
    "completeness": {
      "matched": 3,
      "score_sum": 1.1620693802833557,
      "conversation_count": 1,
      "avg_score": 0.3873564600944519
    },
    "accuracy": {
      "matched": 5,
      "score_sum": 0.8609590232372284,
      "conversation_count": 1,
      "avg_score": 0.17219180464744568
    },
    "context_awareness": {
      "matched": 1,
      "score_sum": 0.5402970910072327,
      "conversation_count": 1,
      "avg_score": 0.5402970910072327
    },
    "communication_quality": {
      "matched": 5,
      "score_sum": 2.1555715203285217,
      "conversation_count": 1,
      "avg_score": 0.43111430406570433
    },
    "instruction_following": {
      "matched": 0,
      "score_sum": 0.0,
      "conversation_count": 0
    }
  }
}