{
  "conversation_id": 146,
  "matched": 11,
  "total_reference": 11,
  "avg_score": 0.3173636363636364,
  "avg_point_diff": 6.7272727272727275,
  "axis_stats": {
    "completeness": {
      "matched": 4,
      "score_sum": 2.9243696331977844,
      "conversation_count": 1,
      "avg_score": 0.7310924082994461
    },
    "accuracy": {
      "matched": 5,
      "score_sum": 0.4010223150253296,
      "conversation_count": 1,
      "avg_score": 0.08020446300506592
    },
    "context_awareness": {
      "matched": 0,
      "score_sum": 0.0,
      "conversation_count": 0
    },
    "communication_quality": {
      "matched": 2,
      "score_sum": 0.16515544652938843,
      "conversation_count": 1,
      "avg_score": 0.08257772326469422
    },
    "instruction_following": {
      "matched": 0,
      "score_sum": 0.0,
      "conversation_count": 0
    }
  }
}