{
  "conversation_id": 1864,
  "matched": 14,
  "total_reference": 14,
  "avg_score": 0.5280714285714285,
  "avg_point_diff": 3.357142857142857,
  "axis_stats": {
    "completeness": {
      "matched": 2,
      "score_sum": 1.5050320625305176,
      "conversation_count": 1,
      "avg_score": 0.7525160312652588
    },
    "accuracy": {
      "matched": 5,
      "score_sum": 2.132194370031357,
      "conversation_count": 1,
      "avg_score": 0.42643887400627134
    },
    "context_awareness": {
      "matched": 5,
      "score_sum": 2.550267589092255,
      "conversation_count": 1,
      "avg_score": 0.510053517818451
    },
    "communication_quality": {
      "matched": 2,
      "score_sum": 1.2076412677764892,
      "conversation_count": 1,
      "avg_score": 0.6038206338882446
    },
    "instruction_following": {
      "matched": 0,
      "score_sum": 0.0,
      "conversation_count": 0
    }
  }
}