{
  "conversation_id": 2157,
  "matched": 14,
  "total_reference": 14,
  "avg_score": 0.2980714285714286,
  "avg_point_diff": 6.571428571428571,
  "axis_stats": {
    "completeness": {
      "matched": 4,
      "score_sum": 1.4919798970222473,
      "conversation_count": 1,
      "avg_score": 0.37299497425556183
    },
    "accuracy": {
      "matched": 7,
      "score_sum": 2.4683286249637604,
      "conversation_count": 1,
      "avg_score": 0.3526183749948229
    },
    "context_awareness": {
      "matched": 0,
      "score_sum": 0.0,
      "conversation_count": 0
    },
    "communication_quality": {
      "matched": 3,
      "score_sum": 0.21250972151756287,
      "conversation_count": 1,
      "avg_score": 0.07083657383918762
    },
    "instruction_following": {
      "matched": 0,
      "score_sum": 0.0,
      "conversation_count": 0
    }
  }
}