{
  "conversation_id": 2612,
  "matched": 11,
  "total_reference": 11,
  "avg_score": 0.5276363636363638,
  "avg_point_diff": 4.0,
  "axis_stats": {
    "completeness": {
      "matched": 1,
      "score_sum": 0.5566383838653565,
      "conversation_count": 1,
      "avg_score": 0.5566383838653565
    },
    "accuracy": {
      "matched": 2,
      "score_sum": 1.5069292783737183,
      "conversation_count": 1,
      "avg_score": 0.7534646391868591
    },
    "context_awareness": {
      "matched": 6,
      "score_sum": 3.4464274644851685,
      "conversation_count": 1,
      "avg_score": 0.5744045774141947
    },
    "communication_quality": {
      "matched": 0,
      "score_sum": 0.0,
      "conversation_count": 0
    },
    "instruction_following": {
      "matched": 2,
      "score_sum": 0.29293256998062134,
      "conversation_count": 1,
      "avg_score": 0.14646628499031067
    }
  }
}