{
  "conversation_id": 1470,
  "matched": 11,
  "total_reference": 11,
  "avg_score": 0.46018181818181814,
  "avg_point_diff": 5.181818181818182,
  "axis_stats": {
    "completeness": {
      "matched": 3,
      "score_sum": 1.9587414145469666,
      "conversation_count": 1,
      "avg_score": 0.6529138048489889
    },
    "accuracy": {
      "matched": 3,
      "score_sum": 0.17600765824317932,
      "conversation_count": 1,
      "avg_score": 0.058669219414393105
    },
    "context_awareness": {
      "matched": 5,
      "score_sum": 2.9273814857006073,
      "conversation_count": 1,
      "avg_score": 0.5854762971401215
    },
    "communication_quality": {
      "matched": 0,
      "score_sum": 0.0,
      "conversation_count": 0
    },
    "instruction_following": {
      "matched": 0,
      "score_sum": 0.0,
      "conversation_count": 0
    }
  }
}