{
  "conversation_id": 1015,
  "matched": 15,
  "total_reference": 15,
  "avg_score": 0.3929333333333333,
  "avg_point_diff": 3.6666666666666665,
  "axis_stats": {
    "completeness": {
      "matched": 11,
      "score_sum": 4.297076869010926,
      "conversation_count": 1,
      "avg_score": 0.390643351728266
    },
    "accuracy": {
      "matched": 0,
      "score_sum": 0.0,
      "conversation_count": 0
    },
    "context_awareness": {
      "matched": 3,
      "score_sum": 1.1477362155914306,
      "conversation_count": 1,
      "avg_score": 0.38257873853047686
    },
    "communication_quality": {
      "matched": 1,
      "score_sum": 0.44872814416885376,
      "conversation_count": 1,
      "avg_score": 0.44872814416885376
    },
    "instruction_following": {
      "matched": 0,
      "score_sum": 0.0,
      "conversation_count": 0
    }
  }
}