{
  "conversation_id": 2564,
  "matched": 13,
  "total_reference": 13,
  "avg_score": 0.3483076923076923,
  "avg_point_diff": 5.615384615384615,
  "axis_stats": {
    "completeness": {
      "matched": 4,
      "score_sum": 1.6828247606754303,
      "conversation_count": 1,
      "avg_score": 0.4207061901688576
    },
    "accuracy": {
      "matched": 5,
      "score_sum": 1.887917935848236,
      "conversation_count": 1,
      "avg_score": 0.37758358716964724
    },
    "context_awareness": {
      "matched": 1,
      "score_sum": 0.6082639098167419,
      "conversation_count": 1,
      "avg_score": 0.6082639098167419
    },
    "communication_quality": {
      "matched": 3,
      "score_sum": 0.34753698110580444,
      "conversation_count": 1,
      "avg_score": 0.11584566036860149
    },
    "instruction_following": {
      "matched": 0,
      "score_sum": 0.0,
      "conversation_count": 0
    }
  }
}