{
  "conversation_id": 2674,
  "matched": 11,
  "total_reference": 11,
  "avg_score": 0.17945454545454545,
  "avg_point_diff": 9.727272727272727,
  "axis_stats": {
    "completeness": {
      "matched": 2,
      "score_sum": 1.2735979557037354,
      "conversation_count": 1,
      "avg_score": 0.6367989778518677
    },
    "accuracy": {
      "matched": 8,
      "score_sum": 0.34112676978111267,
      "conversation_count": 1,
      "avg_score": 0.042640846222639084
    },
    "context_awareness": {
      "matched": 1,
      "score_sum": 0.35943838953971863,
      "conversation_count": 1,
      "avg_score": 0.35943838953971863
    },
    "communication_quality": {
      "matched": 0,
      "score_sum": 0.0,
      "conversation_count": 0
    },
    "instruction_following": {
      "matched": 0,
      "score_sum": 0.0,
      "conversation_count": 0
    }
  }
}