{
  "conversation_id": 1401,
  "matched": 13,
  "total_reference": 13,
  "avg_score": 0.25884615384615384,
  "avg_point_diff": 6.538461538461538,
  "axis_stats": {
    "completeness": {
      "matched": 9,
      "score_sum": 2.411071166396141,
      "conversation_count": 1,
      "avg_score": 0.2678967962662379
    },
    "accuracy": {
      "matched": 1,
      "score_sum": 0.2956593990325928,
      "conversation_count": 1,
      "avg_score": 0.2956593990325928
    },
    "context_awareness": {
      "matched": 1,
      "score_sum": 0.3904132843017578,
      "conversation_count": 1,
      "avg_score": 0.3904132843017578
    },
    "communication_quality": {
      "matched": 1,
      "score_sum": 0.2682536840438843,
      "conversation_count": 1,
      "avg_score": 0.2682536840438843
    },
    "instruction_following": {
      "matched": 1,
      "score_sum": 0.0,
      "conversation_count": 1,
      "avg_score": 0.0
    }
  }
}