{
  "conversation_id": 2401,
  "matched": 13,
  "total_reference": 13,
  "avg_score": 0.15153846153846154,
  "avg_point_diff": 5.6923076923076925,
  "axis_stats": {
    "completeness": {
      "matched": 4,
      "score_sum": 0.5606924295425415,
      "conversation_count": 1,
      "avg_score": 0.14017310738563538
    },
    "accuracy": {
      "matched": 4,
      "score_sum": 0.19130957126617432,
      "conversation_count": 1,
      "avg_score": 0.04782739281654358
    },
    "context_awareness": {
      "matched": 4,
      "score_sum": 0.9306055903434753,
      "conversation_count": 1,
      "avg_score": 0.23265139758586884
    },
    "communication_quality": {
      "matched": 1,
      "score_sum": 0.28798482418060306,
      "conversation_count": 1,
      "avg_score": 0.28798482418060306
    },
    "instruction_following": {
      "matched": 0,
      "score_sum": 0.0,
      "conversation_count": 0
    }
  }
}