{
  "conversation_id": 64,
  "matched": 15,
  "total_reference": 15,
  "avg_score": 0.3608666666666666,
  "avg_point_diff": 4.2,
  "axis_stats": {
    "completeness": {
      "matched": 10,
      "score_sum": 3.871356040239334,
      "conversation_count": 1,
      "avg_score": 0.38713560402393343
    },
    "accuracy": {
      "matched": 3,
      "score_sum": 0.9073881357908249,
      "conversation_count": 1,
      "avg_score": 0.30246271193027496
    },
    "context_awareness": {
      "matched": 1,
      "score_sum": 0.4860113143920899,
      "conversation_count": 1,
      "avg_score": 0.4860113143920899
    },
    "communication_quality": {
      "matched": 1,
      "score_sum": 0.14763043820858002,
      "conversation_count": 1,
      "avg_score": 0.14763043820858002
    },
    "instruction_following": {
      "matched": 0,
      "score_sum": 0.0,
      "conversation_count": 0
    }
  }
}