{
  "conversation_id": 2550,
  "matched": 11,
  "total_reference": 11,
  "avg_score": 0.3389090909090909,
  "avg_point_diff": 6.7272727272727275,
  "axis_stats": {
    "completeness": {
      "matched": 2,
      "score_sum": 0.5830520629882813,
      "conversation_count": 1,
      "avg_score": 0.29152603149414064
    },
    "accuracy": {
      "matched": 5,
      "score_sum": 1.8185137510299683,
      "conversation_count": 1,
      "avg_score": 0.36370275020599363
    },
    "context_awareness": {
      "matched": 3,
      "score_sum": 0.6419574469327927,
      "conversation_count": 1,
      "avg_score": 0.21398581564426422
    },
    "communication_quality": {
      "matched": 1,
      "score_sum": 0.6835150718688965,
      "conversation_count": 1,
      "avg_score": 0.6835150718688965
    },
    "instruction_following": {
      "matched": 0,
      "score_sum": 0.0,
      "conversation_count": 0
    }
  }
}