{
  "conversation_id": 1430,
  "matched": 15,
  "total_reference": 15,
  "avg_score": 0.25479999999999997,
  "avg_point_diff": 7.4,
  "axis_stats": {
    "completeness": {
      "matched": 4,
      "score_sum": 1.0220153033733368,
      "conversation_count": 1,
      "avg_score": 0.2555038258433342
    },
    "accuracy": {
      "matched": 5,
      "score_sum": 1.554621547460556,
      "conversation_count": 1,
      "avg_score": 0.3109243094921112
    },
    "context_awareness": {
      "matched": 4,
      "score_sum": 0.5843546986579895,
      "conversation_count": 1,
      "avg_score": 0.14608867466449738
    },
    "communication_quality": {
      "matched": 2,
      "score_sum": 0.6609652787446976,
      "conversation_count": 1,
      "avg_score": 0.3304826393723488
    },
    "instruction_following": {
      "matched": 0,
      "score_sum": 0.0,
      "conversation_count": 0
    }
  }
}