{
  "conversation_id": 2072,
  "matched": 15,
  "total_reference": 15,
  "avg_score": 0.22193333333333334,
  "avg_point_diff": 8.466666666666667,
  "axis_stats": {
    "completeness": {
      "matched": 6,
      "score_sum": 1.3003585934638977,
      "conversation_count": 1,
      "avg_score": 0.21672643224398294
    },
    "accuracy": {
      "matched": 4,
      "score_sum": 0.43081504106521606,
      "conversation_count": 1,
      "avg_score": 0.10770376026630402
    },
    "context_awareness": {
      "matched": 2,
      "score_sum": 0.34389010071754456,
      "conversation_count": 1,
      "avg_score": 0.17194505035877228
    },
    "communication_quality": {
      "matched": 3,
      "score_sum": 1.2540091276168823,
      "conversation_count": 1,
      "avg_score": 0.41800304253896076
    },
    "instruction_following": {
      "matched": 0,
      "score_sum": 0.0,
      "conversation_count": 0
    }
  }
}