{
  "conversation_id": 2554,
  "matched": 14,
  "total_reference": 14,
  "avg_score": 0.307,
  "avg_point_diff": 5.857142857142857,
  "axis_stats": {
    "completeness": {
      "matched": 5,
      "score_sum": 2.103295260667801,
      "conversation_count": 1,
      "avg_score": 0.42065905213356014
    },
    "accuracy": {
      "matched": 5,
      "score_sum": 0.6965844035148621,
      "conversation_count": 1,
      "avg_score": 0.1393168807029724
    },
    "context_awareness": {
      "matched": 1,
      "score_sum": 0.3951655626296997,
      "conversation_count": 1,
      "avg_score": 0.3951655626296997
    },
    "communication_quality": {
      "matched": 3,
      "score_sum": 1.1037226915359497,
      "conversation_count": 1,
      "avg_score": 0.3679075638453166
    },
    "instruction_following": {
      "matched": 0,
      "score_sum": 0.0,
      "conversation_count": 0
    }
  }
}