{
  "conversation_id": 1450,
  "matched": 8,
  "total_reference": 8,
  "avg_score": 0.27149999999999996,
  "avg_point_diff": 5.375,
  "axis_stats": {
    "completeness": {
      "matched": 4,
      "score_sum": 0.8002931475639343,
      "conversation_count": 1,
      "avg_score": 0.20007328689098358
    },
    "accuracy": {
      "matched": 1,
      "score_sum": 0.47408586740493774,
      "conversation_count": 1,
      "avg_score": 0.47408586740493774
    },
    "context_awareness": {
      "matched": 1,
      "score_sum": 0.357921302318573,
      "conversation_count": 1,
      "avg_score": 0.357921302318573
    },
    "communication_quality": {
      "matched": 1,
      "score_sum": 0.0,
      "conversation_count": 1,
      "avg_score": 0.0
    },
    "instruction_following": {
      "matched": 1,
      "score_sum": 0.5388240218162537,
      "conversation_count": 1,
      "avg_score": 0.5388240218162537
    }
  }
}