{
  "conversation_id": 656,
  "matched": 8,
  "total_reference": 8,
  "avg_score": 0.40800000000000003,
  "avg_point_diff": 3.875,
  "axis_stats": {
    "completeness": {
      "matched": 4,
      "score_sum": 2.5282270908355713,
      "conversation_count": 1,
      "avg_score": 0.6320567727088928
    },
    "accuracy": {
      "matched": 2,
      "score_sum": 0.37551982402801515,
      "conversation_count": 1,
      "avg_score": 0.18775991201400757
    },
    "context_awareness": {
      "matched": 0,
      "score_sum": 0.0,
      "conversation_count": 0
    },
    "communication_quality": {
      "matched": 1,
      "score_sum": 0.2983585000038147,
      "conversation_count": 1,
      "avg_score": 0.2983585000038147
    },
    "instruction_following": {
      "matched": 1,
      "score_sum": 0.06190837547183037,
      "conversation_count": 1,
      "avg_score": 0.06190837547183037
    }
  }
}