{
  "conversation_id": 213,
  "matched": 11,
  "total_reference": 11,
  "avg_score": 0.32181818181818184,
  "avg_point_diff": 6.909090909090909,
  "axis_stats": {
    "completeness": {
      "matched": 5,
      "score_sum": 1.6088350117206573,
      "conversation_count": 1,
      "avg_score": 0.32176700234413147
    },
    "accuracy": {
      "matched": 2,
      "score_sum": 0.3488515019416809,
      "conversation_count": 1,
      "avg_score": 0.17442575097084045
    },
    "context_awareness": {
      "matched": 2,
      "score_sum": 1.0858643054962158,
      "conversation_count": 1,
      "avg_score": 0.5429321527481079
    },
    "communication_quality": {
      "matched": 2,
      "score_sum": 0.4971858561038971,
      "conversation_count": 1,
      "avg_score": 0.24859292805194855
    },
    "instruction_following": {
      "matched": 0,
      "score_sum": 0.0,
      "conversation_count": 0
    }
  }
}