{
  "conversation_id": 1650,
  "matched": 12,
  "total_reference": 12,
  "avg_score": 0.2010833333333333,
  "avg_point_diff": 7.5,
  "axis_stats": {
    "completeness": {
      "matched": 2,
      "score_sum": 0.14726611971855164,
      "conversation_count": 1,
      "avg_score": 0.07363305985927582
    },
    "accuracy": {
      "matched": 3,
      "score_sum": 0.6235461831092834,
      "conversation_count": 1,
      "avg_score": 0.20784872770309448
    },
    "context_awareness": {
      "matched": 5,
      "score_sum": 0.6661238819360733,
      "conversation_count": 1,
      "avg_score": 0.13322477638721467
    },
    "communication_quality": {
      "matched": 1,
      "score_sum": 0.9773571491241455,
      "conversation_count": 1,
      "avg_score": 0.9773571491241455
    },
    "instruction_following": {
      "matched": 1,
      "score_sum": 0.0,
      "conversation_count": 1,
      "avg_score": 0.0
    }
  }
}