{
  "conversation_id": 357,
  "matched": 13,
  "total_reference": 13,
  "avg_score": 0.3073076923076923,
  "avg_point_diff": 4.384615384615385,
  "axis_stats": {
    "completeness": {
      "matched": 2,
      "score_sum": 0.5401507616043091,
      "conversation_count": 1,
      "avg_score": 0.27007538080215454
    },
    "accuracy": {
      "matched": 7,
      "score_sum": 2.723054051399231,
      "conversation_count": 1,
      "avg_score": 0.3890077216284616
    },
    "context_awareness": {
      "matched": 0,
      "score_sum": 0.0,
      "conversation_count": 0
    },
    "communication_quality": {
      "matched": 3,
      "score_sum": 0.27527618408203125,
      "conversation_count": 1,
      "avg_score": 0.09175872802734375
    },
    "instruction_following": {
      "matched": 1,
      "score_sum": 0.4574891090393067,
      "conversation_count": 1,
      "avg_score": 0.4574891090393067
    }
  }
}