{
  "conversation_id": 1629,
  "matched": 13,
  "total_reference": 13,
  "avg_score": 0.18923076923076923,
  "avg_point_diff": 7.153846153846154,
  "axis_stats": {
    "completeness": {
      "matched": 4,
      "score_sum": 0.1448352187871933,
      "conversation_count": 1,
      "avg_score": 0.036208804696798325
    },
    "accuracy": {
      "matched": 6,
      "score_sum": 1.0203978568315506,
      "conversation_count": 1,
      "avg_score": 0.1700663094719251
    },
    "context_awareness": {
      "matched": 1,
      "score_sum": 0.4991750717163086,
      "conversation_count": 1,
      "avg_score": 0.4991750717163086
    },
    "communication_quality": {
      "matched": 0,
      "score_sum": 0.0,
      "conversation_count": 0
    },
    "instruction_following": {
      "matched": 2,
      "score_sum": 0.796055257320404,
      "conversation_count": 1,
      "avg_score": 0.398027628660202
    }
  }
}