{
  "conversation_id": 2442,
  "matched": 9,
  "total_reference": 9,
  "avg_score": 0.4146666666666667,
  "avg_point_diff": 3.6666666666666665,
  "axis_stats": {
    "completeness": {
      "matched": 1,
      "score_sum": 0.5988569855690002,
      "conversation_count": 1,
      "avg_score": 0.5988569855690002
    },
    "accuracy": {
      "matched": 3,
      "score_sum": 0.7826640009880066,
      "conversation_count": 1,
      "avg_score": 0.2608880003293355
    },
    "context_awareness": {
      "matched": 3,
      "score_sum": 1.5827039599418642,
      "conversation_count": 1,
      "avg_score": 0.5275679866472881
    },
    "communication_quality": {
      "matched": 1,
      "score_sum": 0.4003159999847412,
      "conversation_count": 1,
      "avg_score": 0.4003159999847412
    },
    "instruction_following": {
      "matched": 1,
      "score_sum": 0.3682650327682495,
      "conversation_count": 1,
      "avg_score": 0.3682650327682495
    }
  }
}