{
  "conversation_id": 1636,
  "matched": 14,
  "total_reference": 14,
  "avg_score": 0.36978571428571433,
  "avg_point_diff": 4.142857142857143,
  "axis_stats": {
    "completeness": {
      "matched": 10,
      "score_sum": 3.046773898601532,
      "conversation_count": 1,
      "avg_score": 0.3046773898601532
    },
    "accuracy": {
      "matched": 1,
      "score_sum": 0.48385870456695557,
      "conversation_count": 1,
      "avg_score": 0.48385870456695557
    },
    "context_awareness": {
      "matched": 2,
      "score_sum": 0.8541064560413361,
      "conversation_count": 1,
      "avg_score": 0.42705322802066803
    },
    "communication_quality": {
      "matched": 1,
      "score_sum": 0.7919129133224487,
      "conversation_count": 1,
      "avg_score": 0.7919129133224487
    },
    "instruction_following": {
      "matched": 0,
      "score_sum": 0.0,
      "conversation_count": 0
    }
  }
}