{
  "conversation_id": 1736,
  "matched": 12,
  "total_reference": 12,
  "avg_score": 0.3975833333333334,
  "avg_point_diff": 3.25,
  "axis_stats": {
    "completeness": {
      "matched": 3,
      "score_sum": 1.2915171802043914,
      "conversation_count": 1,
      "avg_score": 0.43050572673479715
    },
    "accuracy": {
      "matched": 6,
      "score_sum": 2.5844640135765076,
      "conversation_count": 1,
      "avg_score": 0.4307440022627513
    },
    "context_awareness": {
      "matched": 1,
      "score_sum": 0.4681890606880188,
      "conversation_count": 1,
      "avg_score": 0.4681890606880188
    },
    "communication_quality": {
      "matched": 0,
      "score_sum": 0.0,
      "conversation_count": 0
    },
    "instruction_following": {
      "matched": 2,
      "score_sum": 0.42793428897857666,
      "conversation_count": 1,
      "avg_score": 0.21396714448928833
    }
  }
}