{
  "conversation_id": 1179,
  "matched": 15,
  "total_reference": 15,
  "avg_score": 0.3385999999999999,
  "avg_point_diff": 7.0,
  "axis_stats": {
    "completeness": {
      "matched": 7,
      "score_sum": 2.7191004753112793,
      "conversation_count": 1,
      "avg_score": 0.3884429250444685
    },
    "accuracy": {
      "matched": 3,
      "score_sum": 0.6282468140125275,
      "conversation_count": 1,
      "avg_score": 0.2094156046708425
    },
    "context_awareness": {
      "matched": 4,
      "score_sum": 1.0801685452461243,
      "conversation_count": 1,
      "avg_score": 0.27004213631153107
    },
    "communication_quality": {
      "matched": 0,
      "score_sum": 0.0,
      "conversation_count": 0
    },
    "instruction_following": {
      "matched": 1,
      "score_sum": 0.6519017219543457,
      "conversation_count": 1,
      "avg_score": 0.6519017219543457
    }
  }
}