{
  "conversation_id": 2638,
  "matched": 14,
  "total_reference": 14,
  "avg_score": 0.31192857142857144,
  "avg_point_diff": 6.785714285714286,
  "axis_stats": {
    "completeness": {
      "matched": 6,
      "score_sum": 1.2493780851364136,
      "conversation_count": 1,
      "avg_score": 0.20822968085606894
    },
    "accuracy": {
      "matched": 3,
      "score_sum": 1.8131020665168762,
      "conversation_count": 1,
      "avg_score": 0.6043673555056254
    },
    "context_awareness": {
      "matched": 3,
      "score_sum": 0.37526604533195496,
      "conversation_count": 1,
      "avg_score": 0.12508868177731833
    },
    "communication_quality": {
      "matched": 2,
      "score_sum": 0.9294085502624512,
      "conversation_count": 1,
      "avg_score": 0.4647042751312256
    },
    "instruction_following": {
      "matched": 0,
      "score_sum": 0.0,
      "conversation_count": 0
    }
  }
}