{
  "conversation_id": 1453,
  "matched": 11,
  "total_reference": 11,
  "avg_score": 0.3356363636363637,
  "avg_point_diff": 4.363636363636363,
  "axis_stats": {
    "completeness": {
      "matched": 0,
      "score_sum": 0.0,
      "conversation_count": 0
    },
    "accuracy": {
      "matched": 2,
      "score_sum": 0.4402414560317993,
      "conversation_count": 1,
      "avg_score": 0.22012072801589966
    },
    "context_awareness": {
      "matched": 7,
      "score_sum": 2.2762551188468936,
      "conversation_count": 1,
      "avg_score": 0.32517930269241335
    },
    "communication_quality": {
      "matched": 2,
      "score_sum": 0.9773571491241455,
      "conversation_count": 1,
      "avg_score": 0.48867857456207275
    },
    "instruction_following": {
      "matched": 0,
      "score_sum": 0.0,
      "conversation_count": 0
    }
  }
}