{
  "conversation_id": 2437,
  "matched": 13,
  "total_reference": 13,
  "avg_score": 0.3442307692307693,
  "avg_point_diff": 4.769230769230769,
  "axis_stats": {
    "completeness": {
      "matched": 4,
      "score_sum": 1.5517572462558746,
      "conversation_count": 1,
      "avg_score": 0.38793931156396866
    },
    "accuracy": {
      "matched": 2,
      "score_sum": 0.7894740104675293,
      "conversation_count": 1,
      "avg_score": 0.39473700523376465
    },
    "context_awareness": {
      "matched": 4,
      "score_sum": 1.415610909461975,
      "conversation_count": 1,
      "avg_score": 0.3539027273654938
    },
    "communication_quality": {
      "matched": 0,
      "score_sum": 0.0,
      "conversation_count": 0
    },
    "instruction_following": {
      "matched": 3,
      "score_sum": 0.7185042202472687,
      "conversation_count": 1,
      "avg_score": 0.23950140674908957
    }
  }
}