{
  "conversation_id": 1985,
  "matched": 13,
  "total_reference": 13,
  "avg_score": 0.27676923076923077,
  "avg_point_diff": 5.6923076923076925,
  "axis_stats": {
    "completeness": {
      "matched": 9,
      "score_sum": 2.1546814680099486,
      "conversation_count": 1,
      "avg_score": 0.2394090520011054
    },
    "accuracy": {
      "matched": 1,
      "score_sum": 0.6220588684082031,
      "conversation_count": 1,
      "avg_score": 0.6220588684082031
    },
    "context_awareness": {
      "matched": 3,
      "score_sum": 0.8202728927135468,
      "conversation_count": 1,
      "avg_score": 0.27342429757118225
    },
    "communication_quality": {
      "matched": 0,
      "score_sum": 0.0,
      "conversation_count": 0
    },
    "instruction_following": {
      "matched": 0,
      "score_sum": 0.0,
      "conversation_count": 0
    }
  }
}