{
  "conversation_id": 2267,
  "matched": 9,
  "total_reference": 9,
  "avg_score": 0.3214444444444444,
  "avg_point_diff": 6.666666666666667,
  "axis_stats": {
    "completeness": {
      "matched": 1,
      "score_sum": 0.6489816188812256,
      "conversation_count": 1,
      "avg_score": 0.6489816188812256
    },
    "accuracy": {
      "matched": 5,
      "score_sum": 0.9563058316707611,
      "conversation_count": 1,
      "avg_score": 0.19126116633415222
    },
    "context_awareness": {
      "matched": 2,
      "score_sum": 0.9787177085876465,
      "conversation_count": 1,
      "avg_score": 0.48935885429382325
    },
    "communication_quality": {
      "matched": 1,
      "score_sum": 0.3086622357368469,
      "conversation_count": 1,
      "avg_score": 0.3086622357368469
    },
    "instruction_following": {
      "matched": 0,
      "score_sum": 0.0,
      "conversation_count": 0
    }
  }
}