{
  "conversation_id": 1161,
  "matched": 8,
  "total_reference": 8,
  "avg_score": 0.373,
  "avg_point_diff": 3.625,
  "axis_stats": {
    "completeness": {
      "matched": 2,
      "score_sum": 1.151355266571045,
      "conversation_count": 1,
      "avg_score": 0.5756776332855225
    },
    "accuracy": {
      "matched": 2,
      "score_sum": 0.3989911675453186,
      "conversation_count": 1,
      "avg_score": 0.1994955837726593
    },
    "context_awareness": {
      "matched": 1,
      "score_sum": 0.6500159502029419,
      "conversation_count": 1,
      "avg_score": 0.6500159502029419
    },
    "communication_quality": {
      "matched": 2,
      "score_sum": 0.39623725414276123,
      "conversation_count": 1,
      "avg_score": 0.19811862707138062
    },
    "instruction_following": {
      "matched": 1,
      "score_sum": 0.3868873119354248,
      "conversation_count": 1,
      "avg_score": 0.3868873119354248
    }
  }
}