{
  "conversation_id": 1659,
  "matched": 15,
  "total_reference": 15,
  "avg_score": 0.24566666666666667,
  "avg_point_diff": 6.466666666666667,
  "axis_stats": {
    "completeness": {
      "matched": 8,
      "score_sum": 2.088062429428101,
      "conversation_count": 1,
      "avg_score": 0.2610078036785126
    },
    "accuracy": {
      "matched": 5,
      "score_sum": 0.8068552970886231,
      "conversation_count": 1,
      "avg_score": 0.16137105941772462
    },
    "context_awareness": {
      "matched": 1,
      "score_sum": 0.38593974709510803,
      "conversation_count": 1,
      "avg_score": 0.38593974709510803
    },
    "communication_quality": {
      "matched": 1,
      "score_sum": 0.40315860509872437,
      "conversation_count": 1,
      "avg_score": 0.40315860509872437
    },
    "instruction_following": {
      "matched": 0,
      "score_sum": 0.0,
      "conversation_count": 0
    }
  }
}