{
  "conversation_id": 282,
  "matched": 13,
  "total_reference": 13,
  "avg_score": 0.2946153846153846,
  "avg_point_diff": 7.230769230769231,
  "axis_stats": {
    "completeness": {
      "matched": 4,
      "score_sum": 2.093032658100128,
      "conversation_count": 1,
      "avg_score": 0.523258164525032
    },
    "accuracy": {
      "matched": 2,
      "score_sum": 0.0,
      "conversation_count": 1,
      "avg_score": 0.0
    },
    "context_awareness": {
      "matched": 4,
      "score_sum": 0.9235460162162781,
      "conversation_count": 1,
      "avg_score": 0.23088650405406952
    },
    "communication_quality": {
      "matched": 1,
      "score_sum": 0.4454900622367859,
      "conversation_count": 1,
      "avg_score": 0.4454900622367859
    },
    "instruction_following": {
      "matched": 2,
      "score_sum": 0.36876875162124634,
      "conversation_count": 1,
      "avg_score": 0.18438437581062317
    }
  }
}