{
  "conversation_id": 1388,
  "matched": 13,
  "total_reference": 13,
  "avg_score": 0.3173076923076923,
  "avg_point_diff": 6.076923076923077,
  "axis_stats": {
    "completeness": {
      "matched": 4,
      "score_sum": 0.7333724498748779,
      "conversation_count": 1,
      "avg_score": 0.18334311246871948
    },
    "accuracy": {
      "matched": 5,
      "score_sum": 1.321583753824234,
      "conversation_count": 1,
      "avg_score": 0.26431675076484684
    },
    "context_awareness": {
      "matched": 0,
      "score_sum": 0.0,
      "conversation_count": 0
    },
    "communication_quality": {
      "matched": 1,
      "score_sum": 0.2741207778453827,
      "conversation_count": 1,
      "avg_score": 0.2741207778453827
    },
    "instruction_following": {
      "matched": 3,
      "score_sum": 1.7966426610946655,
      "conversation_count": 1,
      "avg_score": 0.5988808870315552
    }
  }
}