{
  "conversation_id": 678,
  "matched": 11,
  "total_reference": 11,
  "avg_score": 0.35281818181818186,
  "avg_point_diff": 5.0,
  "axis_stats": {
    "completeness": {
      "matched": 2,
      "score_sum": 0.9895337820053101,
      "conversation_count": 1,
      "avg_score": 0.49476689100265503
    },
    "accuracy": {
      "matched": 5,
      "score_sum": 1.3449543714523315,
      "conversation_count": 1,
      "avg_score": 0.2689908742904663
    },
    "context_awareness": {
      "matched": 0,
      "score_sum": 0.0,
      "conversation_count": 0
    },
    "communication_quality": {
      "matched": 1,
      "score_sum": 0.4709191918373108,
      "conversation_count": 1,
      "avg_score": 0.4709191918373108
    },
    "instruction_following": {
      "matched": 3,
      "score_sum": 1.0762569308280945,
      "conversation_count": 1,
      "avg_score": 0.3587523102760315
    }
  }
}