{
  "conversation_id": 1902,
  "matched": 12,
  "total_reference": 12,
  "avg_score": 0.29558333333333336,
  "avg_point_diff": 4.833333333333333,
  "axis_stats": {
    "completeness": {
      "matched": 4,
      "score_sum": 1.1944423913955688,
      "conversation_count": 1,
      "avg_score": 0.2986105978488922
    },
    "accuracy": {
      "matched": 3,
      "score_sum": 1.0203849077224731,
      "conversation_count": 1,
      "avg_score": 0.3401283025741577
    },
    "context_awareness": {
      "matched": 1,
      "score_sum": 0.5176686644554138,
      "conversation_count": 1,
      "avg_score": 0.5176686644554138
    },
    "communication_quality": {
      "matched": 3,
      "score_sum": 0.5359399318695068,
      "conversation_count": 1,
      "avg_score": 0.1786466439565023
    },
    "instruction_following": {
      "matched": 1,
      "score_sum": 0.27707934379577637,
      "conversation_count": 1,
      "avg_score": 0.27707934379577637
    }
  }
}