{
  "conversation_id": 1573,
  "matched": 11,
  "total_reference": 11,
  "avg_score": 0.21009090909090908,
  "avg_point_diff": 7.2727272727272725,
  "axis_stats": {
    "completeness": {
      "matched": 1,
      "score_sum": 0.3025984764099121,
      "conversation_count": 1,
      "avg_score": 0.3025984764099121
    },
    "accuracy": {
      "matched": 9,
      "score_sum": 1.7272299230098724,
      "conversation_count": 1,
      "avg_score": 0.19191443588998583
    },
    "context_awareness": {
      "matched": 1,
      "score_sum": 0.2808648645877838,
      "conversation_count": 1,
      "avg_score": 0.2808648645877838
    },
    "communication_quality": {
      "matched": 0,
      "score_sum": 0.0,
      "conversation_count": 0
    },
    "instruction_following": {
      "matched": 0,
      "score_sum": 0.0,
      "conversation_count": 0
    }
  }
}