{
  "conversation_id": 1851,
  "matched": 12,
  "total_reference": 12,
  "avg_score": 0.3204166666666667,
  "avg_point_diff": 6.666666666666667,
  "axis_stats": {
    "completeness": {
      "matched": 7,
      "score_sum": 3.171092039346695,
      "conversation_count": 1,
      "avg_score": 0.4530131484780993
    },
    "accuracy": {
      "matched": 3,
      "score_sum": 0.3393256664276123,
      "conversation_count": 1,
      "avg_score": 0.11310855547587077
    },
    "context_awareness": {
      "matched": 1,
      "score_sum": 0.1787181794643402,
      "conversation_count": 1,
      "avg_score": 0.1787181794643402
    },
    "communication_quality": {
      "matched": 1,
      "score_sum": 0.15621766448020935,
      "conversation_count": 1,
      "avg_score": 0.15621766448020935
    },
    "instruction_following": {
      "matched": 0,
      "score_sum": 0.0,
      "conversation_count": 0
    }
  }
}