{
  "conversation_id": 1609,
  "matched": 10,
  "total_reference": 10,
  "avg_score": 0.23200000000000004,
  "avg_point_diff": 7.8,
  "axis_stats": {
    "completeness": {
      "matched": 4,
      "score_sum": 1.0765042901039124,
      "conversation_count": 1,
      "avg_score": 0.2691260725259781
    },
    "accuracy": {
      "matched": 3,
      "score_sum": 0.40437546372413635,
      "conversation_count": 1,
      "avg_score": 0.13479182124137878
    },
    "context_awareness": {
      "matched": 2,
      "score_sum": 0.41389262676239014,
      "conversation_count": 1,
      "avg_score": 0.20694631338119507
    },
    "communication_quality": {
      "matched": 1,
      "score_sum": 0.42541141510009767,
      "conversation_count": 1,
      "avg_score": 0.42541141510009767
    },
    "instruction_following": {
      "matched": 0,
      "score_sum": 0.0,
      "conversation_count": 0
    }
  }
}