{
  "conversation_id": 445,
  "matched": 15,
  "total_reference": 15,
  "avg_score": 0.36406666666666665,
  "avg_point_diff": 7.6,
  "axis_stats": {
    "completeness": {
      "matched": 9,
      "score_sum": 3.6988353431224823,
      "conversation_count": 1,
      "avg_score": 0.4109817047913869
    },
    "accuracy": {
      "matched": 3,
      "score_sum": 0.8217504620552063,
      "conversation_count": 1,
      "avg_score": 0.2739168206850688
    },
    "context_awareness": {
      "matched": 2,
      "score_sum": 0.6490668058395386,
      "conversation_count": 1,
      "avg_score": 0.3245334029197693
    },
    "communication_quality": {
      "matched": 1,
      "score_sum": 0.29102087020874023,
      "conversation_count": 1,
      "avg_score": 0.29102087020874023
    },
    "instruction_following": {
      "matched": 0,
      "score_sum": 0.0,
      "conversation_count": 0
    }
  }
}