{
  "conversation_id": 235,
  "matched": 15,
  "total_reference": 15,
  "avg_score": 0.1804666666666667,
  "avg_point_diff": 6.666666666666667,
  "axis_stats": {
    "completeness": {
      "matched": 7,
      "score_sum": 1.404704064130783,
      "conversation_count": 1,
      "avg_score": 0.20067200916154043
    },
    "accuracy": {
      "matched": 3,
      "score_sum": 0.28980129957199097,
      "conversation_count": 1,
      "avg_score": 0.09660043319066365
    },
    "context_awareness": {
      "matched": 1,
      "score_sum": 0.47490012645721436,
      "conversation_count": 1,
      "avg_score": 0.47490012645721436
    },
    "communication_quality": {
      "matched": 4,
      "score_sum": 0.5375243425369263,
      "conversation_count": 1,
      "avg_score": 0.13438108563423157
    },
    "instruction_following": {
      "matched": 0,
      "score_sum": 0.0,
      "conversation_count": 0
    }
  }
}