{
  "conversation_id": 1357,
  "matched": 15,
  "total_reference": 15,
  "avg_score": 0.32273333333333337,
  "avg_point_diff": 6.866666666666666,
  "axis_stats": {
    "completeness": {
      "matched": 9,
      "score_sum": 2.8350343704223633,
      "conversation_count": 1,
      "avg_score": 0.31500381893581814
    },
    "accuracy": {
      "matched": 2,
      "score_sum": 1.0209291279315948,
      "conversation_count": 1,
      "avg_score": 0.5104645639657974
    },
    "context_awareness": {
      "matched": 1,
      "score_sum": 0.6187435150146485,
      "conversation_count": 1,
      "avg_score": 0.6187435150146485
    },
    "communication_quality": {
      "matched": 3,
      "score_sum": 0.36599817872047424,
      "conversation_count": 1,
      "avg_score": 0.12199939290682475
    },
    "instruction_following": {
      "matched": 0,
      "score_sum": 0.0,
      "conversation_count": 0
    }
  }
}