{
  "conversation_id": 438,
  "matched": 11,
  "total_reference": 11,
  "avg_score": 0.5499090909090909,
  "avg_point_diff": 3.8181818181818183,
  "axis_stats": {
    "completeness": {
      "matched": 2,
      "score_sum": 1.617113173007965,
      "conversation_count": 1,
      "avg_score": 0.8085565865039825
    },
    "accuracy": {
      "matched": 6,
      "score_sum": 2.0285717844963074,
      "conversation_count": 1,
      "avg_score": 0.3380952974160512
    },
    "context_awareness": {
      "matched": 2,
      "score_sum": 1.5048952102661133,
      "conversation_count": 1,
      "avg_score": 0.7524476051330566
    },
    "communication_quality": {
      "matched": 1,
      "score_sum": 0.8992847800254822,
      "conversation_count": 1,
      "avg_score": 0.8992847800254822
    },
    "instruction_following": {
      "matched": 0,
      "score_sum": 0.0,
      "conversation_count": 0
    }
  }
}