{
  "conversation_id": 2453,
  "matched": 12,
  "total_reference": 12,
  "avg_score": 0.3760833333333334,
  "avg_point_diff": 5.583333333333333,
  "axis_stats": {
    "completeness": {
      "matched": 6,
      "score_sum": 2.5207873582839966,
      "conversation_count": 1,
      "avg_score": 0.4201312263806661
    },
    "accuracy": {
      "matched": 3,
      "score_sum": 0.924470841884613,
      "conversation_count": 1,
      "avg_score": 0.30815694729487103
    },
    "context_awareness": {
      "matched": 2,
      "score_sum": 0.6376445293426514,
      "conversation_count": 1,
      "avg_score": 0.3188222646713257
    },
    "communication_quality": {
      "matched": 1,
      "score_sum": 0.429191917181015,
      "conversation_count": 1,
      "avg_score": 0.429191917181015
    },
    "instruction_following": {
      "matched": 0,
      "score_sum": 0.0,
      "conversation_count": 0
    }
  }
}