{
  "conversation_id": 1963,
  "matched": 11,
  "total_reference": 11,
  "avg_score": 0.2962727272727273,
  "avg_point_diff": 6.818181818181818,
  "axis_stats": {
    "completeness": {
      "matched": 5,
      "score_sum": 1.6358762741088868,
      "conversation_count": 1,
      "avg_score": 0.32717525482177734
    },
    "accuracy": {
      "matched": 3,
      "score_sum": 0.6629990339279175,
      "conversation_count": 1,
      "avg_score": 0.2209996779759725
    },
    "context_awareness": {
      "matched": 1,
      "score_sum": 0.5277990698814392,
      "conversation_count": 1,
      "avg_score": 0.5277990698814392
    },
    "communication_quality": {
      "matched": 1,
      "score_sum": 0.43227964639663696,
      "conversation_count": 1,
      "avg_score": 0.43227964639663696
    },
    "instruction_following": {
      "matched": 1,
      "score_sum": 0.0,
      "conversation_count": 1,
      "avg_score": 0.0
    }
  }
}