{
  "conversation_id": 419,
  "matched": 10,
  "total_reference": 10,
  "avg_score": 0.44140000000000007,
  "avg_point_diff": 5.4,
  "axis_stats": {
    "completeness": {
      "matched": 1,
      "score_sum": 0.8790851831436157,
      "conversation_count": 1,
      "avg_score": 0.8790851831436157
    },
    "accuracy": {
      "matched": 4,
      "score_sum": 1.2930423021316528,
      "conversation_count": 1,
      "avg_score": 0.3232605755329132
    },
    "context_awareness": {
      "matched": 3,
      "score_sum": 1.7153136134147644,
      "conversation_count": 1,
      "avg_score": 0.5717712044715881
    },
    "communication_quality": {
      "matched": 1,
      "score_sum": 0.275346577167511,
      "conversation_count": 1,
      "avg_score": 0.275346577167511
    },
    "instruction_following": {
      "matched": 1,
      "score_sum": 0.2505819797515869,
      "conversation_count": 1,
      "avg_score": 0.2505819797515869
    }
  }
}