{
  "conversation_id": 1444,
  "matched": 14,
  "total_reference": 14,
  "avg_score": 0.4203571428571428,
  "avg_point_diff": 4.785714285714286,
  "axis_stats": {
    "completeness": {
      "matched": 10,
      "score_sum": 5.1866160273551944,
      "conversation_count": 1,
      "avg_score": 0.5186616027355194
    },
    "accuracy": {
      "matched": 2,
      "score_sum": 0.3059728145599365,
      "conversation_count": 1,
      "avg_score": 0.15298640727996826
    },
    "context_awareness": {
      "matched": 0,
      "score_sum": 0.0,
      "conversation_count": 0
    },
    "communication_quality": {
      "matched": 2,
      "score_sum": 0.3934193551540375,
      "conversation_count": 1,
      "avg_score": 0.19670967757701874
    },
    "instruction_following": {
      "matched": 0,
      "score_sum": 0.0,
      "conversation_count": 0
    }
  }
}