{
  "conversation_id": 925,
  "matched": 15,
  "total_reference": 15,
  "avg_score": 0.49759999999999993,
  "avg_point_diff": 2.2,
  "axis_stats": {
    "completeness": {
      "matched": 2,
      "score_sum": 1.2094165682792664,
      "conversation_count": 1,
      "avg_score": 0.6047082841396332
    },
    "accuracy": {
      "matched": 7,
      "score_sum": 4.538109540939331,
      "conversation_count": 1,
      "avg_score": 0.648301362991333
    },
    "context_awareness": {
      "matched": 1,
      "score_sum": 0.0,
      "conversation_count": 1,
      "avg_score": 0.0
    },
    "communication_quality": {
      "matched": 4,
      "score_sum": 1.31144979596138,
      "conversation_count": 1,
      "avg_score": 0.327862448990345
    },
    "instruction_following": {
      "matched": 1,
      "score_sum": 0.40499016642570496,
      "conversation_count": 1,
      "avg_score": 0.40499016642570496
    }
  }
}