{
  "conversation_id": 351,
  "matched": 13,
  "total_reference": 13,
  "avg_score": 0.28153846153846157,
  "avg_point_diff": 7.230769230769231,
  "axis_stats": {
    "completeness": {
      "matched": 2,
      "score_sum": 0.5984146595001221,
      "conversation_count": 1,
      "avg_score": 0.29920732975006104
    },
    "accuracy": {
      "matched": 5,
      "score_sum": 0.4184379577636719,
      "conversation_count": 1,
      "avg_score": 0.08368759155273438
    },
    "context_awareness": {
      "matched": 0,
      "score_sum": 0.0,
      "conversation_count": 0
    },
    "communication_quality": {
      "matched": 5,
      "score_sum": 2.3071420907974245,
      "conversation_count": 1,
      "avg_score": 0.4614284181594849
    },
    "instruction_following": {
      "matched": 1,
      "score_sum": 0.33603203296661377,
      "conversation_count": 1,
      "avg_score": 0.33603203296661377
    }
  }
}