{
  "conversation_id": 2217,
  "matched": 13,
  "total_reference": 13,
  "avg_score": 0.2250769230769231,
  "avg_point_diff": 4.3076923076923075,
  "axis_stats": {
    "completeness": {
      "matched": 5,
      "score_sum": 0.9758490473031998,
      "conversation_count": 1,
      "avg_score": 0.19516980946063994
    },
    "accuracy": {
      "matched": 6,
      "score_sum": 1.3681859821081161,
      "conversation_count": 1,
      "avg_score": 0.22803099701801935
    },
    "context_awareness": {
      "matched": 2,
      "score_sum": 0.5840160846710205,
      "conversation_count": 1,
      "avg_score": 0.29200804233551025
    },
    "communication_quality": {
      "matched": 0,
      "score_sum": 0.0,
      "conversation_count": 0
    },
    "instruction_following": {
      "matched": 0,
      "score_sum": 0.0,
      "conversation_count": 0
    }
  }
}