{
  "conversation_id": 1529,
  "matched": 11,
  "total_reference": 11,
  "avg_score": 0.3598181818181818,
  "avg_point_diff": 5.090909090909091,
  "axis_stats": {
    "completeness": {
      "matched": 3,
      "score_sum": 1.1004654169082642,
      "conversation_count": 1,
      "avg_score": 0.36682180563608807
    },
    "accuracy": {
      "matched": 4,
      "score_sum": 1.0656287670135498,
      "conversation_count": 1,
      "avg_score": 0.26640719175338745
    },
    "context_awareness": {
      "matched": 2,
      "score_sum": 1.0517432987689972,
      "conversation_count": 1,
      "avg_score": 0.5258716493844986
    },
    "communication_quality": {
      "matched": 0,
      "score_sum": 0.0,
      "conversation_count": 0
    },
    "instruction_following": {
      "matched": 2,
      "score_sum": 0.7397126257419586,
      "conversation_count": 1,
      "avg_score": 0.3698563128709793
    }
  }
}