{
  "conversation_id": 111,
  "matched": 9,
  "total_reference": 9,
  "avg_score": 0.39722222222222225,
  "avg_point_diff": 5.111111111111111,
  "axis_stats": {
    "completeness": {
      "matched": 2,
      "score_sum": 1.4046424627304077,
      "conversation_count": 1,
      "avg_score": 0.7023212313652039
    },
    "accuracy": {
      "matched": 3,
      "score_sum": 1.0180124342441559,
      "conversation_count": 1,
      "avg_score": 0.3393374780813853
    },
    "context_awareness": {
      "matched": 0,
      "score_sum": 0.0,
      "conversation_count": 0
    },
    "communication_quality": {
      "matched": 1,
      "score_sum": 0.8085724115371704,
      "conversation_count": 1,
      "avg_score": 0.8085724115371704
    },
    "instruction_following": {
      "matched": 3,
      "score_sum": 0.3430899679660797,
      "conversation_count": 1,
      "avg_score": 0.11436332265535991
    }
  }
}