{
  "conversation_id": 2537,
  "matched": 9,
  "total_reference": 9,
  "avg_score": 0.16277777777777777,
  "avg_point_diff": 10.444444444444445,
  "axis_stats": {
    "completeness": {
      "matched": 3,
      "score_sum": 0.36547374725341797,
      "conversation_count": 1,
      "avg_score": 0.12182458241780598
    },
    "accuracy": {
      "matched": 5,
      "score_sum": 0.5653931498527527,
      "conversation_count": 1,
      "avg_score": 0.11307862997055054
    },
    "context_awareness": {
      "matched": 0,
      "score_sum": 0.0,
      "conversation_count": 0
    },
    "communication_quality": {
      "matched": 1,
      "score_sum": 0.5354098081588745,
      "conversation_count": 1,
      "avg_score": 0.5354098081588745
    },
    "instruction_following": {
      "matched": 0,
      "score_sum": 0.0,
      "conversation_count": 0
    }
  }
}