{
  "conversation_id": 2080,
  "matched": 13,
  "total_reference": 13,
  "avg_score": 0.23969230769230768,
  "avg_point_diff": 5.3076923076923075,
  "axis_stats": {
    "completeness": {
      "matched": 3,
      "score_sum": 0.8901522755622864,
      "conversation_count": 1,
      "avg_score": 0.2967174251874288
    },
    "accuracy": {
      "matched": 5,
      "score_sum": 1.232823595404625,
      "conversation_count": 1,
      "avg_score": 0.24656471908092498
    },
    "context_awareness": {
      "matched": 1,
      "score_sum": 0.0,
      "conversation_count": 1,
      "avg_score": 0.0
    },
    "communication_quality": {
      "matched": 2,
      "score_sum": 0.5420490294694901,
      "conversation_count": 1,
      "avg_score": 0.27102451473474504
    },
    "instruction_following": {
      "matched": 2,
      "score_sum": 0.4501674056053162,
      "conversation_count": 1,
      "avg_score": 0.2250837028026581
    }
  }
}