{
  "conversation_id": 405,
  "matched": 14,
  "total_reference": 14,
  "avg_score": 0.35092857142857137,
  "avg_point_diff": 3.0,
  "axis_stats": {
    "completeness": {
      "matched": 5,
      "score_sum": 1.558566927909851,
      "conversation_count": 1,
      "avg_score": 0.3117133855819702
    },
    "accuracy": {
      "matched": 6,
      "score_sum": 2.2751517295837402,
      "conversation_count": 1,
      "avg_score": 0.37919195493062335
    },
    "context_awareness": {
      "matched": 2,
      "score_sum": 0.7678187787532806,
      "conversation_count": 1,
      "avg_score": 0.3839093893766403
    },
    "communication_quality": {
      "matched": 1,
      "score_sum": 0.31232720613479614,
      "conversation_count": 1,
      "avg_score": 0.31232720613479614
    },
    "instruction_following": {
      "matched": 0,
      "score_sum": 0.0,
      "conversation_count": 0
    }
  }
}