{
  "conversation_id": 427,
  "matched": 10,
  "total_reference": 10,
  "avg_score": 0.36970000000000003,
  "avg_point_diff": 4.2,
  "axis_stats": {
    "completeness": {
      "matched": 4,
      "score_sum": 1.9418272972106934,
      "conversation_count": 1,
      "avg_score": 0.48545682430267334
    },
    "accuracy": {
      "matched": 1,
      "score_sum": 0.3582587957382202,
      "conversation_count": 1,
      "avg_score": 0.3582587957382202
    },
    "context_awareness": {
      "matched": 0,
      "score_sum": 0.0,
      "conversation_count": 0
    },
    "communication_quality": {
      "matched": 2,
      "score_sum": 0.4521470069885254,
      "conversation_count": 1,
      "avg_score": 0.2260735034942627
    },
    "instruction_following": {
      "matched": 3,
      "score_sum": 0.9451241195201874,
      "conversation_count": 1,
      "avg_score": 0.3150413731733958
    }
  }
}