{
  "conversation_id": 1221,
  "matched": 11,
  "total_reference": 11,
  "avg_score": 0.51,
  "avg_point_diff": 2.909090909090909,
  "axis_stats": {
    "completeness": {
      "matched": 4,
      "score_sum": 2.454137623310089,
      "conversation_count": 1,
      "avg_score": 0.6135344058275223
    },
    "accuracy": {
      "matched": 3,
      "score_sum": 1.295106589794159,
      "conversation_count": 1,
      "avg_score": 0.431702196598053
    },
    "context_awareness": {
      "matched": 2,
      "score_sum": 1.0122485160827637,
      "conversation_count": 1,
      "avg_score": 0.5061242580413818
    },
    "communication_quality": {
      "matched": 2,
      "score_sum": 0.85018550157547,
      "conversation_count": 1,
      "avg_score": 0.425092750787735
    },
    "instruction_following": {
      "matched": 0,
      "score_sum": 0.0,
      "conversation_count": 0
    }
  }
}