{
  "conversation_id": 2146,
  "matched": 15,
  "total_reference": 15,
  "avg_score": 0.28219999999999995,
  "avg_point_diff": 6.133333333333334,
  "axis_stats": {
    "completeness": {
      "matched": 9,
      "score_sum": 3.6392266750335693,
      "conversation_count": 1,
      "avg_score": 0.40435851944817436
    },
    "accuracy": {
      "matched": 2,
      "score_sum": 0.0,
      "conversation_count": 1,
      "avg_score": 0.0
    },
    "context_awareness": {
      "matched": 3,
      "score_sum": 0.21241223812103271,
      "conversation_count": 1,
      "avg_score": 0.07080407937367757
    },
    "communication_quality": {
      "matched": 1,
      "score_sum": 0.38089287281036377,
      "conversation_count": 1,
      "avg_score": 0.38089287281036377
    },
    "instruction_following": {
      "matched": 0,
      "score_sum": 0.0,
      "conversation_count": 0
    }
  }
}