{
  "conversation_id": 203,
  "matched": 15,
  "total_reference": 15,
  "avg_score": 0.28706666666666675,
  "avg_point_diff": 4.466666666666667,
  "axis_stats": {
    "completeness": {
      "matched": 2,
      "score_sum": 0.8598834276199341,
      "conversation_count": 1,
      "avg_score": 0.42994171380996704
    },
    "accuracy": {
      "matched": 3,
      "score_sum": 0.6721423745155335,
      "conversation_count": 1,
      "avg_score": 0.2240474581718445
    },
    "context_awareness": {
      "matched": 4,
      "score_sum": 1.7472021281719208,
      "conversation_count": 1,
      "avg_score": 0.4368005320429802
    },
    "communication_quality": {
      "matched": 1,
      "score_sum": 0.5048724412918091,
      "conversation_count": 1,
      "avg_score": 0.5048724412918091
    },
    "instruction_following": {
      "matched": 5,
      "score_sum": 0.5212888121604919,
      "conversation_count": 1,
      "avg_score": 0.10425776243209839
    }
  }
}