{
  "conversation_id": 1106,
  "matched": 12,
  "total_reference": 12,
  "avg_score": 0.42358333333333337,
  "avg_point_diff": 2.9166666666666665,
  "axis_stats": {
    "completeness": {
      "matched": 1,
      "score_sum": 0.5587169528007507,
      "conversation_count": 1,
      "avg_score": 0.5587169528007507
    },
    "accuracy": {
      "matched": 3,
      "score_sum": 1.5678384900093079,
      "conversation_count": 1,
      "avg_score": 0.5226128300031027
    },
    "context_awareness": {
      "matched": 2,
      "score_sum": 0.37666070461273193,
      "conversation_count": 1,
      "avg_score": 0.18833035230636597
    },
    "communication_quality": {
      "matched": 0,
      "score_sum": 0.0,
      "conversation_count": 0
    },
    "instruction_following": {
      "matched": 6,
      "score_sum": 2.5811358988285065,
      "conversation_count": 1,
      "avg_score": 0.4301893164714177
    }
  }
}