{
  "conversation_id": 52,
  "matched": 15,
  "total_reference": 15,
  "avg_score": 0.24566666666666664,
  "avg_point_diff": 7.866666666666666,
  "axis_stats": {
    "completeness": {
      "matched": 8,
      "score_sum": 1.154589593410492,
      "conversation_count": 1,
      "avg_score": 0.1443236991763115
    },
    "accuracy": {
      "matched": 4,
      "score_sum": 1.8109056651592255,
      "conversation_count": 1,
      "avg_score": 0.45272641628980637
    },
    "context_awareness": {
      "matched": 1,
      "score_sum": 0.42866989970207214,
      "conversation_count": 1,
      "avg_score": 0.42866989970207214
    },
    "communication_quality": {
      "matched": 1,
      "score_sum": 0.2895493507385254,
      "conversation_count": 1,
      "avg_score": 0.2895493507385254
    },
    "instruction_following": {
      "matched": 1,
      "score_sum": 0.0,
      "conversation_count": 1,
      "avg_score": 0.0
    }
  }
}