{
  "conversation_id": 795,
  "matched": 14,
  "total_reference": 14,
  "avg_score": 0.3597142857142857,
  "avg_point_diff": 4.714285714285714,
  "axis_stats": {
    "completeness": {
      "matched": 5,
      "score_sum": 2.210014122724533,
      "conversation_count": 1,
      "avg_score": 0.4420028245449066
    },
    "accuracy": {
      "matched": 5,
      "score_sum": 1.3477346897125244,
      "conversation_count": 1,
      "avg_score": 0.2695469379425049
    },
    "context_awareness": {
      "matched": 2,
      "score_sum": 0.46376073360443115,
      "conversation_count": 1,
      "avg_score": 0.23188036680221558
    },
    "communication_quality": {
      "matched": 2,
      "score_sum": 1.0161785185337067,
      "conversation_count": 1,
      "avg_score": 0.5080892592668533
    },
    "instruction_following": {
      "matched": 0,
      "score_sum": 0.0,
      "conversation_count": 0
    }
  }
}