{
  "conversation_id": 2476,
  "matched": 15,
  "total_reference": 15,
  "avg_score": 0.3926,
  "avg_point_diff": 3.8666666666666667,
  "axis_stats": {
    "completeness": {
      "matched": 4,
      "score_sum": 0.9230252385139466,
      "conversation_count": 1,
      "avg_score": 0.23075630962848664
    },
    "accuracy": {
      "matched": 5,
      "score_sum": 2.4088349401950837,
      "conversation_count": 1,
      "avg_score": 0.48176698803901674
    },
    "context_awareness": {
      "matched": 5,
      "score_sum": 2.213258922100067,
      "conversation_count": 1,
      "avg_score": 0.4426517844200134
    },
    "communication_quality": {
      "matched": 1,
      "score_sum": 0.3425900936126709,
      "conversation_count": 1,
      "avg_score": 0.3425900936126709
    },
    "instruction_following": {
      "matched": 0,
      "score_sum": 0.0,
      "conversation_count": 0
    }
  }
}