{
  "conversation_id": 2328,
  "matched": 8,
  "total_reference": 8,
  "avg_score": 0.30500000000000005,
  "avg_point_diff": 6.125,
  "axis_stats": {
    "completeness": {
      "matched": 1,
      "score_sum": 0.5953963398933411,
      "conversation_count": 1,
      "avg_score": 0.5953963398933411
    },
    "accuracy": {
      "matched": 1,
      "score_sum": 0.5505666732788086,
      "conversation_count": 1,
      "avg_score": 0.5505666732788086
    },
    "context_awareness": {
      "matched": 3,
      "score_sum": 0.5092506408691406,
      "conversation_count": 1,
      "avg_score": 0.16975021362304688
    },
    "communication_quality": {
      "matched": 2,
      "score_sum": 0.33477234840393066,
      "conversation_count": 1,
      "avg_score": 0.16738617420196533
    },
    "instruction_following": {
      "matched": 1,
      "score_sum": 0.4504798650741577,
      "conversation_count": 1,
      "avg_score": 0.4504798650741577
    }
  }
}