{
  "conversation_id": 65,
  "matched": 12,
  "total_reference": 12,
  "avg_score": 0.25225000000000003,
  "avg_point_diff": 7.333333333333333,
  "axis_stats": {
    "completeness": {
      "matched": 4,
      "score_sum": 1.5762719511985779,
      "conversation_count": 1,
      "avg_score": 0.39406798779964447
    },
    "accuracy": {
      "matched": 5,
      "score_sum": 0.613021969795227,
      "conversation_count": 1,
      "avg_score": 0.1226043939590454
    },
    "context_awareness": {
      "matched": 2,
      "score_sum": 0.4459811747074127,
      "conversation_count": 1,
      "avg_score": 0.22299058735370636
    },
    "communication_quality": {
      "matched": 1,
      "score_sum": 0.3905223608016968,
      "conversation_count": 1,
      "avg_score": 0.3905223608016968
    },
    "instruction_following": {
      "matched": 0,
      "score_sum": 0.0,
      "conversation_count": 0
    }
  }
}