{
  "conversation_id": 591,
  "matched": 11,
  "total_reference": 11,
  "avg_score": 0.37409090909090903,
  "avg_point_diff": 5.909090909090909,
  "axis_stats": {
    "completeness": {
      "matched": 4,
      "score_sum": 1.997433602809906,
      "conversation_count": 1,
      "avg_score": 0.4993584007024765
    },
    "accuracy": {
      "matched": 3,
      "score_sum": 0.3832593560218811,
      "conversation_count": 1,
      "avg_score": 0.12775311867396036
    },
    "context_awareness": {
      "matched": 3,
      "score_sum": 0.9577929973602295,
      "conversation_count": 1,
      "avg_score": 0.31926433245340985
    },
    "communication_quality": {
      "matched": 1,
      "score_sum": 0.7771037817001343,
      "conversation_count": 1,
      "avg_score": 0.7771037817001343
    },
    "instruction_following": {
      "matched": 0,
      "score_sum": 0.0,
      "conversation_count": 0
    }
  }
}