{
  "conversation_id": 1180,
  "matched": 11,
  "total_reference": 11,
  "avg_score": 0.32472727272727275,
  "avg_point_diff": 6.363636363636363,
  "axis_stats": {
    "completeness": {
      "matched": 1,
      "score_sum": 0.35741491317749025,
      "conversation_count": 1,
      "avg_score": 0.35741491317749025
    },
    "accuracy": {
      "matched": 4,
      "score_sum": 0.8274627566337586,
      "conversation_count": 1,
      "avg_score": 0.20686568915843964
    },
    "context_awareness": {
      "matched": 1,
      "score_sum": 0.7037697434425354,
      "conversation_count": 1,
      "avg_score": 0.7037697434425354
    },
    "communication_quality": {
      "matched": 1,
      "score_sum": 0.0,
      "conversation_count": 1,
      "avg_score": 0.0
    },
    "instruction_following": {
      "matched": 4,
      "score_sum": 1.6844211578369142,
      "conversation_count": 1,
      "avg_score": 0.42110528945922854
    }
  }
}