{
  "conversation_id": 2358,
  "matched": 8,
  "total_reference": 8,
  "avg_score": 0.47187500000000004,
  "avg_point_diff": 5.375,
  "axis_stats": {
    "completeness": {
      "matched": 1,
      "score_sum": 0.7293233275413513,
      "conversation_count": 1,
      "avg_score": 0.7293233275413513
    },
    "accuracy": {
      "matched": 1,
      "score_sum": 0.2730938792228699,
      "conversation_count": 1,
      "avg_score": 0.2730938792228699
    },
    "context_awareness": {
      "matched": 4,
      "score_sum": 1.3261954307556154,
      "conversation_count": 1,
      "avg_score": 0.33154885768890385
    },
    "communication_quality": {
      "matched": 0,
      "score_sum": 0.0,
      "conversation_count": 0
    },
    "instruction_following": {
      "matched": 2,
      "score_sum": 1.4469295740127563,
      "conversation_count": 1,
      "avg_score": 0.7234647870063782
    }
  }
}