{
  "conversation_id": 2646,
  "matched": 12,
  "total_reference": 12,
  "avg_score": 0.34025,
  "avg_point_diff": 6.916666666666667,
  "axis_stats": {
    "completeness": {
      "matched": 7,
      "score_sum": 2.4871162474155426,
      "conversation_count": 1,
      "avg_score": 0.3553023210593632
    },
    "accuracy": {
      "matched": 2,
      "score_sum": 0.7940687537193298,
      "conversation_count": 1,
      "avg_score": 0.3970343768596649
    },
    "context_awareness": {
      "matched": 1,
      "score_sum": 0.0,
      "conversation_count": 1,
      "avg_score": 0.0
    },
    "communication_quality": {
      "matched": 1,
      "score_sum": 0.27260395884513855,
      "conversation_count": 1,
      "avg_score": 0.27260395884513855
    },
    "instruction_following": {
      "matched": 1,
      "score_sum": 0.5284276604652405,
      "conversation_count": 1,
      "avg_score": 0.5284276604652405
    }
  }
}