{
  "conversation_id": 1634,
  "matched": 14,
  "total_reference": 14,
  "avg_score": 0.26471428571428574,
  "avg_point_diff": 7.714285714285714,
  "axis_stats": {
    "completeness": {
      "matched": 8,
      "score_sum": 1.2923627138137819,
      "conversation_count": 1,
      "avg_score": 0.16154533922672273
    },
    "accuracy": {
      "matched": 5,
      "score_sum": 2.031329166889191,
      "conversation_count": 1,
      "avg_score": 0.40626583337783817
    },
    "context_awareness": {
      "matched": 0,
      "score_sum": 0.0,
      "conversation_count": 0
    },
    "communication_quality": {
      "matched": 1,
      "score_sum": 0.38323599100112915,
      "conversation_count": 1,
      "avg_score": 0.38323599100112915
    },
    "instruction_following": {
      "matched": 0,
      "score_sum": 0.0,
      "conversation_count": 0
    }
  }
}