{
  "conversation_id": 374,
  "matched": 13,
  "total_reference": 13,
  "avg_score": 0.4260769230769231,
  "avg_point_diff": 3.769230769230769,
  "axis_stats": {
    "completeness": {
      "matched": 8,
      "score_sum": 3.6427080631256104,
      "conversation_count": 1,
      "avg_score": 0.4553385078907013
    },
    "accuracy": {
      "matched": 1,
      "score_sum": 0.348107385635376,
      "conversation_count": 1,
      "avg_score": 0.348107385635376
    },
    "context_awareness": {
      "matched": 2,
      "score_sum": 0.9347526133060455,
      "conversation_count": 1,
      "avg_score": 0.46737630665302277
    },
    "communication_quality": {
      "matched": 1,
      "score_sum": 0.0,
      "conversation_count": 1,
      "avg_score": 0.0
    },
    "instruction_following": {
      "matched": 1,
      "score_sum": 0.6160781383514404,
      "conversation_count": 1,
      "avg_score": 0.6160781383514404
    }
  }
}