{
  "conversation_id": 1011,
  "matched": 10,
  "total_reference": 10,
  "avg_score": 0.3647000000000001,
  "avg_point_diff": 5.6,
  "axis_stats": {
    "completeness": {
      "matched": 3,
      "score_sum": 1.1218498349189758,
      "conversation_count": 1,
      "avg_score": 0.37394994497299194
    },
    "accuracy": {
      "matched": 2,
      "score_sum": 1.0609329700469972,
      "conversation_count": 1,
      "avg_score": 0.5304664850234986
    },
    "context_awareness": {
      "matched": 3,
      "score_sum": 1.2433541536331179,
      "conversation_count": 1,
      "avg_score": 0.41445138454437264
    },
    "communication_quality": {
      "matched": 1,
      "score_sum": 0.22007426619529724,
      "conversation_count": 1,
      "avg_score": 0.22007426619529724
    },
    "instruction_following": {
      "matched": 1,
      "score_sum": 0.0,
      "conversation_count": 1,
      "avg_score": 0.0
    }
  }
}