{
  "conversation_id": 1427,
  "matched": 12,
  "total_reference": 12,
  "avg_score": 0.2799166666666667,
  "avg_point_diff": 5.75,
  "axis_stats": {
    "completeness": {
      "matched": 5,
      "score_sum": 1.1754749417304993,
      "conversation_count": 1,
      "avg_score": 0.23509498834609985
    },
    "accuracy": {
      "matched": 2,
      "score_sum": 0.9758267998695374,
      "conversation_count": 1,
      "avg_score": 0.4879133999347687
    },
    "context_awareness": {
      "matched": 4,
      "score_sum": 0.8878342032432556,
      "conversation_count": 1,
      "avg_score": 0.2219585508108139
    },
    "communication_quality": {
      "matched": 0,
      "score_sum": 0.0,
      "conversation_count": 0
    },
    "instruction_following": {
      "matched": 1,
      "score_sum": 0.3204815983772278,
      "conversation_count": 1,
      "avg_score": 0.3204815983772278
    }
  }
}