{
  "conversation_id": 2107,
  "matched": 10,
  "total_reference": 10,
  "avg_score": 0.4283,
  "avg_point_diff": 2.8,
  "axis_stats": {
    "completeness": {
      "matched": 1,
      "score_sum": 0.4116191387176514,
      "conversation_count": 1,
      "avg_score": 0.4116191387176514
    },
    "accuracy": {
      "matched": 4,
      "score_sum": 1.9582940161228182,
      "conversation_count": 1,
      "avg_score": 0.48957350403070454
    },
    "context_awareness": {
      "matched": 2,
      "score_sum": 0.8688625693321228,
      "conversation_count": 1,
      "avg_score": 0.4344312846660614
    },
    "communication_quality": {
      "matched": 1,
      "score_sum": 0.5496927499771118,
      "conversation_count": 1,
      "avg_score": 0.5496927499771118
    },
    "instruction_following": {
      "matched": 2,
      "score_sum": 0.49367374181747437,
      "conversation_count": 1,
      "avg_score": 0.24683687090873718
    }
  }
}