{
  "conversation_id": 1478,
  "matched": 15,
  "total_reference": 15,
  "avg_score": 0.37266666666666665,
  "avg_point_diff": 6.4,
  "axis_stats": {
    "completeness": {
      "matched": 8,
      "score_sum": 3.246089959144592,
      "conversation_count": 1,
      "avg_score": 0.405761244893074
    },
    "accuracy": {
      "matched": 0,
      "score_sum": 0.0,
      "conversation_count": 0
    },
    "context_awareness": {
      "matched": 5,
      "score_sum": 1.833419680595398,
      "conversation_count": 1,
      "avg_score": 0.36668393611907957
    },
    "communication_quality": {
      "matched": 1,
      "score_sum": 0.3445296287536621,
      "conversation_count": 1,
      "avg_score": 0.3445296287536621
    },
    "instruction_following": {
      "matched": 1,
      "score_sum": 0.16381040215492249,
      "conversation_count": 1,
      "avg_score": 0.16381040215492249
    }
  }
}