{
  "conversation_id": 2489,
  "matched": 11,
  "total_reference": 11,
  "avg_score": 0.2595454545454545,
  "avg_point_diff": 8.0,
  "axis_stats": {
    "completeness": {
      "matched": 3,
      "score_sum": 0.6444243907928467,
      "conversation_count": 1,
      "avg_score": 0.21480813026428225
    },
    "accuracy": {
      "matched": 1,
      "score_sum": 0.49721646308898926,
      "conversation_count": 1,
      "avg_score": 0.49721646308898926
    },
    "context_awareness": {
      "matched": 3,
      "score_sum": 0.32321321964263916,
      "conversation_count": 1,
      "avg_score": 0.10773773988087972
    },
    "communication_quality": {
      "matched": 1,
      "score_sum": 0.530933952331543,
      "conversation_count": 1,
      "avg_score": 0.530933952331543
    },
    "instruction_following": {
      "matched": 3,
      "score_sum": 0.8601665854454041,
      "conversation_count": 1,
      "avg_score": 0.28672219514846803
    }
  }
}