{
  "conversation_id": 2362,
  "matched": 8,
  "total_reference": 8,
  "avg_score": 0.309125,
  "avg_point_diff": 4.25,
  "axis_stats": {
    "completeness": {
      "matched": 4,
      "score_sum": 1.6322632431983948,
      "conversation_count": 1,
      "avg_score": 0.4080658107995987
    },
    "accuracy": {
      "matched": 2,
      "score_sum": 0.18577383756637575,
      "conversation_count": 1,
      "avg_score": 0.09288691878318787
    },
    "context_awareness": {
      "matched": 1,
      "score_sum": 0.35405856370925903,
      "conversation_count": 1,
      "avg_score": 0.35405856370925903
    },
    "communication_quality": {
      "matched": 1,
      "score_sum": 0.30096642971038823,
      "conversation_count": 1,
      "avg_score": 0.30096642971038823
    },
    "instruction_following": {
      "matched": 0,
      "score_sum": 0.0,
      "conversation_count": 0
    }
  }
}