{
  "conversation_id": 2628,
  "matched": 13,
  "total_reference": 13,
  "avg_score": 0.26269230769230767,
  "avg_point_diff": 5.0,
  "axis_stats": {
    "completeness": {
      "matched": 5,
      "score_sum": 1.5408065915107727,
      "conversation_count": 1,
      "avg_score": 0.30816131830215454
    },
    "accuracy": {
      "matched": 6,
      "score_sum": 0.8812335431575775,
      "conversation_count": 1,
      "avg_score": 0.1468722571929296
    },
    "context_awareness": {
      "matched": 1,
      "score_sum": 0.4675653874874115,
      "conversation_count": 1,
      "avg_score": 0.4675653874874115
    },
    "communication_quality": {
      "matched": 1,
      "score_sum": 0.525105357170105,
      "conversation_count": 1,
      "avg_score": 0.525105357170105
    },
    "instruction_following": {
      "matched": 0,
      "score_sum": 0.0,
      "conversation_count": 0
    }
  }
}