{
  "conversation_id": 1298,
  "matched": 12,
  "total_reference": 12,
  "avg_score": 0.4100833333333333,
  "avg_point_diff": 3.0833333333333335,
  "axis_stats": {
    "completeness": {
      "matched": 2,
      "score_sum": 0.6707630753517151,
      "conversation_count": 1,
      "avg_score": 0.33538153767585754
    },
    "accuracy": {
      "matched": 5,
      "score_sum": 2.5143639922142027,
      "conversation_count": 1,
      "avg_score": 0.5028727984428405
    },
    "context_awareness": {
      "matched": 3,
      "score_sum": 1.0056506991386414,
      "conversation_count": 1,
      "avg_score": 0.33521689971288043
    },
    "communication_quality": {
      "matched": 2,
      "score_sum": 0.729285153746605,
      "conversation_count": 1,
      "avg_score": 0.3646425768733025
    },
    "instruction_following": {
      "matched": 0,
      "score_sum": 0.0,
      "conversation_count": 0
    }
  }
}