{
  "conversation_id": 2311,
  "matched": 14,
  "total_reference": 14,
  "avg_score": 0.2622857142857143,
  "avg_point_diff": 7.357142857142857,
  "axis_stats": {
    "completeness": {
      "matched": 9,
      "score_sum": 1.7046117424964904,
      "conversation_count": 1,
      "avg_score": 0.18940130472183225
    },
    "accuracy": {
      "matched": 3,
      "score_sum": 1.1928632259368896,
      "conversation_count": 1,
      "avg_score": 0.39762107531229657
    },
    "context_awareness": {
      "matched": 1,
      "score_sum": 0.2678030729293823,
      "conversation_count": 1,
      "avg_score": 0.2678030729293823
    },
    "communication_quality": {
      "matched": 0,
      "score_sum": 0.0,
      "conversation_count": 0
    },
    "instruction_following": {
      "matched": 1,
      "score_sum": 0.5060702562332153,
      "conversation_count": 1,
      "avg_score": 0.5060702562332153
    }
  }
}