{
  "conversation_id": 2598,
  "matched": 13,
  "total_reference": 13,
  "avg_score": 0.3791538461538462,
  "avg_point_diff": 3.769230769230769,
  "axis_stats": {
    "completeness": {
      "matched": 6,
      "score_sum": 2.583962821960449,
      "conversation_count": 1,
      "avg_score": 0.43066047032674154
    },
    "accuracy": {
      "matched": 1,
      "score_sum": 0.3343031406402588,
      "conversation_count": 1,
      "avg_score": 0.3343031406402588
    },
    "context_awareness": {
      "matched": 3,
      "score_sum": 1.0287160277366638,
      "conversation_count": 1,
      "avg_score": 0.34290534257888794
    },
    "communication_quality": {
      "matched": 3,
      "score_sum": 0.9829577445983886,
      "conversation_count": 1,
      "avg_score": 0.3276525815327962
    },
    "instruction_following": {
      "matched": 0,
      "score_sum": 0.0,
      "conversation_count": 0
    }
  }
}