{
  "conversation_id": 2426,
  "matched": 11,
  "total_reference": 11,
  "avg_score": 0.4547272727272727,
  "avg_point_diff": 5.0,
  "axis_stats": {
    "completeness": {
      "matched": 4,
      "score_sum": 0.5616665840148926,
      "conversation_count": 1,
      "avg_score": 0.14041664600372314
    },
    "accuracy": {
      "matched": 5,
      "score_sum": 3.047562003135681,
      "conversation_count": 1,
      "avg_score": 0.6095124006271362
    },
    "context_awareness": {
      "matched": 1,
      "score_sum": 0.8465221524238586,
      "conversation_count": 1,
      "avg_score": 0.8465221524238586
    },
    "communication_quality": {
      "matched": 0,
      "score_sum": 0.0,
      "conversation_count": 0
    },
    "instruction_following": {
      "matched": 1,
      "score_sum": 0.5446048974990845,
      "conversation_count": 1,
      "avg_score": 0.5446048974990845
    }
  }
}