{
  "conversation_id": 629,
  "matched": 12,
  "total_reference": 12,
  "avg_score": 0.26808333333333334,
  "avg_point_diff": 4.333333333333333,
  "axis_stats": {
    "completeness": {
      "matched": 6,
      "score_sum": 1.1508815735578537,
      "conversation_count": 1,
      "avg_score": 0.19181359559297562
    },
    "accuracy": {
      "matched": 1,
      "score_sum": 0.820583164691925,
      "conversation_count": 1,
      "avg_score": 0.820583164691925
    },
    "context_awareness": {
      "matched": 3,
      "score_sum": 0.9074117481708527,
      "conversation_count": 1,
      "avg_score": 0.30247058272361754
    },
    "communication_quality": {
      "matched": 2,
      "score_sum": 0.3379855826497078,
      "conversation_count": 1,
      "avg_score": 0.1689927913248539
    },
    "instruction_following": {
      "matched": 0,
      "score_sum": 0.0,
      "conversation_count": 0
    }
  }
}