{
  "conversation_id": 1459,
  "matched": 13,
  "total_reference": 13,
  "avg_score": 0.27776923076923077,
  "avg_point_diff": 6.923076923076923,
  "axis_stats": {
    "completeness": {
      "matched": 3,
      "score_sum": 0.4493881225585938,
      "conversation_count": 1,
      "avg_score": 0.1497960408528646
    },
    "accuracy": {
      "matched": 9,
      "score_sum": 2.9153892397880554,
      "conversation_count": 1,
      "avg_score": 0.32393213775422836
    },
    "context_awareness": {
      "matched": 1,
      "score_sum": 0.24656854569911957,
      "conversation_count": 1,
      "avg_score": 0.24656854569911957
    },
    "communication_quality": {
      "matched": 0,
      "score_sum": 0.0,
      "conversation_count": 0
    },
    "instruction_following": {
      "matched": 0,
      "score_sum": 0.0,
      "conversation_count": 0
    }
  }
}