{
  "conversation_id": 1426,
  "matched": 15,
  "total_reference": 15,
  "avg_score": 0.2810666666666667,
  "avg_point_diff": 7.466666666666667,
  "axis_stats": {
    "completeness": {
      "matched": 7,
      "score_sum": 2.1587504625320433,
      "conversation_count": 1,
      "avg_score": 0.3083929232188633
    },
    "accuracy": {
      "matched": 5,
      "score_sum": 1.5258774161338806,
      "conversation_count": 1,
      "avg_score": 0.3051754832267761
    },
    "context_awareness": {
      "matched": 0,
      "score_sum": 0.0,
      "conversation_count": 0
    },
    "communication_quality": {
      "matched": 1,
      "score_sum": 0.29627475738525394,
      "conversation_count": 1,
      "avg_score": 0.29627475738525394
    },
    "instruction_following": {
      "matched": 2,
      "score_sum": 0.23459859192371368,
      "conversation_count": 1,
      "avg_score": 0.11729929596185684
    }
  }
}