{
  "conversation_id": 24,
  "matched": 13,
  "total_reference": 13,
  "avg_score": 0.38992307692307693,
  "avg_point_diff": 5.6923076923076925,
  "axis_stats": {
    "completeness": {
      "matched": 8,
      "score_sum": 1.9979018568992617,
      "conversation_count": 1,
      "avg_score": 0.2497377321124077
    },
    "accuracy": {
      "matched": 2,
      "score_sum": 1.6564074158668518,
      "conversation_count": 1,
      "avg_score": 0.8282037079334259
    },
    "context_awareness": {
      "matched": 2,
      "score_sum": 0.7982789218425751,
      "conversation_count": 1,
      "avg_score": 0.39913946092128755
    },
    "communication_quality": {
      "matched": 0,
      "score_sum": 0.0,
      "conversation_count": 0
    },
    "instruction_following": {
      "matched": 1,
      "score_sum": 0.61738121509552,
      "conversation_count": 1,
      "avg_score": 0.61738121509552
    }
  }
}