{
  "conversation_id": 2081,
  "matched": 15,
  "total_reference": 15,
  "avg_score": 0.3305333333333333,
  "avg_point_diff": 7.0,
  "axis_stats": {
    "completeness": {
      "matched": 10,
      "score_sum": 3.176170086860657,
      "conversation_count": 1,
      "avg_score": 0.3176170086860657
    },
    "accuracy": {
      "matched": 2,
      "score_sum": 0.8538736283779145,
      "conversation_count": 1,
      "avg_score": 0.42693681418895724
    },
    "context_awareness": {
      "matched": 2,
      "score_sum": 0.6978446543216705,
      "conversation_count": 1,
      "avg_score": 0.34892232716083527
    },
    "communication_quality": {
      "matched": 1,
      "score_sum": 0.23036415874958038,
      "conversation_count": 1,
      "avg_score": 0.23036415874958038
    },
    "instruction_following": {
      "matched": 0,
      "score_sum": 0.0,
      "conversation_count": 0
    }
  }
}