{
  "conversation_id": 2363,
  "matched": 10,
  "total_reference": 10,
  "avg_score": 0.11840000000000002,
  "avg_point_diff": 8.5,
  "axis_stats": {
    "completeness": {
      "matched": 2,
      "score_sum": 0.15136407315731049,
      "conversation_count": 1,
      "avg_score": 0.07568203657865524
    },
    "accuracy": {
      "matched": 1,
      "score_sum": 0.0,
      "conversation_count": 1,
      "avg_score": 0.0
    },
    "context_awareness": {
      "matched": 5,
      "score_sum": 0.5513969719409942,
      "conversation_count": 1,
      "avg_score": 0.11027939438819885
    },
    "communication_quality": {
      "matched": 1,
      "score_sum": 0.22489085793495178,
      "conversation_count": 1,
      "avg_score": 0.22489085793495178
    },
    "instruction_following": {
      "matched": 1,
      "score_sum": 0.2571831226348877,
      "conversation_count": 1,
      "avg_score": 0.2571831226348877
    }
  }
}