{
  "conversation_id": 1652,
  "matched": 11,
  "total_reference": 11,
  "avg_score": 0.19863636363636364,
  "avg_point_diff": 8.636363636363637,
  "axis_stats": {
    "completeness": {
      "matched": 5,
      "score_sum": 0.7097346782684326,
      "conversation_count": 1,
      "avg_score": 0.14194693565368652
    },
    "accuracy": {
      "matched": 2,
      "score_sum": 0.6553095877170563,
      "conversation_count": 1,
      "avg_score": 0.32765479385852814
    },
    "context_awareness": {
      "matched": 1,
      "score_sum": 0.38995617628097534,
      "conversation_count": 1,
      "avg_score": 0.38995617628097534
    },
    "communication_quality": {
      "matched": 2,
      "score_sum": 0.4299031257629395,
      "conversation_count": 1,
      "avg_score": 0.21495156288146974
    },
    "instruction_following": {
      "matched": 1,
      "score_sum": 0.0,
      "conversation_count": 1,
      "avg_score": 0.0
    }
  }
}