{
  "conversation_id": 2394,
  "matched": 12,
  "total_reference": 12,
  "avg_score": 0.3725,
  "avg_point_diff": 5.583333333333333,
  "axis_stats": {
    "completeness": {
      "matched": 4,
      "score_sum": 1.4603538513183594,
      "conversation_count": 1,
      "avg_score": 0.36508846282958984
    },
    "accuracy": {
      "matched": 4,
      "score_sum": 1.7571439146995544,
      "conversation_count": 1,
      "avg_score": 0.4392859786748886
    },
    "context_awareness": {
      "matched": 2,
      "score_sum": 0.48887497186660767,
      "conversation_count": 1,
      "avg_score": 0.24443748593330383
    },
    "communication_quality": {
      "matched": 2,
      "score_sum": 0.763504147529602,
      "conversation_count": 1,
      "avg_score": 0.381752073764801
    },
    "instruction_following": {
      "matched": 0,
      "score_sum": 0.0,
      "conversation_count": 0
    }
  }
}