{
  "conversation_id": 1169,
  "matched": 13,
  "total_reference": 13,
  "avg_score": 0.30538461538461537,
  "avg_point_diff": 6.461538461538462,
  "axis_stats": {
    "completeness": {
      "matched": 8,
      "score_sum": 2.5115393698215485,
      "conversation_count": 1,
      "avg_score": 0.31394242122769356
    },
    "accuracy": {
      "matched": 2,
      "score_sum": 0.36024290323257446,
      "conversation_count": 1,
      "avg_score": 0.18012145161628723
    },
    "context_awareness": {
      "matched": 3,
      "score_sum": 1.098561704158783,
      "conversation_count": 1,
      "avg_score": 0.3661872347195943
    },
    "communication_quality": {
      "matched": 0,
      "score_sum": 0.0,
      "conversation_count": 0
    },
    "instruction_following": {
      "matched": 0,
      "score_sum": 0.0,
      "conversation_count": 0
    }
  }
}