{
  "conversation_id": 1775,
  "matched": 13,
  "total_reference": 13,
  "avg_score": 0.18307692307692308,
  "avg_point_diff": 8.076923076923077,
  "axis_stats": {
    "completeness": {
      "matched": 7,
      "score_sum": 1.1785482168197632,
      "conversation_count": 1,
      "avg_score": 0.16836403097425187
    },
    "accuracy": {
      "matched": 3,
      "score_sum": 0.41969190537929535,
      "conversation_count": 1,
      "avg_score": 0.13989730179309845
    },
    "context_awareness": {
      "matched": 1,
      "score_sum": 0.34465491771698,
      "conversation_count": 1,
      "avg_score": 0.34465491771698
    },
    "communication_quality": {
      "matched": 2,
      "score_sum": 0.43748073577880864,
      "conversation_count": 1,
      "avg_score": 0.21874036788940432
    },
    "instruction_following": {
      "matched": 0,
      "score_sum": 0.0,
      "conversation_count": 0
    }
  }
}