{
  "conversation_id": 2386,
  "matched": 9,
  "total_reference": 9,
  "avg_score": 0.25511111111111107,
  "avg_point_diff": 5.333333333333333,
  "axis_stats": {
    "completeness": {
      "matched": 2,
      "score_sum": 0.26287317276000977,
      "conversation_count": 1,
      "avg_score": 0.13143658638000488
    },
    "accuracy": {
      "matched": 1,
      "score_sum": 0.0,
      "conversation_count": 1,
      "avg_score": 0.0
    },
    "context_awareness": {
      "matched": 3,
      "score_sum": 1.058317095041275,
      "conversation_count": 1,
      "avg_score": 0.35277236501375836
    },
    "communication_quality": {
      "matched": 1,
      "score_sum": 0.38915079832077026,
      "conversation_count": 1,
      "avg_score": 0.38915079832077026
    },
    "instruction_following": {
      "matched": 2,
      "score_sum": 0.586067795753479,
      "conversation_count": 1,
      "avg_score": 0.2930338978767395
    }
  }
}