{
  "conversation_id": 106,
  "matched": 11,
  "total_reference": 11,
  "avg_score": 0.43409090909090914,
  "avg_point_diff": 4.909090909090909,
  "axis_stats": {
    "completeness": {
      "matched": 3,
      "score_sum": 1.2231615781784058,
      "conversation_count": 1,
      "avg_score": 0.40772052605946857
    },
    "accuracy": {
      "matched": 4,
      "score_sum": 2.1168994903564453,
      "conversation_count": 1,
      "avg_score": 0.5292248725891113
    },
    "context_awareness": {
      "matched": 3,
      "score_sum": 0.804480791091919,
      "conversation_count": 1,
      "avg_score": 0.26816026369730633
    },
    "communication_quality": {
      "matched": 0,
      "score_sum": 0.0,
      "conversation_count": 0
    },
    "instruction_following": {
      "matched": 1,
      "score_sum": 0.6310434341430664,
      "conversation_count": 1,
      "avg_score": 0.6310434341430664
    }
  }
}