{
  "conversation_id": 2364,
  "matched": 15,
  "total_reference": 15,
  "avg_score": 0.38253333333333334,
  "avg_point_diff": 6.2,
  "axis_stats": {
    "completeness": {
      "matched": 5,
      "score_sum": 2.1714026927948,
      "conversation_count": 1,
      "avg_score": 0.43428053855896
    },
    "accuracy": {
      "matched": 1,
      "score_sum": 0.4757734537124634,
      "conversation_count": 1,
      "avg_score": 0.4757734537124634
    },
    "context_awareness": {
      "matched": 7,
      "score_sum": 1.9728724956512451,
      "conversation_count": 1,
      "avg_score": 0.2818389279501779
    },
    "communication_quality": {
      "matched": 2,
      "score_sum": 1.118267798423767,
      "conversation_count": 1,
      "avg_score": 0.5591338992118835
    },
    "instruction_following": {
      "matched": 0,
      "score_sum": 0.0,
      "conversation_count": 0
    }
  }
}