{
  "conversation_id": 653,
  "matched": 13,
  "total_reference": 13,
  "avg_score": 0.36746153846153845,
  "avg_point_diff": 6.3076923076923075,
  "axis_stats": {
    "completeness": {
      "matched": 6,
      "score_sum": 2.7388846576213837,
      "conversation_count": 1,
      "avg_score": 0.4564807762702306
    },
    "accuracy": {
      "matched": 4,
      "score_sum": 0.6993688344955444,
      "conversation_count": 1,
      "avg_score": 0.1748422086238861
    },
    "context_awareness": {
      "matched": 1,
      "score_sum": 0.5870363712310791,
      "conversation_count": 1,
      "avg_score": 0.5870363712310791
    },
    "communication_quality": {
      "matched": 1,
      "score_sum": 0.0,
      "conversation_count": 1,
      "avg_score": 0.0
    },
    "instruction_following": {
      "matched": 1,
      "score_sum": 0.7516417503356934,
      "conversation_count": 1,
      "avg_score": 0.7516417503356934
    }
  }
}