{
  "conversation_id": 2201,
  "matched": 9,
  "total_reference": 9,
  "avg_score": 0.15700000000000003,
  "avg_point_diff": 5.888888888888889,
  "axis_stats": {
    "completeness": {
      "matched": 3,
      "score_sum": 0.4198851108551025,
      "conversation_count": 1,
      "avg_score": 0.1399617036183675
    },
    "accuracy": {
      "matched": 3,
      "score_sum": 0.2942137122154236,
      "conversation_count": 1,
      "avg_score": 0.09807123740514119
    },
    "context_awareness": {
      "matched": 1,
      "score_sum": 0.0,
      "conversation_count": 1,
      "avg_score": 0.0
    },
    "communication_quality": {
      "matched": 1,
      "score_sum": 0.2568837106227875,
      "conversation_count": 1,
      "avg_score": 0.2568837106227875
    },
    "instruction_following": {
      "matched": 1,
      "score_sum": 0.44168877601623535,
      "conversation_count": 1,
      "avg_score": 0.44168877601623535
    }
  }
}