{
  "conversation_id": 2649,
  "matched": 13,
  "total_reference": 13,
  "avg_score": 0.36530769230769233,
  "avg_point_diff": 5.076923076923077,
  "axis_stats": {
    "completeness": {
      "matched": 8,
      "score_sum": 3.0554182648658754,
      "conversation_count": 1,
      "avg_score": 0.3819272831082344
    },
    "accuracy": {
      "matched": 4,
      "score_sum": 1.5838397473096848,
      "conversation_count": 1,
      "avg_score": 0.3959599368274212
    },
    "context_awareness": {
      "matched": 1,
      "score_sum": 0.11100703477859497,
      "conversation_count": 1,
      "avg_score": 0.11100703477859497
    },
    "communication_quality": {
      "matched": 0,
      "score_sum": 0.0,
      "conversation_count": 0
    },
    "instruction_following": {
      "matched": 0,
      "score_sum": 0.0,
      "conversation_count": 0
    }
  }
}