{
  "conversation_id": 1283,
  "matched": 11,
  "total_reference": 11,
  "avg_score": 0.17954545454545456,
  "avg_point_diff": 6.545454545454546,
  "axis_stats": {
    "completeness": {
      "matched": 3,
      "score_sum": 0.6646546274423599,
      "conversation_count": 1,
      "avg_score": 0.22155154248078665
    },
    "accuracy": {
      "matched": 4,
      "score_sum": 0.7409153580665588,
      "conversation_count": 1,
      "avg_score": 0.1852288395166397
    },
    "context_awareness": {
      "matched": 2,
      "score_sum": 0.31166693568229675,
      "conversation_count": 1,
      "avg_score": 0.15583346784114838
    },
    "communication_quality": {
      "matched": 2,
      "score_sum": 0.2579338550567627,
      "conversation_count": 1,
      "avg_score": 0.12896692752838135
    },
    "instruction_following": {
      "matched": 0,
      "score_sum": 0.0,
      "conversation_count": 0
    }
  }
}