{
  "conversation_id": 437,
  "matched": 14,
  "total_reference": 14,
  "avg_score": 0.24100000000000005,
  "avg_point_diff": 6.785714285714286,
  "axis_stats": {
    "completeness": {
      "matched": 3,
      "score_sum": 0.784583443403244,
      "conversation_count": 1,
      "avg_score": 0.26152781446774803
    },
    "accuracy": {
      "matched": 6,
      "score_sum": 0.9099003314971924,
      "conversation_count": 1,
      "avg_score": 0.15165005524953207
    },
    "context_awareness": {
      "matched": 3,
      "score_sum": 0.7163964152336121,
      "conversation_count": 1,
      "avg_score": 0.23879880507787068
    },
    "communication_quality": {
      "matched": 1,
      "score_sum": 0.64425128698349,
      "conversation_count": 1,
      "avg_score": 0.64425128698349
    },
    "instruction_following": {
      "matched": 1,
      "score_sum": 0.3184851109981537,
      "conversation_count": 1,
      "avg_score": 0.3184851109981537
    }
  }
}