{
  "conversation_id": 1051,
  "matched": 13,
  "total_reference": 13,
  "avg_score": 0.2651538461538462,
  "avg_point_diff": 5.461538461538462,
  "axis_stats": {
    "completeness": {
      "matched": 5,
      "score_sum": 1.210663542151451,
      "conversation_count": 1,
      "avg_score": 0.24213270843029022
    },
    "accuracy": {
      "matched": 4,
      "score_sum": 1.0552335739135743,
      "conversation_count": 1,
      "avg_score": 0.2638083934783936
    },
    "context_awareness": {
      "matched": 1,
      "score_sum": 0.0,
      "conversation_count": 1,
      "avg_score": 0.0
    },
    "communication_quality": {
      "matched": 1,
      "score_sum": 0.5312762260437012,
      "conversation_count": 1,
      "avg_score": 0.5312762260437012
    },
    "instruction_following": {
      "matched": 2,
      "score_sum": 0.650405478477478,
      "conversation_count": 1,
      "avg_score": 0.325202739238739
    }
  }
}