{
  "conversation_id": 1857,
  "matched": 14,
  "total_reference": 14,
  "avg_score": 0.2392857142857143,
  "avg_point_diff": 5.642857142857143,
  "axis_stats": {
    "completeness": {
      "matched": 7,
      "score_sum": 1.702552366256714,
      "conversation_count": 1,
      "avg_score": 0.243221766608102
    },
    "accuracy": {
      "matched": 0,
      "score_sum": 0.0,
      "conversation_count": 0
    },
    "context_awareness": {
      "matched": 3,
      "score_sum": 0.3636897802352905,
      "conversation_count": 1,
      "avg_score": 0.12122992674509685
    },
    "communication_quality": {
      "matched": 1,
      "score_sum": 0.5590535402297974,
      "conversation_count": 1,
      "avg_score": 0.5590535402297974
    },
    "instruction_following": {
      "matched": 3,
      "score_sum": 0.7231076300144196,
      "conversation_count": 1,
      "avg_score": 0.2410358766714732
    }
  }
}