{
  "conversation_id": 1290,
  "matched": 14,
  "total_reference": 14,
  "avg_score": 0.26335714285714285,
  "avg_point_diff": 6.928571428571429,
  "axis_stats": {
    "completeness": {
      "matched": 7,
      "score_sum": 2.4836936593055725,
      "conversation_count": 1,
      "avg_score": 0.3548133799007961
    },
    "accuracy": {
      "matched": 6,
      "score_sum": 0.7152182817459107,
      "conversation_count": 1,
      "avg_score": 0.11920304695765178
    },
    "context_awareness": {
      "matched": 1,
      "score_sum": 0.48759645223617554,
      "conversation_count": 1,
      "avg_score": 0.48759645223617554
    },
    "communication_quality": {
      "matched": 0,
      "score_sum": 0.0,
      "conversation_count": 0
    },
    "instruction_following": {
      "matched": 0,
      "score_sum": 0.0,
      "conversation_count": 0
    }
  }
}