{
  "conversation_id": 2025,
  "matched": 13,
  "total_reference": 13,
  "avg_score": 0.25869230769230767,
  "avg_point_diff": 5.769230769230769,
  "axis_stats": {
    "completeness": {
      "matched": 5,
      "score_sum": 1.832649713754654,
      "conversation_count": 1,
      "avg_score": 0.3665299427509308
    },
    "accuracy": {
      "matched": 3,
      "score_sum": 1.1256910562515259,
      "conversation_count": 1,
      "avg_score": 0.375230352083842
    },
    "context_awareness": {
      "matched": 0,
      "score_sum": 0.0,
      "conversation_count": 0
    },
    "communication_quality": {
      "matched": 4,
      "score_sum": 0.13222626447677613,
      "conversation_count": 1,
      "avg_score": 0.03305656611919403
    },
    "instruction_following": {
      "matched": 1,
      "score_sum": 0.27310502529144287,
      "conversation_count": 1,
      "avg_score": 0.27310502529144287
    }
  }
}