{
  "conversation_id": 807,
  "matched": 14,
  "total_reference": 14,
  "avg_score": 0.3052857142857142,
  "avg_point_diff": 5.142857142857143,
  "axis_stats": {
    "completeness": {
      "matched": 5,
      "score_sum": 0.5469260364770889,
      "conversation_count": 1,
      "avg_score": 0.10938520729541779
    },
    "accuracy": {
      "matched": 3,
      "score_sum": 1.2838529646396637,
      "conversation_count": 1,
      "avg_score": 0.42795098821322125
    },
    "context_awareness": {
      "matched": 1,
      "score_sum": 0.292696475982666,
      "conversation_count": 1,
      "avg_score": 0.292696475982666
    },
    "communication_quality": {
      "matched": 2,
      "score_sum": 0.9688842594623566,
      "conversation_count": 1,
      "avg_score": 0.4844421297311783
    },
    "instruction_following": {
      "matched": 3,
      "score_sum": 1.1821510791778564,
      "conversation_count": 1,
      "avg_score": 0.39405035972595215
    }
  }
}