{
  "conversation_id": 2142,
  "matched": 12,
  "total_reference": 12,
  "avg_score": 0.3104166666666667,
  "avg_point_diff": 5.75,
  "axis_stats": {
    "completeness": {
      "matched": 6,
      "score_sum": 1.9930715560913086,
      "conversation_count": 1,
      "avg_score": 0.33217859268188477
    },
    "accuracy": {
      "matched": 1,
      "score_sum": 0.5115096569061279,
      "conversation_count": 1,
      "avg_score": 0.5115096569061279
    },
    "context_awareness": {
      "matched": 4,
      "score_sum": 0.9497494101524353,
      "conversation_count": 1,
      "avg_score": 0.23743735253810883
    },
    "communication_quality": {
      "matched": 1,
      "score_sum": 0.27132952213287354,
      "conversation_count": 1,
      "avg_score": 0.27132952213287354
    },
    "instruction_following": {
      "matched": 0,
      "score_sum": 0.0,
      "conversation_count": 0
    }
  }
}