{
  "conversation_id": 2723,
  "matched": 13,
  "total_reference": 13,
  "avg_score": 0.27561538461538465,
  "avg_point_diff": 5.6923076923076925,
  "axis_stats": {
    "completeness": {
      "matched": 0,
      "score_sum": 0.0,
      "conversation_count": 0
    },
    "accuracy": {
      "matched": 7,
      "score_sum": 1.6260103464126587,
      "conversation_count": 1,
      "avg_score": 0.23228719234466552
    },
    "context_awareness": {
      "matched": 2,
      "score_sum": 0.8402815163135529,
      "conversation_count": 1,
      "avg_score": 0.42014075815677643
    },
    "communication_quality": {
      "matched": 1,
      "score_sum": 0.45131686329841614,
      "conversation_count": 1,
      "avg_score": 0.45131686329841614
    },
    "instruction_following": {
      "matched": 3,
      "score_sum": 0.666704386472702,
      "conversation_count": 1,
      "avg_score": 0.22223479549090067
    }
  }
}