{
  "conversation_id": 903,
  "matched": 11,
  "total_reference": 11,
  "avg_score": 0.31072727272727274,
  "avg_point_diff": 7.0,
  "axis_stats": {
    "completeness": {
      "matched": 4,
      "score_sum": 2.0567025542259216,
      "conversation_count": 1,
      "avg_score": 0.5141756385564804
    },
    "accuracy": {
      "matched": 4,
      "score_sum": 0.0,
      "conversation_count": 1,
      "avg_score": 0.0
    },
    "context_awareness": {
      "matched": 1,
      "score_sum": 0.46228843927383423,
      "conversation_count": 1,
      "avg_score": 0.46228843927383423
    },
    "communication_quality": {
      "matched": 1,
      "score_sum": 0.4663898468017578,
      "conversation_count": 1,
      "avg_score": 0.4663898468017578
    },
    "instruction_following": {
      "matched": 1,
      "score_sum": 0.4339112937450409,
      "conversation_count": 1,
      "avg_score": 0.4339112937450409
    }
  }
}