{
  "conversation_id": 1930,
  "matched": 15,
  "total_reference": 15,
  "avg_score": 0.20806666666666668,
  "avg_point_diff": 9.333333333333334,
  "axis_stats": {
    "completeness": {
      "matched": 2,
      "score_sum": 0.5808039307594299,
      "conversation_count": 1,
      "avg_score": 0.29040196537971497
    },
    "accuracy": {
      "matched": 6,
      "score_sum": 0.9719258069992065,
      "conversation_count": 1,
      "avg_score": 0.16198763449986775
    },
    "context_awareness": {
      "matched": 2,
      "score_sum": 0.9410136640071869,
      "conversation_count": 1,
      "avg_score": 0.47050683200359344
    },
    "communication_quality": {
      "matched": 3,
      "score_sum": 0.30737292766571045,
      "conversation_count": 1,
      "avg_score": 0.10245764255523682
    },
    "instruction_following": {
      "matched": 2,
      "score_sum": 0.3196031451225281,
      "conversation_count": 1,
      "avg_score": 0.15980157256126404
    }
  }
}