{
  "conversation_id": 2481,
  "matched": 9,
  "total_reference": 9,
  "avg_score": 0.4464444444444444,
  "avg_point_diff": 4.666666666666667,
  "axis_stats": {
    "completeness": {
      "matched": 1,
      "score_sum": 0.5065916180610657,
      "conversation_count": 1,
      "avg_score": 0.5065916180610657
    },
    "accuracy": {
      "matched": 5,
      "score_sum": 1.8115662336349487,
      "conversation_count": 1,
      "avg_score": 0.3623132467269897
    },
    "context_awareness": {
      "matched": 2,
      "score_sum": 1.1281956434249878,
      "conversation_count": 1,
      "avg_score": 0.5640978217124939
    },
    "communication_quality": {
      "matched": 0,
      "score_sum": 0.0,
      "conversation_count": 0
    },
    "instruction_following": {
      "matched": 1,
      "score_sum": 0.5716338753700256,
      "conversation_count": 1,
      "avg_score": 0.5716338753700256
    }
  }
}