{
  "conversation_id": 2567,
  "matched": 13,
  "total_reference": 13,
  "avg_score": 0.33446153846153853,
  "avg_point_diff": 6.6923076923076925,
  "axis_stats": {
    "completeness": {
      "matched": 4,
      "score_sum": 1.9999496936798096,
      "conversation_count": 1,
      "avg_score": 0.4999874234199524
    },
    "accuracy": {
      "matched": 7,
      "score_sum": 1.65548837184906,
      "conversation_count": 1,
      "avg_score": 0.23649833883558
    },
    "context_awareness": {
      "matched": 1,
      "score_sum": 0.38505837321281433,
      "conversation_count": 1,
      "avg_score": 0.38505837321281433
    },
    "communication_quality": {
      "matched": 1,
      "score_sum": 0.3071377038955689,
      "conversation_count": 1,
      "avg_score": 0.3071377038955689
    },
    "instruction_following": {
      "matched": 0,
      "score_sum": 0.0,
      "conversation_count": 0
    }
  }
}