{
  "conversation_id": 833,
  "matched": 11,
  "total_reference": 11,
  "avg_score": 0.17127272727272727,
  "avg_point_diff": 8.363636363636363,
  "axis_stats": {
    "completeness": {
      "matched": 5,
      "score_sum": 0.5239845991134644,
      "conversation_count": 1,
      "avg_score": 0.10479691982269287
    },
    "accuracy": {
      "matched": 3,
      "score_sum": 0.32527652382850647,
      "conversation_count": 1,
      "avg_score": 0.1084255079428355
    },
    "context_awareness": {
      "matched": 3,
      "score_sum": 1.0356179177761078,
      "conversation_count": 1,
      "avg_score": 0.34520597259203595
    },
    "communication_quality": {
      "matched": 0,
      "score_sum": 0.0,
      "conversation_count": 0
    },
    "instruction_following": {
      "matched": 0,
      "score_sum": 0.0,
      "conversation_count": 0
    }
  }
}