{
  "conversation_id": 2326,
  "matched": 12,
  "total_reference": 12,
  "avg_score": 0.38033333333333325,
  "avg_point_diff": 3.8333333333333335,
  "axis_stats": {
    "completeness": {
      "matched": 0,
      "score_sum": 0.0,
      "conversation_count": 0
    },
    "accuracy": {
      "matched": 6,
      "score_sum": 2.7301154732704163,
      "conversation_count": 1,
      "avg_score": 0.4550192455450694
    },
    "context_awareness": {
      "matched": 2,
      "score_sum": 0.2516622543334961,
      "conversation_count": 1,
      "avg_score": 0.12583112716674805
    },
    "communication_quality": {
      "matched": 2,
      "score_sum": 0.9882209300994873,
      "conversation_count": 1,
      "avg_score": 0.49411046504974365
    },
    "instruction_following": {
      "matched": 2,
      "score_sum": 0.5931950211524963,
      "conversation_count": 1,
      "avg_score": 0.29659751057624817
    }
  }
}