{
  "conversation_id": 92,
  "matched": 15,
  "total_reference": 15,
  "avg_score": 0.27580000000000005,
  "avg_point_diff": 4.733333333333333,
  "axis_stats": {
    "completeness": {
      "matched": 2,
      "score_sum": 0.38184481859207153,
      "conversation_count": 1,
      "avg_score": 0.19092240929603577
    },
    "accuracy": {
      "matched": 10,
      "score_sum": 2.536673152446747,
      "conversation_count": 1,
      "avg_score": 0.25366731524467473
    },
    "context_awareness": {
      "matched": 2,
      "score_sum": 0.2536718249320984,
      "conversation_count": 1,
      "avg_score": 0.1268359124660492
    },
    "communication_quality": {
      "matched": 1,
      "score_sum": 0.9650365114212036,
      "conversation_count": 1,
      "avg_score": 0.9650365114212036
    },
    "instruction_following": {
      "matched": 0,
      "score_sum": 0.0,
      "conversation_count": 0
    }
  }
}