{
  "conversation_id": 1819,
  "matched": 15,
  "total_reference": 15,
  "avg_score": 0.36886666666666673,
  "avg_point_diff": 3.466666666666667,
  "axis_stats": {
    "completeness": {
      "matched": 8,
      "score_sum": 2.924054777622223,
      "conversation_count": 1,
      "avg_score": 0.3655068472027779
    },
    "accuracy": {
      "matched": 4,
      "score_sum": 2.118283689022064,
      "conversation_count": 1,
      "avg_score": 0.529570922255516
    },
    "context_awareness": {
      "matched": 2,
      "score_sum": 0.3601362109184265,
      "conversation_count": 1,
      "avg_score": 0.18006810545921326
    },
    "communication_quality": {
      "matched": 1,
      "score_sum": 0.1308271586894989,
      "conversation_count": 1,
      "avg_score": 0.1308271586894989
    },
    "instruction_following": {
      "matched": 0,
      "score_sum": 0.0,
      "conversation_count": 0
    }
  }
}