{
  "conversation_id": 2352,
  "matched": 13,
  "total_reference": 13,
  "avg_score": 0.2510769230769231,
  "avg_point_diff": 7.538461538461538,
  "axis_stats": {
    "completeness": {
      "matched": 4,
      "score_sum": 1.1182190775871277,
      "conversation_count": 1,
      "avg_score": 0.2795547693967819
    },
    "accuracy": {
      "matched": 2,
      "score_sum": 0.48180267214775085,
      "conversation_count": 1,
      "avg_score": 0.24090133607387543
    },
    "context_awareness": {
      "matched": 3,
      "score_sum": 1.3915789127349854,
      "conversation_count": 1,
      "avg_score": 0.46385963757832843
    },
    "communication_quality": {
      "matched": 3,
      "score_sum": 0.2707971930503845,
      "conversation_count": 1,
      "avg_score": 0.09026573101679485
    },
    "instruction_following": {
      "matched": 1,
      "score_sum": 0.0,
      "conversation_count": 1,
      "avg_score": 0.0
    }
  }
}