{
  "conversation_id": 972,
  "matched": 9,
  "total_reference": 9,
  "avg_score": 0.3555555555555555,
  "avg_point_diff": 3.4444444444444446,
  "axis_stats": {
    "completeness": {
      "matched": 3,
      "score_sum": 1.1092348098754883,
      "conversation_count": 1,
      "avg_score": 0.3697449366251628
    },
    "accuracy": {
      "matched": 4,
      "score_sum": 1.0046037137508392,
      "conversation_count": 1,
      "avg_score": 0.2511509284377098
    },
    "context_awareness": {
      "matched": 0,
      "score_sum": 0.0,
      "conversation_count": 0
    },
    "communication_quality": {
      "matched": 1,
      "score_sum": 0.2591986060142517,
      "conversation_count": 1,
      "avg_score": 0.2591986060142517
    },
    "instruction_following": {
      "matched": 1,
      "score_sum": 0.8271069526672363,
      "conversation_count": 1,
      "avg_score": 0.8271069526672363
    }
  }
}