{
  "conversation_id": 582,
  "matched": 12,
  "total_reference": 12,
  "avg_score": 0.4686666666666666,
  "avg_point_diff": 3.8333333333333335,
  "axis_stats": {
    "completeness": {
      "matched": 7,
      "score_sum": 3.52253520488739,
      "conversation_count": 1,
      "avg_score": 0.5032193149839129
    },
    "accuracy": {
      "matched": 3,
      "score_sum": 1.059281051158905,
      "conversation_count": 1,
      "avg_score": 0.353093683719635
    },
    "context_awareness": {
      "matched": 1,
      "score_sum": 0.4406120777130127,
      "conversation_count": 1,
      "avg_score": 0.4406120777130127
    },
    "communication_quality": {
      "matched": 1,
      "score_sum": 0.6011659502983093,
      "conversation_count": 1,
      "avg_score": 0.6011659502983093
    },
    "instruction_following": {
      "matched": 0,
      "score_sum": 0.0,
      "conversation_count": 0
    }
  }
}