{
  "conversation_id": 1645,
  "matched": 12,
  "total_reference": 12,
  "avg_score": 0.34574999999999995,
  "avg_point_diff": 4.5,
  "axis_stats": {
    "completeness": {
      "matched": 5,
      "score_sum": 1.6302925169467928,
      "conversation_count": 1,
      "avg_score": 0.32605850338935854
    },
    "accuracy": {
      "matched": 2,
      "score_sum": 0.5260496139526367,
      "conversation_count": 1,
      "avg_score": 0.26302480697631836
    },
    "context_awareness": {
      "matched": 4,
      "score_sum": 1.3552140831947326,
      "conversation_count": 1,
      "avg_score": 0.33880352079868314
    },
    "communication_quality": {
      "matched": 1,
      "score_sum": 0.6366571187973022,
      "conversation_count": 1,
      "avg_score": 0.6366571187973022
    },
    "instruction_following": {
      "matched": 0,
      "score_sum": 0.0,
      "conversation_count": 0
    }
  }
}