{
  "conversation_id": 16,
  "matched": 11,
  "total_reference": 11,
  "avg_score": 0.33609090909090916,
  "avg_point_diff": 5.090909090909091,
  "axis_stats": {
    "completeness": {
      "matched": 2,
      "score_sum": 0.4354495108127594,
      "conversation_count": 1,
      "avg_score": 0.2177247554063797
    },
    "accuracy": {
      "matched": 3,
      "score_sum": 0.9906190037727356,
      "conversation_count": 1,
      "avg_score": 0.33020633459091187
    },
    "context_awareness": {
      "matched": 4,
      "score_sum": 2.0403444468975067,
      "conversation_count": 1,
      "avg_score": 0.5100861117243767
    },
    "communication_quality": {
      "matched": 2,
      "score_sum": 0.23191847801208498,
      "conversation_count": 1,
      "avg_score": 0.11595923900604249
    },
    "instruction_following": {
      "matched": 0,
      "score_sum": 0.0,
      "conversation_count": 0
    }
  }
}