{
  "conversation_id": 940,
  "matched": 9,
  "total_reference": 9,
  "avg_score": 0.35500000000000004,
  "avg_point_diff": 5.222222222222222,
  "axis_stats": {
    "completeness": {
      "matched": 3,
      "score_sum": 0.8540540635585785,
      "conversation_count": 1,
      "avg_score": 0.2846846878528595
    },
    "accuracy": {
      "matched": 2,
      "score_sum": 0.4729500710964203,
      "conversation_count": 1,
      "avg_score": 0.23647503554821014
    },
    "context_awareness": {
      "matched": 1,
      "score_sum": 0.5214016437530518,
      "conversation_count": 1,
      "avg_score": 0.5214016437530518
    },
    "communication_quality": {
      "matched": 0,
      "score_sum": 0.0,
      "conversation_count": 0
    },
    "instruction_following": {
      "matched": 3,
      "score_sum": 1.347458004951477,
      "conversation_count": 1,
      "avg_score": 0.449152668317159
    }
  }
}