{
  "conversation_id": 1022,
  "matched": 14,
  "total_reference": 14,
  "avg_score": 0.3703571428571429,
  "avg_point_diff": 5.071428571428571,
  "axis_stats": {
    "completeness": {
      "matched": 7,
      "score_sum": 3.0089496850967405,
      "conversation_count": 1,
      "avg_score": 0.42984995501382006
    },
    "accuracy": {
      "matched": 1,
      "score_sum": 0.389462947845459,
      "conversation_count": 1,
      "avg_score": 0.389462947845459
    },
    "context_awareness": {
      "matched": 4,
      "score_sum": 1.276050341129303,
      "conversation_count": 1,
      "avg_score": 0.31901258528232573
    },
    "communication_quality": {
      "matched": 2,
      "score_sum": 0.5106136798858643,
      "conversation_count": 1,
      "avg_score": 0.25530683994293213
    },
    "instruction_following": {
      "matched": 0,
      "score_sum": 0.0,
      "conversation_count": 0
    }
  }
}