{
  "conversation_id": 1082,
  "matched": 12,
  "total_reference": 12,
  "avg_score": 0.24858333333333338,
  "avg_point_diff": 7.0,
  "axis_stats": {
    "completeness": {
      "matched": 4,
      "score_sum": 1.4177426099777222,
      "conversation_count": 1,
      "avg_score": 0.35443565249443054
    },
    "accuracy": {
      "matched": 1,
      "score_sum": 0.19035924971103668,
      "conversation_count": 1,
      "avg_score": 0.19035924971103668
    },
    "context_awareness": {
      "matched": 2,
      "score_sum": 0.5913007259368896,
      "conversation_count": 1,
      "avg_score": 0.2956503629684448
    },
    "communication_quality": {
      "matched": 2,
      "score_sum": 0.5180888175964355,
      "conversation_count": 1,
      "avg_score": 0.2590444087982178
    },
    "instruction_following": {
      "matched": 3,
      "score_sum": 0.2664174437522888,
      "conversation_count": 1,
      "avg_score": 0.08880581458409627
    }
  }
}