{
  "conversation_id": 1761,
  "matched": 15,
  "total_reference": 15,
  "avg_score": 0.37039999999999995,
  "avg_point_diff": 5.466666666666667,
  "axis_stats": {
    "completeness": {
      "matched": 11,
      "score_sum": 4.402063107490539,
      "conversation_count": 1,
      "avg_score": 0.40018755522641264
    },
    "accuracy": {
      "matched": 3,
      "score_sum": 0.9873733520507812,
      "conversation_count": 1,
      "avg_score": 0.32912445068359375
    },
    "context_awareness": {
      "matched": 0,
      "score_sum": 0.0,
      "conversation_count": 0
    },
    "communication_quality": {
      "matched": 1,
      "score_sum": 0.16749772429466248,
      "conversation_count": 1,
      "avg_score": 0.16749772429466248
    },
    "instruction_following": {
      "matched": 0,
      "score_sum": 0.0,
      "conversation_count": 0
    }
  }
}