{
  "conversation_id": 2720,
  "matched": 15,
  "total_reference": 15,
  "avg_score": 0.3573333333333333,
  "avg_point_diff": 5.333333333333333,
  "axis_stats": {
    "completeness": {
      "matched": 5,
      "score_sum": 2.27246675491333,
      "conversation_count": 1,
      "avg_score": 0.454493350982666
    },
    "accuracy": {
      "matched": 5,
      "score_sum": 1.372740352153778,
      "conversation_count": 1,
      "avg_score": 0.2745480704307556
    },
    "context_awareness": {
      "matched": 3,
      "score_sum": 1.4192783176898955,
      "conversation_count": 1,
      "avg_score": 0.4730927725632985
    },
    "communication_quality": {
      "matched": 1,
      "score_sum": 0.29469364881515503,
      "conversation_count": 1,
      "avg_score": 0.29469364881515503
    },
    "instruction_following": {
      "matched": 1,
      "score_sum": 0.0,
      "conversation_count": 1,
      "avg_score": 0.0
    }
  }
}