{
  "conversation_id": 1259,
  "matched": 15,
  "total_reference": 15,
  "avg_score": 0.18286666666666665,
  "avg_point_diff": 7.333333333333333,
  "axis_stats": {
    "completeness": {
      "matched": 3,
      "score_sum": 0.19709187746047974,
      "conversation_count": 1,
      "avg_score": 0.06569729248682658
    },
    "accuracy": {
      "matched": 1,
      "score_sum": 0.27149415016174316,
      "conversation_count": 1,
      "avg_score": 0.27149415016174316
    },
    "context_awareness": {
      "matched": 9,
      "score_sum": 1.298821684718132,
      "conversation_count": 1,
      "avg_score": 0.14431352052423688
    },
    "communication_quality": {
      "matched": 2,
      "score_sum": 0.9773571491241455,
      "conversation_count": 1,
      "avg_score": 0.48867857456207275
    },
    "instruction_following": {
      "matched": 0,
      "score_sum": 0.0,
      "conversation_count": 0
    }
  }
}