{
  "conversation_id": 602,
  "matched": 8,
  "total_reference": 8,
  "avg_score": 0.38049999999999995,
  "avg_point_diff": 4.375,
  "axis_stats": {
    "completeness": {
      "matched": 2,
      "score_sum": 1.3302282094955444,
      "conversation_count": 1,
      "avg_score": 0.6651141047477722
    },
    "accuracy": {
      "matched": 2,
      "score_sum": 0.38866767287254333,
      "conversation_count": 1,
      "avg_score": 0.19433383643627167
    },
    "context_awareness": {
      "matched": 2,
      "score_sum": 0.569257378578186,
      "conversation_count": 1,
      "avg_score": 0.284628689289093
    },
    "communication_quality": {
      "matched": 1,
      "score_sum": 0.3990638852119446,
      "conversation_count": 1,
      "avg_score": 0.3990638852119446
    },
    "instruction_following": {
      "matched": 1,
      "score_sum": 0.3562667965888977,
      "conversation_count": 1,
      "avg_score": 0.3562667965888977
    }
  }
}