{
  "conversation_id": 1749,
  "matched": 15,
  "total_reference": 15,
  "avg_score": 0.4516,
  "avg_point_diff": 4.466666666666667,
  "axis_stats": {
    "completeness": {
      "matched": 7,
      "score_sum": 3.373604476451874,
      "conversation_count": 1,
      "avg_score": 0.48194349663598196
    },
    "accuracy": {
      "matched": 4,
      "score_sum": 0.9043679535388947,
      "conversation_count": 1,
      "avg_score": 0.22609198838472366
    },
    "context_awareness": {
      "matched": 3,
      "score_sum": 1.6534751057624817,
      "conversation_count": 1,
      "avg_score": 0.5511583685874939
    },
    "communication_quality": {
      "matched": 0,
      "score_sum": 0.0,
      "conversation_count": 0
    },
    "instruction_following": {
      "matched": 1,
      "score_sum": 0.8432556390762329,
      "conversation_count": 1,
      "avg_score": 0.8432556390762329
    }
  }
}