{
  "conversation_id": 482,
  "matched": 13,
  "total_reference": 13,
  "avg_score": 0.4543076923076923,
  "avg_point_diff": 4.461538461538462,
  "axis_stats": {
    "completeness": {
      "matched": 3,
      "score_sum": 1.2682709097862244,
      "conversation_count": 1,
      "avg_score": 0.42275696992874146
    },
    "accuracy": {
      "matched": 3,
      "score_sum": 1.0048072338104248,
      "conversation_count": 1,
      "avg_score": 0.3349357446034749
    },
    "context_awareness": {
      "matched": 4,
      "score_sum": 2.5884140729904175,
      "conversation_count": 1,
      "avg_score": 0.6471035182476044
    },
    "communication_quality": {
      "matched": 3,
      "score_sum": 1.0444708466529846,
      "conversation_count": 1,
      "avg_score": 0.3481569488843282
    },
    "instruction_following": {
      "matched": 0,
      "score_sum": 0.0,
      "conversation_count": 0
    }
  }
}