{
  "conversation_id": 1185,
  "matched": 14,
  "total_reference": 14,
  "avg_score": 0.2937857142857143,
  "avg_point_diff": 6.285714285714286,
  "axis_stats": {
    "completeness": {
      "matched": 10,
      "score_sum": 2.900803118944168,
      "conversation_count": 1,
      "avg_score": 0.2900803118944168
    },
    "accuracy": {
      "matched": 1,
      "score_sum": 0.35419005155563354,
      "conversation_count": 1,
      "avg_score": 0.35419005155563354
    },
    "context_awareness": {
      "matched": 1,
      "score_sum": 0.6662207841873169,
      "conversation_count": 1,
      "avg_score": 0.6662207841873169
    },
    "communication_quality": {
      "matched": 2,
      "score_sum": 0.19228315353393555,
      "conversation_count": 1,
      "avg_score": 0.09614157676696777
    },
    "instruction_following": {
      "matched": 0,
      "score_sum": 0.0,
      "conversation_count": 0
    }
  }
}