{
  "conversation_id": 1485,
  "matched": 14,
  "total_reference": 14,
  "avg_score": 0.28264285714285714,
  "avg_point_diff": 6.214285714285714,
  "axis_stats": {
    "completeness": {
      "matched": 0,
      "score_sum": 0.0,
      "conversation_count": 0
    },
    "accuracy": {
      "matched": 3,
      "score_sum": 0.4462910592556,
      "conversation_count": 1,
      "avg_score": 0.14876368641853333
    },
    "context_awareness": {
      "matched": 8,
      "score_sum": 2.037831425666809,
      "conversation_count": 1,
      "avg_score": 0.25472892820835114
    },
    "communication_quality": {
      "matched": 1,
      "score_sum": 0.6914876103401184,
      "conversation_count": 1,
      "avg_score": 0.6914876103401184
    },
    "instruction_following": {
      "matched": 2,
      "score_sum": 0.7823604047298431,
      "conversation_count": 1,
      "avg_score": 0.39118020236492157
    }
  }
}