{
  "conversation_id": 2286,
  "matched": 9,
  "total_reference": 9,
  "avg_score": 0.32122222222222224,
  "avg_point_diff": 4.333333333333333,
  "axis_stats": {
    "completeness": {
      "matched": 1,
      "score_sum": 0.0,
      "conversation_count": 1,
      "avg_score": 0.0
    },
    "accuracy": {
      "matched": 2,
      "score_sum": 1.039893627166748,
      "conversation_count": 1,
      "avg_score": 0.519946813583374
    },
    "context_awareness": {
      "matched": 2,
      "score_sum": 0.6940328478813171,
      "conversation_count": 1,
      "avg_score": 0.34701642394065857
    },
    "communication_quality": {
      "matched": 1,
      "score_sum": 0.33026280999183655,
      "conversation_count": 1,
      "avg_score": 0.33026280999183655
    },
    "instruction_following": {
      "matched": 3,
      "score_sum": 0.8265474319458008,
      "conversation_count": 1,
      "avg_score": 0.27551581064860026
    }
  }
}