{
  "conversation_id": 1162,
  "matched": 14,
  "total_reference": 14,
  "avg_score": 0.4539999999999999,
  "avg_point_diff": 4.428571428571429,
  "axis_stats": {
    "completeness": {
      "matched": 6,
      "score_sum": 2.174894654750824,
      "conversation_count": 1,
      "avg_score": 0.36248244245847067
    },
    "accuracy": {
      "matched": 4,
      "score_sum": 1.9640843272209167,
      "conversation_count": 1,
      "avg_score": 0.4910210818052292
    },
    "context_awareness": {
      "matched": 3,
      "score_sum": 1.3919523060321808,
      "conversation_count": 1,
      "avg_score": 0.46398410201072693
    },
    "communication_quality": {
      "matched": 1,
      "score_sum": 0.8262462615966797,
      "conversation_count": 1,
      "avg_score": 0.8262462615966797
    },
    "instruction_following": {
      "matched": 0,
      "score_sum": 0.0,
      "conversation_count": 0
    }
  }
}