{
  "conversation_id": 1642,
  "matched": 10,
  "total_reference": 10,
  "avg_score": 0.33619999999999994,
  "avg_point_diff": 4.9,
  "axis_stats": {
    "completeness": {
      "matched": 2,
      "score_sum": 0.9846038222312927,
      "conversation_count": 1,
      "avg_score": 0.49230191111564636
    },
    "accuracy": {
      "matched": 5,
      "score_sum": 1.2066150307655334,
      "conversation_count": 1,
      "avg_score": 0.2413230061531067
    },
    "context_awareness": {
      "matched": 1,
      "score_sum": 0.4546282768249512,
      "conversation_count": 1,
      "avg_score": 0.4546282768249512
    },
    "communication_quality": {
      "matched": 1,
      "score_sum": 0.0,
      "conversation_count": 1,
      "avg_score": 0.0
    },
    "instruction_following": {
      "matched": 1,
      "score_sum": 0.7165237665176392,
      "conversation_count": 1,
      "avg_score": 0.7165237665176392
    }
  }
}