{
  "conversation_id": 1196,
  "matched": 12,
  "total_reference": 12,
  "avg_score": 0.32099999999999995,
  "avg_point_diff": 7.083333333333333,
  "axis_stats": {
    "completeness": {
      "matched": 6,
      "score_sum": 0.9442666471004486,
      "conversation_count": 1,
      "avg_score": 0.15737777451674143
    },
    "accuracy": {
      "matched": 3,
      "score_sum": 1.355283832550049,
      "conversation_count": 1,
      "avg_score": 0.451761277516683
    },
    "context_awareness": {
      "matched": 2,
      "score_sum": 1.054045021533966,
      "conversation_count": 1,
      "avg_score": 0.527022510766983
    },
    "communication_quality": {
      "matched": 1,
      "score_sum": 0.49805858731269836,
      "conversation_count": 1,
      "avg_score": 0.49805858731269836
    },
    "instruction_following": {
      "matched": 0,
      "score_sum": 0.0,
      "conversation_count": 0
    }
  }
}