{
  "conversation_id": 1867,
  "matched": 13,
  "total_reference": 13,
  "avg_score": 0.2919230769230769,
  "avg_point_diff": 6.6923076923076925,
  "axis_stats": {
    "completeness": {
      "matched": 5,
      "score_sum": 1.3091993927955627,
      "conversation_count": 1,
      "avg_score": 0.26183987855911256
    },
    "accuracy": {
      "matched": 2,
      "score_sum": 0.5781539916992188,
      "conversation_count": 1,
      "avg_score": 0.2890769958496094
    },
    "context_awareness": {
      "matched": 4,
      "score_sum": 1.6931046009063722,
      "conversation_count": 1,
      "avg_score": 0.42327615022659304
    },
    "communication_quality": {
      "matched": 2,
      "score_sum": 0.21381857991218567,
      "conversation_count": 1,
      "avg_score": 0.10690928995609283
    },
    "instruction_following": {
      "matched": 0,
      "score_sum": 0.0,
      "conversation_count": 0
    }
  }
}