{
  "conversation_id": 1147,
  "matched": 12,
  "total_reference": 12,
  "avg_score": 0.3485833333333333,
  "avg_point_diff": 5.083333333333333,
  "axis_stats": {
    "completeness": {
      "matched": 8,
      "score_sum": 2.8387967586517333,
      "conversation_count": 1,
      "avg_score": 0.35484959483146666
    },
    "accuracy": {
      "matched": 1,
      "score_sum": 0.42315092086791994,
      "conversation_count": 1,
      "avg_score": 0.42315092086791994
    },
    "context_awareness": {
      "matched": 1,
      "score_sum": 0.4059399962425232,
      "conversation_count": 1,
      "avg_score": 0.4059399962425232
    },
    "communication_quality": {
      "matched": 1,
      "score_sum": 0.0,
      "conversation_count": 1,
      "avg_score": 0.0
    },
    "instruction_following": {
      "matched": 1,
      "score_sum": 0.5154278874397278,
      "conversation_count": 1,
      "avg_score": 0.5154278874397278
    }
  }
}