{
  "conversation_id": 317,
  "matched": 9,
  "total_reference": 9,
  "avg_score": 0.36611111111111116,
  "avg_point_diff": 5.666666666666667,
  "axis_stats": {
    "completeness": {
      "matched": 2,
      "score_sum": 0.6366998553276062,
      "conversation_count": 1,
      "avg_score": 0.3183499276638031
    },
    "accuracy": {
      "matched": 5,
      "score_sum": 1.8672951757907867,
      "conversation_count": 1,
      "avg_score": 0.37345903515815737
    },
    "context_awareness": {
      "matched": 1,
      "score_sum": 0.3484949469566345,
      "conversation_count": 1,
      "avg_score": 0.3484949469566345
    },
    "communication_quality": {
      "matched": 1,
      "score_sum": 0.4427759647369385,
      "conversation_count": 1,
      "avg_score": 0.4427759647369385
    },
    "instruction_following": {
      "matched": 0,
      "score_sum": 0.0,
      "conversation_count": 0
    }
  }
}