{
  "conversation_id": 2078,
  "matched": 9,
  "total_reference": 9,
  "avg_score": 0.39144444444444443,
  "avg_point_diff": 5.111111111111111,
  "axis_stats": {
    "completeness": {
      "matched": 4,
      "score_sum": 2.169116258621216,
      "conversation_count": 1,
      "avg_score": 0.542279064655304
    },
    "accuracy": {
      "matched": 1,
      "score_sum": 0.48559486865997314,
      "conversation_count": 1,
      "avg_score": 0.48559486865997314
    },
    "context_awareness": {
      "matched": 2,
      "score_sum": 0.2678939700126648,
      "conversation_count": 1,
      "avg_score": 0.1339469850063324
    },
    "communication_quality": {
      "matched": 1,
      "score_sum": 0.6001169085502625,
      "conversation_count": 1,
      "avg_score": 0.6001169085502625
    },
    "instruction_following": {
      "matched": 1,
      "score_sum": 0.0,
      "conversation_count": 1,
      "avg_score": 0.0
    }
  }
}