{
  "conversation_id": 1148,
  "matched": 13,
  "total_reference": 13,
  "avg_score": 0.25161538461538463,
  "avg_point_diff": 6.3076923076923075,
  "axis_stats": {
    "completeness": {
      "matched": 8,
      "score_sum": 1.2807929754257203,
      "conversation_count": 1,
      "avg_score": 0.16009912192821504
    },
    "accuracy": {
      "matched": 2,
      "score_sum": 1.4328501224517822,
      "conversation_count": 1,
      "avg_score": 0.7164250612258911
    },
    "context_awareness": {
      "matched": 1,
      "score_sum": 0.32972392439842224,
      "conversation_count": 1,
      "avg_score": 0.32972392439842224
    },
    "communication_quality": {
      "matched": 2,
      "score_sum": 0.22736883163452148,
      "conversation_count": 1,
      "avg_score": 0.11368441581726074
    },
    "instruction_following": {
      "matched": 0,
      "score_sum": 0.0,
      "conversation_count": 0
    }
  }
}