{
  "conversation_id": 471,
  "matched": 14,
  "total_reference": 14,
  "avg_score": 0.31221428571428567,
  "avg_point_diff": 5.142857142857143,
  "axis_stats": {
    "completeness": {
      "matched": 5,
      "score_sum": 1.0942786633968353,
      "conversation_count": 1,
      "avg_score": 0.21885573267936706
    },
    "accuracy": {
      "matched": 7,
      "score_sum": 2.8840933442115784,
      "conversation_count": 1,
      "avg_score": 0.41201333488736835
    },
    "context_awareness": {
      "matched": 1,
      "score_sum": 0.26044814586639403,
      "conversation_count": 1,
      "avg_score": 0.26044814586639403
    },
    "communication_quality": {
      "matched": 0,
      "score_sum": 0.0,
      "conversation_count": 0
    },
    "instruction_following": {
      "matched": 1,
      "score_sum": 0.1325891762971878,
      "conversation_count": 1,
      "avg_score": 0.1325891762971878
    }
  }
}