{
  "conversation_id": 1120,
  "matched": 12,
  "total_reference": 12,
  "avg_score": 0.38266666666666665,
  "avg_point_diff": 7.0,
  "axis_stats": {
    "completeness": {
      "matched": 6,
      "score_sum": 3.430572748184204,
      "conversation_count": 1,
      "avg_score": 0.5717621246973673
    },
    "accuracy": {
      "matched": 4,
      "score_sum": 0.4247613430023194,
      "conversation_count": 1,
      "avg_score": 0.10619033575057985
    },
    "context_awareness": {
      "matched": 1,
      "score_sum": 0.411473560333252,
      "conversation_count": 1,
      "avg_score": 0.411473560333252
    },
    "communication_quality": {
      "matched": 1,
      "score_sum": 0.3249508857727051,
      "conversation_count": 1,
      "avg_score": 0.3249508857727051
    },
    "instruction_following": {
      "matched": 0,
      "score_sum": 0.0,
      "conversation_count": 0
    }
  }
}