{
  "conversation_id": 2143,
  "matched": 13,
  "total_reference": 13,
  "avg_score": 0.2026153846153846,
  "avg_point_diff": 7.076923076923077,
  "axis_stats": {
    "completeness": {
      "matched": 8,
      "score_sum": 1.4153721034526825,
      "conversation_count": 1,
      "avg_score": 0.1769215129315853
    },
    "accuracy": {
      "matched": 2,
      "score_sum": 0.49699386954307556,
      "conversation_count": 1,
      "avg_score": 0.24849693477153778
    },
    "context_awareness": {
      "matched": 3,
      "score_sum": 0.7231815159320831,
      "conversation_count": 1,
      "avg_score": 0.24106050531069437
    },
    "communication_quality": {
      "matched": 0,
      "score_sum": 0.0,
      "conversation_count": 0
    },
    "instruction_following": {
      "matched": 0,
      "score_sum": 0.0,
      "conversation_count": 0
    }
  }
}