{
  "conversation_id": 1175,
  "matched": 13,
  "total_reference": 13,
  "avg_score": 0.2903076923076923,
  "avg_point_diff": 4.538461538461538,
  "axis_stats": {
    "completeness": {
      "matched": 4,
      "score_sum": 1.330928772687912,
      "conversation_count": 1,
      "avg_score": 0.332732193171978
    },
    "accuracy": {
      "matched": 4,
      "score_sum": 0.752756267786026,
      "conversation_count": 1,
      "avg_score": 0.1881890669465065
    },
    "context_awareness": {
      "matched": 3,
      "score_sum": 1.231037586927414,
      "conversation_count": 1,
      "avg_score": 0.410345862309138
    },
    "communication_quality": {
      "matched": 0,
      "score_sum": 0.0,
      "conversation_count": 0
    },
    "instruction_following": {
      "matched": 2,
      "score_sum": 0.46044149398803713,
      "conversation_count": 1,
      "avg_score": 0.23022074699401857
    }
  }
}