{
  "conversation_id": 155,
  "matched": 15,
  "total_reference": 15,
  "avg_score": 0.2523333333333333,
  "avg_point_diff": 6.8,
  "axis_stats": {
    "completeness": {
      "matched": 7,
      "score_sum": 2.578141760826111,
      "conversation_count": 1,
      "avg_score": 0.3683059658323016
    },
    "accuracy": {
      "matched": 2,
      "score_sum": 0.47143256664276123,
      "conversation_count": 1,
      "avg_score": 0.23571628332138062
    },
    "context_awareness": {
      "matched": 1,
      "score_sum": 0.47591477632522583,
      "conversation_count": 1,
      "avg_score": 0.47591477632522583
    },
    "communication_quality": {
      "matched": 2,
      "score_sum": 0.2601446807384491,
      "conversation_count": 1,
      "avg_score": 0.13007234036922455
    },
    "instruction_following": {
      "matched": 3,
      "score_sum": 0.0,
      "conversation_count": 1,
      "avg_score": 0.0
    }
  }
}