{
  "conversation_id": 286,
  "matched": 12,
  "total_reference": 12,
  "avg_score": 0.45191666666666674,
  "avg_point_diff": 5.333333333333333,
  "axis_stats": {
    "completeness": {
      "matched": 5,
      "score_sum": 2.332771360874176,
      "conversation_count": 1,
      "avg_score": 0.4665542721748352
    },
    "accuracy": {
      "matched": 4,
      "score_sum": 2.054702401161194,
      "conversation_count": 1,
      "avg_score": 0.5136756002902985
    },
    "context_awareness": {
      "matched": 1,
      "score_sum": 0.4576019048690796,
      "conversation_count": 1,
      "avg_score": 0.4576019048690796
    },
    "communication_quality": {
      "matched": 2,
      "score_sum": 0.5784633159637451,
      "conversation_count": 1,
      "avg_score": 0.28923165798187256
    },
    "instruction_following": {
      "matched": 0,
      "score_sum": 0.0,
      "conversation_count": 0
    }
  }
}