{
  "conversation_id": 2196,
  "matched": 10,
  "total_reference": 10,
  "avg_score": 0.3525,
  "avg_point_diff": 4.3,
  "axis_stats": {
    "completeness": {
      "matched": 3,
      "score_sum": 0.9798418283462524,
      "conversation_count": 1,
      "avg_score": 0.32661394278208417
    },
    "accuracy": {
      "matched": 4,
      "score_sum": 1.9071335554122926,
      "conversation_count": 1,
      "avg_score": 0.47678338885307314
    },
    "context_awareness": {
      "matched": 2,
      "score_sum": 0.4784964919090271,
      "conversation_count": 1,
      "avg_score": 0.23924824595451355
    },
    "communication_quality": {
      "matched": 1,
      "score_sum": 0.1604696035385132,
      "conversation_count": 1,
      "avg_score": 0.1604696035385132
    },
    "instruction_following": {
      "matched": 0,
      "score_sum": 0.0,
      "conversation_count": 0
    }
  }
}