{
  "conversation_id": 2716,
  "matched": 15,
  "total_reference": 15,
  "avg_score": 0.37100000000000005,
  "avg_point_diff": 5.4,
  "axis_stats": {
    "completeness": {
      "matched": 0,
      "score_sum": 0.0,
      "conversation_count": 0
    },
    "accuracy": {
      "matched": 2,
      "score_sum": 0.3111760139465332,
      "conversation_count": 1,
      "avg_score": 0.1555880069732666
    },
    "context_awareness": {
      "matched": 3,
      "score_sum": 0.5071042776107788,
      "conversation_count": 1,
      "avg_score": 0.16903475920359293
    },
    "communication_quality": {
      "matched": 4,
      "score_sum": 1.7856203317642212,
      "conversation_count": 1,
      "avg_score": 0.4464050829410553
    },
    "instruction_following": {
      "matched": 6,
      "score_sum": 2.960952860116959,
      "conversation_count": 1,
      "avg_score": 0.4934921433528265
    }
  }
}