{
  "conversation_id": 733,
  "matched": 11,
  "total_reference": 11,
  "avg_score": 0.43809090909090914,
  "avg_point_diff": 4.090909090909091,
  "axis_stats": {
    "completeness": {
      "matched": 3,
      "score_sum": 1.3057957768440247,
      "conversation_count": 1,
      "avg_score": 0.4352652589480082
    },
    "accuracy": {
      "matched": 1,
      "score_sum": 0.35200037956237795,
      "conversation_count": 1,
      "avg_score": 0.35200037956237795
    },
    "context_awareness": {
      "matched": 3,
      "score_sum": 1.713682472705841,
      "conversation_count": 1,
      "avg_score": 0.571227490901947
    },
    "communication_quality": {
      "matched": 0,
      "score_sum": 0.0,
      "conversation_count": 0
    },
    "instruction_following": {
      "matched": 4,
      "score_sum": 1.446776568889618,
      "conversation_count": 1,
      "avg_score": 0.3616941422224045
    }
  }
}