{
  "conversation_id": 2216,
  "matched": 12,
  "total_reference": 12,
  "avg_score": 0.26,
  "avg_point_diff": 5.916666666666667,
  "axis_stats": {
    "completeness": {
      "matched": 7,
      "score_sum": 2.0030865728855134,
      "conversation_count": 1,
      "avg_score": 0.2861552246979305
    },
    "accuracy": {
      "matched": 2,
      "score_sum": 0.4743988990783692,
      "conversation_count": 1,
      "avg_score": 0.2371994495391846
    },
    "context_awareness": {
      "matched": 2,
      "score_sum": 0.32832443714141846,
      "conversation_count": 1,
      "avg_score": 0.16416221857070923
    },
    "communication_quality": {
      "matched": 1,
      "score_sum": 0.3151678442955017,
      "conversation_count": 1,
      "avg_score": 0.3151678442955017
    },
    "instruction_following": {
      "matched": 0,
      "score_sum": 0.0,
      "conversation_count": 0
    }
  }
}