{
  "conversation_id": 1620,
  "matched": 12,
  "total_reference": 12,
  "avg_score": 0.37833333333333335,
  "avg_point_diff": 4.25,
  "axis_stats": {
    "completeness": {
      "matched": 2,
      "score_sum": 1.125870555639267,
      "conversation_count": 1,
      "avg_score": 0.5629352778196335
    },
    "accuracy": {
      "matched": 7,
      "score_sum": 2.4041886031627655,
      "conversation_count": 1,
      "avg_score": 0.34345551473753794
    },
    "context_awareness": {
      "matched": 1,
      "score_sum": 0.2253953516483307,
      "conversation_count": 1,
      "avg_score": 0.2253953516483307
    },
    "communication_quality": {
      "matched": 1,
      "score_sum": 0.3742966055870056,
      "conversation_count": 1,
      "avg_score": 0.3742966055870056
    },
    "instruction_following": {
      "matched": 1,
      "score_sum": 0.4122413396835327,
      "conversation_count": 1,
      "avg_score": 0.4122413396835327
    }
  }
}