{
  "conversation_id": 479,
  "matched": 15,
  "total_reference": 15,
  "avg_score": 0.21453333333333333,
  "avg_point_diff": 6.133333333333334,
  "axis_stats": {
    "completeness": {
      "matched": 8,
      "score_sum": 1.3585852146148683,
      "conversation_count": 1,
      "avg_score": 0.16982315182685853
    },
    "accuracy": {
      "matched": 1,
      "score_sum": 0.1949642151594162,
      "conversation_count": 1,
      "avg_score": 0.1949642151594162
    },
    "context_awareness": {
      "matched": 2,
      "score_sum": 1.0558839440345764,
      "conversation_count": 1,
      "avg_score": 0.5279419720172882
    },
    "communication_quality": {
      "matched": 2,
      "score_sum": 0.22161924839019775,
      "conversation_count": 1,
      "avg_score": 0.11080962419509888
    },
    "instruction_following": {
      "matched": 2,
      "score_sum": 0.3859977722167969,
      "conversation_count": 1,
      "avg_score": 0.19299888610839844
    }
  }
}