{
  "conversation_id": 2290,
  "matched": 11,
  "total_reference": 11,
  "avg_score": 0.2943636363636364,
  "avg_point_diff": 6.7272727272727275,
  "axis_stats": {
    "completeness": {
      "matched": 3,
      "score_sum": 1.274497777223587,
      "conversation_count": 1,
      "avg_score": 0.42483259240786236
    },
    "accuracy": {
      "matched": 3,
      "score_sum": 0.918021059036255,
      "conversation_count": 1,
      "avg_score": 0.30600701967875166
    },
    "context_awareness": {
      "matched": 3,
      "score_sum": 0.8914109468460083,
      "conversation_count": 1,
      "avg_score": 0.29713698228200275
    },
    "communication_quality": {
      "matched": 1,
      "score_sum": 0.0,
      "conversation_count": 1,
      "avg_score": 0.0
    },
    "instruction_following": {
      "matched": 1,
      "score_sum": 0.15387526154518127,
      "conversation_count": 1,
      "avg_score": 0.15387526154518127
    }
  }
}