{
  "conversation_id": 2591,
  "matched": 11,
  "total_reference": 11,
  "avg_score": 0.32390909090909087,
  "avg_point_diff": 6.2727272727272725,
  "axis_stats": {
    "completeness": {
      "matched": 3,
      "score_sum": 0.46207094192504883,
      "conversation_count": 1,
      "avg_score": 0.1540236473083496
    },
    "accuracy": {
      "matched": 1,
      "score_sum": 0.40775907039642334,
      "conversation_count": 1,
      "avg_score": 0.40775907039642334
    },
    "context_awareness": {
      "matched": 2,
      "score_sum": 0.5323171615600586,
      "conversation_count": 1,
      "avg_score": 0.2661585807800293
    },
    "communication_quality": {
      "matched": 4,
      "score_sum": 1.5463610589504242,
      "conversation_count": 1,
      "avg_score": 0.38659026473760605
    },
    "instruction_following": {
      "matched": 1,
      "score_sum": 0.6154565215110779,
      "conversation_count": 1,
      "avg_score": 0.6154565215110779
    }
  }
}