{
  "conversation_id": 2726,
  "matched": 11,
  "total_reference": 11,
  "avg_score": 0.3544545454545455,
  "avg_point_diff": 5.2727272727272725,
  "axis_stats": {
    "completeness": {
      "matched": 6,
      "score_sum": 1.3830727249383927,
      "conversation_count": 1,
      "avg_score": 0.23051212082306546
    },
    "accuracy": {
      "matched": 2,
      "score_sum": 0.806303608417511,
      "conversation_count": 1,
      "avg_score": 0.4031518042087555
    },
    "context_awareness": {
      "matched": 2,
      "score_sum": 1.3002738475799562,
      "conversation_count": 1,
      "avg_score": 0.6501369237899781
    },
    "communication_quality": {
      "matched": 1,
      "score_sum": 0.41011789441108704,
      "conversation_count": 1,
      "avg_score": 0.41011789441108704
    },
    "instruction_following": {
      "matched": 0,
      "score_sum": 0.0,
      "conversation_count": 0
    }
  }
}