{
  "conversation_id": 627,
  "matched": 14,
  "total_reference": 14,
  "avg_score": 0.3193571428571428,
  "avg_point_diff": 3.5,
  "axis_stats": {
    "completeness": {
      "matched": 6,
      "score_sum": 1.8592241406440735,
      "conversation_count": 1,
      "avg_score": 0.3098706901073456
    },
    "accuracy": {
      "matched": 6,
      "score_sum": 2.138347339630127,
      "conversation_count": 1,
      "avg_score": 0.3563912232716879
    },
    "context_awareness": {
      "matched": 0,
      "score_sum": 0.0,
      "conversation_count": 0
    },
    "communication_quality": {
      "matched": 1,
      "score_sum": 0.2239099979400635,
      "conversation_count": 1,
      "avg_score": 0.2239099979400635
    },
    "instruction_following": {
      "matched": 1,
      "score_sum": 0.24876785278320312,
      "conversation_count": 1,
      "avg_score": 0.24876785278320312
    }
  }
}