{
  "conversation_id": 1060,
  "matched": 15,
  "total_reference": 15,
  "avg_score": 0.2618,
  "avg_point_diff": 6.933333333333334,
  "axis_stats": {
    "completeness": {
      "matched": 7,
      "score_sum": 2.6678009033203125,
      "conversation_count": 1,
      "avg_score": 0.38111441476004465
    },
    "accuracy": {
      "matched": 3,
      "score_sum": 0.7077751159667969,
      "conversation_count": 1,
      "avg_score": 0.23592503865559897
    },
    "context_awareness": {
      "matched": 2,
      "score_sum": 0.2760600566864014,
      "conversation_count": 1,
      "avg_score": 0.1380300283432007
    },
    "communication_quality": {
      "matched": 3,
      "score_sum": 0.2751842737197876,
      "conversation_count": 1,
      "avg_score": 0.0917280912399292
    },
    "instruction_following": {
      "matched": 0,
      "score_sum": 0.0,
      "conversation_count": 0
    }
  }
}