{
  "conversation_id": 1938,
  "matched": 8,
  "total_reference": 8,
  "avg_score": 0.499875,
  "avg_point_diff": 2.625,
  "axis_stats": {
    "completeness": {
      "matched": 1,
      "score_sum": 0.75238037109375,
      "conversation_count": 1,
      "avg_score": 0.75238037109375
    },
    "accuracy": {
      "matched": 2,
      "score_sum": 0.9913694977760316,
      "conversation_count": 1,
      "avg_score": 0.4956847488880158
    },
    "context_awareness": {
      "matched": 2,
      "score_sum": 0.7131917476654053,
      "conversation_count": 1,
      "avg_score": 0.35659587383270264
    },
    "communication_quality": {
      "matched": 1,
      "score_sum": 0.5360368490219116,
      "conversation_count": 1,
      "avg_score": 0.5360368490219116
    },
    "instruction_following": {
      "matched": 2,
      "score_sum": 1.0074247121810913,
      "conversation_count": 1,
      "avg_score": 0.5037123560905457
    }
  }
}