{
  "conversation_id": 1647,
  "matched": 11,
  "total_reference": 11,
  "avg_score": 0.2925454545454545,
  "avg_point_diff": 8.0,
  "axis_stats": {
    "completeness": {
      "matched": 4,
      "score_sum": 1.1952673196792603,
      "conversation_count": 1,
      "avg_score": 0.29881682991981506
    },
    "accuracy": {
      "matched": 2,
      "score_sum": 0.3907936215400696,
      "conversation_count": 1,
      "avg_score": 0.1953968107700348
    },
    "context_awareness": {
      "matched": 2,
      "score_sum": 0.49308374524116516,
      "conversation_count": 1,
      "avg_score": 0.24654187262058258
    },
    "communication_quality": {
      "matched": 0,
      "score_sum": 0.0,
      "conversation_count": 0
    },
    "instruction_following": {
      "matched": 3,
      "score_sum": 1.1393924951553345,
      "conversation_count": 1,
      "avg_score": 0.3797974983851115
    }
  }
}