{
  "conversation_id": 1668,
  "matched": 12,
  "total_reference": 12,
  "avg_score": 0.3149166666666667,
  "avg_point_diff": 5.5,
  "axis_stats": {
    "completeness": {
      "matched": 6,
      "score_sum": 2.5459057092666626,
      "conversation_count": 1,
      "avg_score": 0.4243176182111104
    },
    "accuracy": {
      "matched": 2,
      "score_sum": 0.275992488861084,
      "conversation_count": 1,
      "avg_score": 0.137996244430542
    },
    "context_awareness": {
      "matched": 3,
      "score_sum": 0.7116128921508789,
      "conversation_count": 1,
      "avg_score": 0.23720429738362628
    },
    "communication_quality": {
      "matched": 0,
      "score_sum": 0.0,
      "conversation_count": 0
    },
    "instruction_following": {
      "matched": 1,
      "score_sum": 0.2456035315990448,
      "conversation_count": 1,
      "avg_score": 0.2456035315990448
    }
  }
}