{
  "conversation_id": 984,
  "matched": 14,
  "total_reference": 14,
  "avg_score": 0.3070714285714286,
  "avg_point_diff": 6.357142857142857,
  "axis_stats": {
    "completeness": {
      "matched": 3,
      "score_sum": 0.5380330085754395,
      "conversation_count": 1,
      "avg_score": 0.17934433619181314
    },
    "accuracy": {
      "matched": 4,
      "score_sum": 1.7267334342002867,
      "conversation_count": 1,
      "avg_score": 0.43168335855007167
    },
    "context_awareness": {
      "matched": 3,
      "score_sum": 0.9326695799827576,
      "conversation_count": 1,
      "avg_score": 0.3108898599942525
    },
    "communication_quality": {
      "matched": 0,
      "score_sum": 0.0,
      "conversation_count": 0
    },
    "instruction_following": {
      "matched": 4,
      "score_sum": 1.10140722990036,
      "conversation_count": 1,
      "avg_score": 0.27535180747509
    }
  }
}