{
  "conversation_id": 1007,
  "matched": 14,
  "total_reference": 14,
  "avg_score": 0.23199999999999998,
  "avg_point_diff": 8.285714285714286,
  "axis_stats": {
    "completeness": {
      "matched": 1,
      "score_sum": 0.27472174167633057,
      "conversation_count": 1,
      "avg_score": 0.27472174167633057
    },
    "accuracy": {
      "matched": 12,
      "score_sum": 2.908377933502197,
      "conversation_count": 1,
      "avg_score": 0.24236482779184976
    },
    "context_awareness": {
      "matched": 1,
      "score_sum": 0.06500263512134552,
      "conversation_count": 1,
      "avg_score": 0.06500263512134552
    },
    "communication_quality": {
      "matched": 0,
      "score_sum": 0.0,
      "conversation_count": 0
    },
    "instruction_following": {
      "matched": 0,
      "score_sum": 0.0,
      "conversation_count": 0
    }
  }
}