{
  "conversation_id": 1235,
  "matched": 10,
  "total_reference": 10,
  "avg_score": 0.32339999999999997,
  "avg_point_diff": 4.5,
  "axis_stats": {
    "completeness": {
      "matched": 3,
      "score_sum": 1.3075196385383605,
      "conversation_count": 1,
      "avg_score": 0.43583987951278685
    },
    "accuracy": {
      "matched": 5,
      "score_sum": 1.4020385146141052,
      "conversation_count": 1,
      "avg_score": 0.280407702922821
    },
    "context_awareness": {
      "matched": 0,
      "score_sum": 0.0,
      "conversation_count": 0
    },
    "communication_quality": {
      "matched": 1,
      "score_sum": 0.16974389553070068,
      "conversation_count": 1,
      "avg_score": 0.16974389553070068
    },
    "instruction_following": {
      "matched": 1,
      "score_sum": 0.35412025451660156,
      "conversation_count": 1,
      "avg_score": 0.35412025451660156
    }
  }
}