{
  "conversation_id": 1572,
  "matched": 12,
  "total_reference": 12,
  "avg_score": 0.39925000000000005,
  "avg_point_diff": 4.833333333333333,
  "axis_stats": {
    "completeness": {
      "matched": 7,
      "score_sum": 2.639837372303009,
      "conversation_count": 1,
      "avg_score": 0.37711962461471554
    },
    "accuracy": {
      "matched": 2,
      "score_sum": 0.9147517085075378,
      "conversation_count": 1,
      "avg_score": 0.4573758542537689
    },
    "context_awareness": {
      "matched": 2,
      "score_sum": 0.850378006696701,
      "conversation_count": 1,
      "avg_score": 0.4251890033483505
    },
    "communication_quality": {
      "matched": 1,
      "score_sum": 0.3851909041404724,
      "conversation_count": 1,
      "avg_score": 0.3851909041404724
    },
    "instruction_following": {
      "matched": 0,
      "score_sum": 0.0,
      "conversation_count": 0
    }
  }
}