{
  "conversation_id": 2593,
  "matched": 9,
  "total_reference": 9,
  "avg_score": 0.21844444444444447,
  "avg_point_diff": 6.0,
  "axis_stats": {
    "completeness": {
      "matched": 3,
      "score_sum": 0.7121116578578949,
      "conversation_count": 1,
      "avg_score": 0.2373705526192983
    },
    "accuracy": {
      "matched": 0,
      "score_sum": 0.0,
      "conversation_count": 0
    },
    "context_awareness": {
      "matched": 2,
      "score_sum": 0.3707864999771118,
      "conversation_count": 1,
      "avg_score": 0.1853932499885559
    },
    "communication_quality": {
      "matched": 3,
      "score_sum": 0.354005241394043,
      "conversation_count": 1,
      "avg_score": 0.11800174713134766
    },
    "instruction_following": {
      "matched": 1,
      "score_sum": 0.5285536766052247,
      "conversation_count": 1,
      "avg_score": 0.5285536766052247
    }
  }
}