{
  "conversation_id": 1327,
  "matched": 11,
  "total_reference": 11,
  "avg_score": 0.18036363636363636,
  "avg_point_diff": 10.727272727272727,
  "axis_stats": {
    "completeness": {
      "matched": 6,
      "score_sum": 0.5512735843658447,
      "conversation_count": 1,
      "avg_score": 0.09187893072764079
    },
    "accuracy": {
      "matched": 3,
      "score_sum": 0.7137593626976013,
      "conversation_count": 1,
      "avg_score": 0.2379197875658671
    },
    "context_awareness": {
      "matched": 1,
      "score_sum": 0.4518950581550598,
      "conversation_count": 1,
      "avg_score": 0.4518950581550598
    },
    "communication_quality": {
      "matched": 1,
      "score_sum": 0.26671794056892395,
      "conversation_count": 1,
      "avg_score": 0.26671794056892395
    },
    "instruction_following": {
      "matched": 0,
      "score_sum": 0.0,
      "conversation_count": 0
    }
  }
}