{
  "conversation_id": 946,
  "matched": 12,
  "total_reference": 12,
  "avg_score": 0.28991666666666666,
  "avg_point_diff": 5.916666666666667,
  "axis_stats": {
    "completeness": {
      "matched": 4,
      "score_sum": 1.6145894527435303,
      "conversation_count": 1,
      "avg_score": 0.40364736318588257
    },
    "accuracy": {
      "matched": 5,
      "score_sum": 0.7094797790050507,
      "conversation_count": 1,
      "avg_score": 0.14189595580101014
    },
    "context_awareness": {
      "matched": 1,
      "score_sum": 0.3545876145362854,
      "conversation_count": 1,
      "avg_score": 0.3545876145362854
    },
    "communication_quality": {
      "matched": 1,
      "score_sum": 0.327642560005188,
      "conversation_count": 1,
      "avg_score": 0.327642560005188
    },
    "instruction_following": {
      "matched": 1,
      "score_sum": 0.4719563126564026,
      "conversation_count": 1,
      "avg_score": 0.4719563126564026
    }
  }
}