{
  "conversation_id": 1872,
  "matched": 13,
  "total_reference": 13,
  "avg_score": 0.4508461538461539,
  "avg_point_diff": 4.153846153846154,
  "axis_stats": {
    "completeness": {
      "matched": 6,
      "score_sum": 3.3946999073028565,
      "conversation_count": 1,
      "avg_score": 0.5657833178838094
    },
    "accuracy": {
      "matched": 4,
      "score_sum": 0.9494118928909302,
      "conversation_count": 1,
      "avg_score": 0.23735297322273255
    },
    "context_awareness": {
      "matched": 2,
      "score_sum": 0.9067414104938507,
      "conversation_count": 1,
      "avg_score": 0.45337070524692535
    },
    "communication_quality": {
      "matched": 1,
      "score_sum": 0.6099135279655457,
      "conversation_count": 1,
      "avg_score": 0.6099135279655457
    },
    "instruction_following": {
      "matched": 0,
      "score_sum": 0.0,
      "conversation_count": 0
    }
  }
}