{
  "conversation_id": 375,
  "matched": 15,
  "total_reference": 15,
  "avg_score": 0.3770666666666666,
  "avg_point_diff": 3.8,
  "axis_stats": {
    "completeness": {
      "matched": 6,
      "score_sum": 2.2224214375019073,
      "conversation_count": 1,
      "avg_score": 0.37040357291698456
    },
    "accuracy": {
      "matched": 2,
      "score_sum": 0.7804216742515564,
      "conversation_count": 1,
      "avg_score": 0.3902108371257782
    },
    "context_awareness": {
      "matched": 3,
      "score_sum": 1.0088791847229004,
      "conversation_count": 1,
      "avg_score": 0.3362930615743001
    },
    "communication_quality": {
      "matched": 0,
      "score_sum": 0.0,
      "conversation_count": 0
    },
    "instruction_following": {
      "matched": 4,
      "score_sum": 1.6450905740261077,
      "conversation_count": 1,
      "avg_score": 0.4112726435065269
    }
  }
}