{
  "conversation_id": 2631,
  "matched": 12,
  "total_reference": 12,
  "avg_score": 0.3334166666666667,
  "avg_point_diff": 5.5,
  "axis_stats": {
    "completeness": {
      "matched": 2,
      "score_sum": 1.1258669197559357,
      "conversation_count": 1,
      "avg_score": 0.5629334598779678
    },
    "accuracy": {
      "matched": 2,
      "score_sum": 0.36262490749359133,
      "conversation_count": 1,
      "avg_score": 0.18131245374679567
    },
    "context_awareness": {
      "matched": 4,
      "score_sum": 1.1534728527069091,
      "conversation_count": 1,
      "avg_score": 0.2883682131767273
    },
    "communication_quality": {
      "matched": 2,
      "score_sum": 0.40573590993881226,
      "conversation_count": 1,
      "avg_score": 0.20286795496940613
    },
    "instruction_following": {
      "matched": 2,
      "score_sum": 0.9514891982078553,
      "conversation_count": 1,
      "avg_score": 0.47574459910392763
    }
  }
}