{
  "conversation_id": 1878,
  "matched": 15,
  "total_reference": 15,
  "avg_score": 0.23346666666666668,
  "avg_point_diff": 6.2,
  "axis_stats": {
    "completeness": {
      "matched": 3,
      "score_sum": 0.7356956601142883,
      "conversation_count": 1,
      "avg_score": 0.24523188670476279
    },
    "accuracy": {
      "matched": 8,
      "score_sum": 1.883106291294098,
      "conversation_count": 1,
      "avg_score": 0.23538828641176224
    },
    "context_awareness": {
      "matched": 2,
      "score_sum": 0.3510216474533081,
      "conversation_count": 1,
      "avg_score": 0.17551082372665405
    },
    "communication_quality": {
      "matched": 0,
      "score_sum": 0.0,
      "conversation_count": 0
    },
    "instruction_following": {
      "matched": 2,
      "score_sum": 0.532459020614624,
      "conversation_count": 1,
      "avg_score": 0.266229510307312
    }
  }
}