{
  "conversation_id": 617,
  "matched": 12,
  "total_reference": 12,
  "avg_score": 0.11758333333333333,
  "avg_point_diff": 10.083333333333334,
  "axis_stats": {
    "completeness": {
      "matched": 5,
      "score_sum": 0.7786661922931671,
      "conversation_count": 1,
      "avg_score": 0.15573323845863343
    },
    "accuracy": {
      "matched": 6,
      "score_sum": 0.37392038106918335,
      "conversation_count": 1,
      "avg_score": 0.062320063511530556
    },
    "context_awareness": {
      "matched": 0,
      "score_sum": 0.0,
      "conversation_count": 0
    },
    "communication_quality": {
      "matched": 1,
      "score_sum": 0.25773486495018005,
      "conversation_count": 1,
      "avg_score": 0.25773486495018005
    },
    "instruction_following": {
      "matched": 0,
      "score_sum": 0.0,
      "conversation_count": 0
    }
  }
}