{
  "conversation_id": 2441,
  "matched": 15,
  "total_reference": 15,
  "avg_score": 0.19673333333333337,
  "avg_point_diff": 7.4,
  "axis_stats": {
    "completeness": {
      "matched": 4,
      "score_sum": 0.3872717618942261,
      "conversation_count": 1,
      "avg_score": 0.09681794047355652
    },
    "accuracy": {
      "matched": 6,
      "score_sum": 1.16776904463768,
      "conversation_count": 1,
      "avg_score": 0.19462817410628
    },
    "context_awareness": {
      "matched": 4,
      "score_sum": 0.8667262941598892,
      "conversation_count": 1,
      "avg_score": 0.2166815735399723
    },
    "communication_quality": {
      "matched": 1,
      "score_sum": 0.5298994779586792,
      "conversation_count": 1,
      "avg_score": 0.5298994779586792
    },
    "instruction_following": {
      "matched": 0,
      "score_sum": 0.0,
      "conversation_count": 0
    }
  }
}