{
  "conversation_id": 2162,
  "matched": 11,
  "total_reference": 11,
  "avg_score": 0.4467272727272727,
  "avg_point_diff": 6.909090909090909,
  "axis_stats": {
    "completeness": {
      "matched": 3,
      "score_sum": 0.7056941986083984,
      "conversation_count": 1,
      "avg_score": 0.2352313995361328
    },
    "accuracy": {
      "matched": 5,
      "score_sum": 3.138450264930725,
      "conversation_count": 1,
      "avg_score": 0.627690052986145
    },
    "context_awareness": {
      "matched": 1,
      "score_sum": 0.6675564050674438,
      "conversation_count": 1,
      "avg_score": 0.6675564050674438
    },
    "communication_quality": {
      "matched": 2,
      "score_sum": 0.40111595392227173,
      "conversation_count": 1,
      "avg_score": 0.20055797696113586
    },
    "instruction_following": {
      "matched": 0,
      "score_sum": 0.0,
      "conversation_count": 0
    }
  }
}