{
  "conversation_id": 2278,
  "matched": 12,
  "total_reference": 12,
  "avg_score": 0.35908333333333337,
  "avg_point_diff": 5.666666666666667,
  "axis_stats": {
    "completeness": {
      "matched": 6,
      "score_sum": 1.6276767253875732,
      "conversation_count": 1,
      "avg_score": 0.2712794542312622
    },
    "accuracy": {
      "matched": 4,
      "score_sum": 1.8226561546325684,
      "conversation_count": 1,
      "avg_score": 0.4556640386581421
    },
    "context_awareness": {
      "matched": 1,
      "score_sum": 0.3861079812049866,
      "conversation_count": 1,
      "avg_score": 0.3861079812049866
    },
    "communication_quality": {
      "matched": 1,
      "score_sum": 0.4719216823577881,
      "conversation_count": 1,
      "avg_score": 0.4719216823577881
    },
    "instruction_following": {
      "matched": 0,
      "score_sum": 0.0,
      "conversation_count": 0
    }
  }
}