{
  "conversation_id": 2417,
  "matched": 15,
  "total_reference": 15,
  "avg_score": 0.31493333333333334,
  "avg_point_diff": 8.133333333333333,
  "axis_stats": {
    "completeness": {
      "matched": 2,
      "score_sum": 0.8423812985420227,
      "conversation_count": 1,
      "avg_score": 0.42119064927101135
    },
    "accuracy": {
      "matched": 10,
      "score_sum": 2.900339186191559,
      "conversation_count": 1,
      "avg_score": 0.2900339186191559
    },
    "context_awareness": {
      "matched": 3,
      "score_sum": 0.9813112318515778,
      "conversation_count": 1,
      "avg_score": 0.32710374395052594
    },
    "communication_quality": {
      "matched": 0,
      "score_sum": 0.0,
      "conversation_count": 0
    },
    "instruction_following": {
      "matched": 0,
      "score_sum": 0.0,
      "conversation_count": 0
    }
  }
}