{
  "conversation_id": 2016,
  "matched": 13,
  "total_reference": 13,
  "avg_score": 0.30592307692307685,
  "avg_point_diff": 6.3076923076923075,
  "axis_stats": {
    "completeness": {
      "matched": 3,
      "score_sum": 1.0844692587852478,
      "conversation_count": 1,
      "avg_score": 0.36148975292841595
    },
    "accuracy": {
      "matched": 1,
      "score_sum": 0.5969717502593994,
      "conversation_count": 1,
      "avg_score": 0.5969717502593994
    },
    "context_awareness": {
      "matched": 6,
      "score_sum": 1.7451173186302185,
      "conversation_count": 1,
      "avg_score": 0.29085288643836976
    },
    "communication_quality": {
      "matched": 2,
      "score_sum": 0.0,
      "conversation_count": 1,
      "avg_score": 0.0
    },
    "instruction_following": {
      "matched": 1,
      "score_sum": 0.5504734516143799,
      "conversation_count": 1,
      "avg_score": 0.5504734516143799
    }
  }
}