{
  "conversation_id": 1003,
  "matched": 14,
  "total_reference": 14,
  "avg_score": 0.2211428571428571,
  "avg_point_diff": 6.857142857142857,
  "axis_stats": {
    "completeness": {
      "matched": 5,
      "score_sum": 0.27908676862716675,
      "conversation_count": 1,
      "avg_score": 0.05581735372543335
    },
    "accuracy": {
      "matched": 7,
      "score_sum": 1.9823698937892915,
      "conversation_count": 1,
      "avg_score": 0.28319569911275594
    },
    "context_awareness": {
      "matched": 1,
      "score_sum": 0.3325671195983887,
      "conversation_count": 1,
      "avg_score": 0.3325671195983887
    },
    "communication_quality": {
      "matched": 0,
      "score_sum": 0.0,
      "conversation_count": 0
    },
    "instruction_following": {
      "matched": 1,
      "score_sum": 0.5011997818946838,
      "conversation_count": 1,
      "avg_score": 0.5011997818946838
    }
  }
}