{
  "conversation_id": 534,
  "matched": 12,
  "total_reference": 12,
  "avg_score": 0.42050000000000004,
  "avg_point_diff": 6.583333333333333,
  "axis_stats": {
    "completeness": {
      "matched": 2,
      "score_sum": 1.0473302006721497,
      "conversation_count": 1,
      "avg_score": 0.5236651003360748
    },
    "accuracy": {
      "matched": 6,
      "score_sum": 2.711821138858795,
      "conversation_count": 1,
      "avg_score": 0.4519701898097992
    },
    "context_awareness": {
      "matched": 2,
      "score_sum": 0.7358826994895935,
      "conversation_count": 1,
      "avg_score": 0.36794134974479675
    },
    "communication_quality": {
      "matched": 0,
      "score_sum": 0.0,
      "conversation_count": 0
    },
    "instruction_following": {
      "matched": 2,
      "score_sum": 0.5524989366531372,
      "conversation_count": 1,
      "avg_score": 0.2762494683265686
    }
  }
}