{
  "conversation_id": 2314,
  "matched": 9,
  "total_reference": 9,
  "avg_score": 0.20044444444444448,
  "avg_point_diff": 7.555555555555555,
  "axis_stats": {
    "completeness": {
      "matched": 5,
      "score_sum": 1.1794506758451462,
      "conversation_count": 1,
      "avg_score": 0.23589013516902924
    },
    "accuracy": {
      "matched": 3,
      "score_sum": 0.45458176732063293,
      "conversation_count": 1,
      "avg_score": 0.1515272557735443
    },
    "context_awareness": {
      "matched": 0,
      "score_sum": 0.0,
      "conversation_count": 0
    },
    "communication_quality": {
      "matched": 0,
      "score_sum": 0.0,
      "conversation_count": 0
    },
    "instruction_following": {
      "matched": 1,
      "score_sum": 0.17048847675323486,
      "conversation_count": 1,
      "avg_score": 0.17048847675323486
    }
  }
}