{
  "conversation_id": 2271,
  "matched": 10,
  "total_reference": 10,
  "avg_score": 0.40120000000000006,
  "avg_point_diff": 4.4,
  "axis_stats": {
    "completeness": {
      "matched": 5,
      "score_sum": 2.6078492522239687,
      "conversation_count": 1,
      "avg_score": 0.5215698504447938
    },
    "accuracy": {
      "matched": 1,
      "score_sum": 0.6091728806495667,
      "conversation_count": 1,
      "avg_score": 0.6091728806495667
    },
    "context_awareness": {
      "matched": 2,
      "score_sum": 0.46219581365585327,
      "conversation_count": 1,
      "avg_score": 0.23109790682792664
    },
    "communication_quality": {
      "matched": 0,
      "score_sum": 0.0,
      "conversation_count": 0
    },
    "instruction_following": {
      "matched": 2,
      "score_sum": 0.3329122304916382,
      "conversation_count": 1,
      "avg_score": 0.1664561152458191
    }
  }
}