{
  "conversation_id": 597,
  "matched": 15,
  "total_reference": 15,
  "avg_score": 0.19346666666666665,
  "avg_point_diff": 7.666666666666667,
  "axis_stats": {
    "completeness": {
      "matched": 6,
      "score_sum": 0.6420115828514099,
      "conversation_count": 1,
      "avg_score": 0.10700193047523499
    },
    "accuracy": {
      "matched": 5,
      "score_sum": 1.1669979989528656,
      "conversation_count": 1,
      "avg_score": 0.23339959979057312
    },
    "context_awareness": {
      "matched": 1,
      "score_sum": 0.5923153162002563,
      "conversation_count": 1,
      "avg_score": 0.5923153162002563
    },
    "communication_quality": {
      "matched": 0,
      "score_sum": 0.0,
      "conversation_count": 0
    },
    "instruction_following": {
      "matched": 3,
      "score_sum": 0.5011997818946838,
      "conversation_count": 1,
      "avg_score": 0.16706659396489462
    }
  }
}