{
  "conversation_id": 1714,
  "matched": 11,
  "total_reference": 11,
  "avg_score": 0.27536363636363637,
  "avg_point_diff": 6.636363636363637,
  "axis_stats": {
    "completeness": {
      "matched": 6,
      "score_sum": 1.4996992945671082,
      "conversation_count": 1,
      "avg_score": 0.24994988242785135
    },
    "accuracy": {
      "matched": 1,
      "score_sum": 0.6195091009140015,
      "conversation_count": 1,
      "avg_score": 0.6195091009140015
    },
    "context_awareness": {
      "matched": 1,
      "score_sum": 0.4839111566543579,
      "conversation_count": 1,
      "avg_score": 0.4839111566543579
    },
    "communication_quality": {
      "matched": 3,
      "score_sum": 0.4248877048492432,
      "conversation_count": 1,
      "avg_score": 0.14162923494974775
    },
    "instruction_following": {
      "matched": 0,
      "score_sum": 0.0,
      "conversation_count": 0
    }
  }
}