{
  "conversation_id": 362,
  "matched": 14,
  "total_reference": 14,
  "avg_score": 0.3592142857142857,
  "avg_point_diff": 5.428571428571429,
  "axis_stats": {
    "completeness": {
      "matched": 6,
      "score_sum": 2.584506094455719,
      "conversation_count": 1,
      "avg_score": 0.4307510157426198
    },
    "accuracy": {
      "matched": 5,
      "score_sum": 1.9066534042358398,
      "conversation_count": 1,
      "avg_score": 0.381330680847168
    },
    "context_awareness": {
      "matched": 1,
      "score_sum": 0.2401677370071411,
      "conversation_count": 1,
      "avg_score": 0.2401677370071411
    },
    "communication_quality": {
      "matched": 2,
      "score_sum": 0.29858940839767456,
      "conversation_count": 1,
      "avg_score": 0.14929470419883728
    },
    "instruction_following": {
      "matched": 0,
      "score_sum": 0.0,
      "conversation_count": 0
    }
  }
}