{
  "conversation_id": 2490,
  "matched": 15,
  "total_reference": 15,
  "avg_score": 0.3781999999999999,
  "avg_point_diff": 6.466666666666667,
  "axis_stats": {
    "completeness": {
      "matched": 1,
      "score_sum": 0.4646247625350952,
      "conversation_count": 1,
      "avg_score": 0.4646247625350952
    },
    "accuracy": {
      "matched": 8,
      "score_sum": 3.3185744643211366,
      "conversation_count": 1,
      "avg_score": 0.41482180804014207
    },
    "context_awareness": {
      "matched": 4,
      "score_sum": 1.4829773902893066,
      "conversation_count": 1,
      "avg_score": 0.37074434757232666
    },
    "communication_quality": {
      "matched": 2,
      "score_sum": 0.4060291051864624,
      "conversation_count": 1,
      "avg_score": 0.2030145525932312
    },
    "instruction_following": {
      "matched": 0,
      "score_sum": 0.0,
      "conversation_count": 0
    }
  }
}