{
  "conversation_id": 1197,
  "matched": 14,
  "total_reference": 14,
  "avg_score": 0.2913571428571429,
  "avg_point_diff": 4.642857142857143,
  "axis_stats": {
    "completeness": {
      "matched": 12,
      "score_sum": 3.2933880150318147,
      "conversation_count": 1,
      "avg_score": 0.2744490012526512
    },
    "accuracy": {
      "matched": 1,
      "score_sum": 0.4060601592063904,
      "conversation_count": 1,
      "avg_score": 0.4060601592063904
    },
    "context_awareness": {
      "matched": 1,
      "score_sum": 0.37888920307159424,
      "conversation_count": 1,
      "avg_score": 0.37888920307159424
    },
    "communication_quality": {
      "matched": 0,
      "score_sum": 0.0,
      "conversation_count": 0
    },
    "instruction_following": {
      "matched": 0,
      "score_sum": 0.0,
      "conversation_count": 0
    }
  }
}