{
  "conversation_id": 2512,
  "matched": 13,
  "total_reference": 13,
  "avg_score": 0.26692307692307693,
  "avg_point_diff": 4.6923076923076925,
  "axis_stats": {
    "completeness": {
      "matched": 4,
      "score_sum": 1.026384139060974,
      "conversation_count": 1,
      "avg_score": 0.2565960347652435
    },
    "accuracy": {
      "matched": 4,
      "score_sum": 0.42162223458290105,
      "conversation_count": 1,
      "avg_score": 0.10540555864572526
    },
    "context_awareness": {
      "matched": 0,
      "score_sum": 0.0,
      "conversation_count": 0
    },
    "communication_quality": {
      "matched": 4,
      "score_sum": 1.505586862564087,
      "conversation_count": 1,
      "avg_score": 0.37639671564102173
    },
    "instruction_following": {
      "matched": 1,
      "score_sum": 0.5184697151184082,
      "conversation_count": 1,
      "avg_score": 0.5184697151184082
    }
  }
}