{
  "conversation_id": 2408,
  "matched": 15,
  "total_reference": 15,
  "avg_score": 0.2962,
  "avg_point_diff": 7.066666666666666,
  "axis_stats": {
    "completeness": {
      "matched": 4,
      "score_sum": 1.0398279428482056,
      "conversation_count": 1,
      "avg_score": 0.2599569857120514
    },
    "accuracy": {
      "matched": 3,
      "score_sum": 1.5151941776275635,
      "conversation_count": 1,
      "avg_score": 0.5050647258758545
    },
    "context_awareness": {
      "matched": 3,
      "score_sum": 1.1083414852619171,
      "conversation_count": 1,
      "avg_score": 0.36944716175397235
    },
    "communication_quality": {
      "matched": 3,
      "score_sum": 0.0,
      "conversation_count": 1,
      "avg_score": 0.0
    },
    "instruction_following": {
      "matched": 2,
      "score_sum": 0.7794441699981689,
      "conversation_count": 1,
      "avg_score": 0.38972208499908445
    }
  }
}