{
  "conversation_id": 2075,
  "matched": 12,
  "total_reference": 12,
  "avg_score": 0.34041666666666665,
  "avg_point_diff": 5.25,
  "axis_stats": {
    "completeness": {
      "matched": 7,
      "score_sum": 2.3390002280473707,
      "conversation_count": 1,
      "avg_score": 0.33414288972105294
    },
    "accuracy": {
      "matched": 2,
      "score_sum": 0.6164572000503541,
      "conversation_count": 1,
      "avg_score": 0.30822860002517705
    },
    "context_awareness": {
      "matched": 1,
      "score_sum": 0.6061506748199463,
      "conversation_count": 1,
      "avg_score": 0.6061506748199463
    },
    "communication_quality": {
      "matched": 2,
      "score_sum": 0.5228461027145386,
      "conversation_count": 1,
      "avg_score": 0.2614230513572693
    },
    "instruction_following": {
      "matched": 0,
      "score_sum": 0.0,
      "conversation_count": 0
    }
  }
}