{
  "conversation_id": 1469,
  "matched": 12,
  "total_reference": 12,
  "avg_score": 0.1895,
  "avg_point_diff": 7.5,
  "axis_stats": {
    "completeness": {
      "matched": 2,
      "score_sum": 0.8298178613185883,
      "conversation_count": 1,
      "avg_score": 0.41490893065929413
    },
    "accuracy": {
      "matched": 4,
      "score_sum": 0.7461634278297424,
      "conversation_count": 1,
      "avg_score": 0.1865408569574356
    },
    "context_awareness": {
      "matched": 1,
      "score_sum": 0.3584490418434143,
      "conversation_count": 1,
      "avg_score": 0.3584490418434143
    },
    "communication_quality": {
      "matched": 0,
      "score_sum": 0.0,
      "conversation_count": 0
    },
    "instruction_following": {
      "matched": 5,
      "score_sum": 0.33957760334014897,
      "conversation_count": 1,
      "avg_score": 0.06791552066802979
    }
  }
}