{
  "conversation_id": 271,
  "matched": 11,
  "total_reference": 11,
  "avg_score": 0.3065454545454545,
  "avg_point_diff": 7.7272727272727275,
  "axis_stats": {
    "completeness": {
      "matched": 3,
      "score_sum": 0.44728410243988037,
      "conversation_count": 1,
      "avg_score": 0.14909470081329346
    },
    "accuracy": {
      "matched": 6,
      "score_sum": 2.023050844669342,
      "conversation_count": 1,
      "avg_score": 0.3371751407782237
    },
    "context_awareness": {
      "matched": 1,
      "score_sum": 0.3559122085571289,
      "conversation_count": 1,
      "avg_score": 0.3559122085571289
    },
    "communication_quality": {
      "matched": 1,
      "score_sum": 0.545545756816864,
      "conversation_count": 1,
      "avg_score": 0.545545756816864
    },
    "instruction_following": {
      "matched": 0,
      "score_sum": 0.0,
      "conversation_count": 0
    }
  }
}