{
  "conversation_id": 611,
  "matched": 13,
  "total_reference": 13,
  "avg_score": 0.2282307692307692,
  "avg_point_diff": 8.384615384615385,
  "axis_stats": {
    "completeness": {
      "matched": 4,
      "score_sum": 0.3777354955673218,
      "conversation_count": 1,
      "avg_score": 0.09443387389183044
    },
    "accuracy": {
      "matched": 2,
      "score_sum": 1.132229506969452,
      "conversation_count": 1,
      "avg_score": 0.566114753484726
    },
    "context_awareness": {
      "matched": 6,
      "score_sum": 0.7126468181610108,
      "conversation_count": 1,
      "avg_score": 0.1187744696935018
    },
    "communication_quality": {
      "matched": 1,
      "score_sum": 0.7435290217399597,
      "conversation_count": 1,
      "avg_score": 0.7435290217399597
    },
    "instruction_following": {
      "matched": 0,
      "score_sum": 0.0,
      "conversation_count": 0
    }
  }
}