{
  "conversation_id": 766,
  "matched": 10,
  "total_reference": 10,
  "avg_score": 0.43439999999999995,
  "avg_point_diff": 4.1,
  "axis_stats": {
    "completeness": {
      "matched": 3,
      "score_sum": 0.6861417293548584,
      "conversation_count": 1,
      "avg_score": 0.2287139097849528
    },
    "accuracy": {
      "matched": 2,
      "score_sum": 0.918988299369812,
      "conversation_count": 1,
      "avg_score": 0.459494149684906
    },
    "context_awareness": {
      "matched": 4,
      "score_sum": 2.450151950120926,
      "conversation_count": 1,
      "avg_score": 0.6125379875302315
    },
    "communication_quality": {
      "matched": 1,
      "score_sum": 0.28934118151664734,
      "conversation_count": 1,
      "avg_score": 0.28934118151664734
    },
    "instruction_following": {
      "matched": 0,
      "score_sum": 0.0,
      "conversation_count": 0
    }
  }
}