{
  "conversation_id": 1105,
  "matched": 14,
  "total_reference": 14,
  "avg_score": 0.39442857142857146,
  "avg_point_diff": 4.5,
  "axis_stats": {
    "completeness": {
      "matched": 8,
      "score_sum": 3.27218279838562,
      "conversation_count": 1,
      "avg_score": 0.4090228497982025
    },
    "accuracy": {
      "matched": 4,
      "score_sum": 1.8695163249969482,
      "conversation_count": 1,
      "avg_score": 0.46737908124923705
    },
    "context_awareness": {
      "matched": 1,
      "score_sum": 0.2440507858991623,
      "conversation_count": 1,
      "avg_score": 0.2440507858991623
    },
    "communication_quality": {
      "matched": 1,
      "score_sum": 0.13670958280563356,
      "conversation_count": 1,
      "avg_score": 0.13670958280563356
    },
    "instruction_following": {
      "matched": 0,
      "score_sum": 0.0,
      "conversation_count": 0
    }
  }
}