{
  "conversation_id": 666,
  "matched": 15,
  "total_reference": 15,
  "avg_score": 0.24873333333333333,
  "avg_point_diff": 5.2,
  "axis_stats": {
    "completeness": {
      "matched": 10,
      "score_sum": 2.4912534952163696,
      "conversation_count": 1,
      "avg_score": 0.24912534952163695
    },
    "accuracy": {
      "matched": 1,
      "score_sum": 0.4059601426124573,
      "conversation_count": 1,
      "avg_score": 0.4059601426124573
    },
    "context_awareness": {
      "matched": 2,
      "score_sum": 0.41742441058158875,
      "conversation_count": 1,
      "avg_score": 0.20871220529079437
    },
    "communication_quality": {
      "matched": 2,
      "score_sum": 0.4177175760269165,
      "conversation_count": 1,
      "avg_score": 0.20885878801345825
    },
    "instruction_following": {
      "matched": 0,
      "score_sum": 0.0,
      "conversation_count": 0
    }
  }
}