{
  "conversation_id": 2608,
  "matched": 13,
  "total_reference": 13,
  "avg_score": 0.2320769230769231,
  "avg_point_diff": 8.153846153846153,
  "axis_stats": {
    "completeness": {
      "matched": 8,
      "score_sum": 1.653036117553711,
      "conversation_count": 1,
      "avg_score": 0.20662951469421387
    },
    "accuracy": {
      "matched": 2,
      "score_sum": 0.4395602345466614,
      "conversation_count": 1,
      "avg_score": 0.2197801172733307
    },
    "context_awareness": {
      "matched": 2,
      "score_sum": 0.7532846927642822,
      "conversation_count": 1,
      "avg_score": 0.3766423463821411
    },
    "communication_quality": {
      "matched": 0,
      "score_sum": 0.0,
      "conversation_count": 0
    },
    "instruction_following": {
      "matched": 1,
      "score_sum": 0.17221775054931643,
      "conversation_count": 1,
      "avg_score": 0.17221775054931643
    }
  }
}