{
  "conversation_id": 2039,
  "matched": 14,
  "total_reference": 14,
  "avg_score": 0.5545,
  "avg_point_diff": 3.4285714285714284,
  "axis_stats": {
    "completeness": {
      "matched": 3,
      "score_sum": 0.726769208908081,
      "conversation_count": 1,
      "avg_score": 0.24225640296936035
    },
    "accuracy": {
      "matched": 4,
      "score_sum": 2.968171179294586,
      "conversation_count": 1,
      "avg_score": 0.7420427948236465
    },
    "context_awareness": {
      "matched": 6,
      "score_sum": 3.918443411588669,
      "conversation_count": 1,
      "avg_score": 0.6530739019314448
    },
    "communication_quality": {
      "matched": 1,
      "score_sum": 0.14848661422729492,
      "conversation_count": 1,
      "avg_score": 0.14848661422729492
    },
    "instruction_following": {
      "matched": 0,
      "score_sum": 0.0,
      "conversation_count": 0
    }
  }
}