{
  "conversation_id": 540,
  "matched": 13,
  "total_reference": 13,
  "avg_score": 0.3973846153846154,
  "avg_point_diff": 5.3076923076923075,
  "axis_stats": {
    "completeness": {
      "matched": 7,
      "score_sum": 2.959238588809967,
      "conversation_count": 1,
      "avg_score": 0.4227483698299953
    },
    "accuracy": {
      "matched": 1,
      "score_sum": 0.0,
      "conversation_count": 1,
      "avg_score": 0.0
    },
    "context_awareness": {
      "matched": 1,
      "score_sum": 0.49407336115837097,
      "conversation_count": 1,
      "avg_score": 0.49407336115837097
    },
    "communication_quality": {
      "matched": 2,
      "score_sum": 0.6339284181594849,
      "conversation_count": 1,
      "avg_score": 0.31696420907974243
    },
    "instruction_following": {
      "matched": 2,
      "score_sum": 1.0776128768920898,
      "conversation_count": 1,
      "avg_score": 0.5388064384460449
    }
  }
}