{
  "conversation_id": 1289,
  "matched": 9,
  "total_reference": 9,
  "avg_score": 0.3793333333333333,
  "avg_point_diff": 4.0,
  "axis_stats": {
    "completeness": {
      "matched": 1,
      "score_sum": 0.7069821357727051,
      "conversation_count": 1,
      "avg_score": 0.7069821357727051
    },
    "accuracy": {
      "matched": 2,
      "score_sum": 0.9230393767356873,
      "conversation_count": 1,
      "avg_score": 0.46151968836784363
    },
    "context_awareness": {
      "matched": 2,
      "score_sum": 0.9569749355316162,
      "conversation_count": 1,
      "avg_score": 0.4784874677658081
    },
    "communication_quality": {
      "matched": 0,
      "score_sum": 0.0,
      "conversation_count": 0
    },
    "instruction_following": {
      "matched": 4,
      "score_sum": 0.827027291059494,
      "conversation_count": 1,
      "avg_score": 0.2067568227648735
    }
  }
}