{
  "conversation_id": 1457,
  "matched": 14,
  "total_reference": 14,
  "avg_score": 0.21057142857142855,
  "avg_point_diff": 7.785714285714286,
  "axis_stats": {
    "completeness": {
      "matched": 1,
      "score_sum": 0.4181668162345886,
      "conversation_count": 1,
      "avg_score": 0.4181668162345886
    },
    "accuracy": {
      "matched": 10,
      "score_sum": 1.7359638214111328,
      "conversation_count": 1,
      "avg_score": 0.17359638214111328
    },
    "context_awareness": {
      "matched": 0,
      "score_sum": 0.0,
      "conversation_count": 0
    },
    "communication_quality": {
      "matched": 2,
      "score_sum": 0.40006864070892334,
      "conversation_count": 1,
      "avg_score": 0.20003432035446167
    },
    "instruction_following": {
      "matched": 1,
      "score_sum": 0.3940175175666809,
      "conversation_count": 1,
      "avg_score": 0.3940175175666809
    }
  }
}