{
  "conversation_id": 1539,
  "matched": 14,
  "total_reference": 14,
  "avg_score": 0.1938571428571429,
  "avg_point_diff": 7.285714285714286,
  "axis_stats": {
    "completeness": {
      "matched": 10,
      "score_sum": 1.3172101736068726,
      "conversation_count": 1,
      "avg_score": 0.13172101736068725
    },
    "accuracy": {
      "matched": 1,
      "score_sum": 0.424694299697876,
      "conversation_count": 1,
      "avg_score": 0.424694299697876
    },
    "context_awareness": {
      "matched": 2,
      "score_sum": 0.3971136808395386,
      "conversation_count": 1,
      "avg_score": 0.1985568404197693
    },
    "communication_quality": {
      "matched": 1,
      "score_sum": 0.5748212337493896,
      "conversation_count": 1,
      "avg_score": 0.5748212337493896
    },
    "instruction_following": {
      "matched": 0,
      "score_sum": 0.0,
      "conversation_count": 0
    }
  }
}