{
  "conversation_id": 536,
  "matched": 14,
  "total_reference": 14,
  "avg_score": 0.21771428571428572,
  "avg_point_diff": 8.142857142857142,
  "axis_stats": {
    "completeness": {
      "matched": 7,
      "score_sum": 1.2587801218032837,
      "conversation_count": 1,
      "avg_score": 0.17982573168618338
    },
    "accuracy": {
      "matched": 1,
      "score_sum": 0.4709841012954712,
      "conversation_count": 1,
      "avg_score": 0.4709841012954712
    },
    "context_awareness": {
      "matched": 3,
      "score_sum": 0.5984093546867371,
      "conversation_count": 1,
      "avg_score": 0.199469784895579
    },
    "communication_quality": {
      "matched": 2,
      "score_sum": 0.4690702557563782,
      "conversation_count": 1,
      "avg_score": 0.2345351278781891
    },
    "instruction_following": {
      "matched": 1,
      "score_sum": 0.2507001757621765,
      "conversation_count": 1,
      "avg_score": 0.2507001757621765
    }
  }
}