{
  "conversation_id": 1468,
  "matched": 12,
  "total_reference": 12,
  "avg_score": 0.41074999999999995,
  "avg_point_diff": 4.5,
  "axis_stats": {
    "completeness": {
      "matched": 7,
      "score_sum": 3.3595750749111177,
      "conversation_count": 1,
      "avg_score": 0.47993929641587396
    },
    "accuracy": {
      "matched": 1,
      "score_sum": 0.3931800425052643,
      "conversation_count": 1,
      "avg_score": 0.3931800425052643
    },
    "context_awareness": {
      "matched": 2,
      "score_sum": 0.5679559707641602,
      "conversation_count": 1,
      "avg_score": 0.2839779853820801
    },
    "communication_quality": {
      "matched": 2,
      "score_sum": 0.609433650970459,
      "conversation_count": 1,
      "avg_score": 0.3047168254852295
    },
    "instruction_following": {
      "matched": 0,
      "score_sum": 0.0,
      "conversation_count": 0
    }
  }
}