{
  "conversation_id": 175,
  "matched": 12,
  "total_reference": 12,
  "avg_score": 0.5621666666666667,
  "avg_point_diff": 2.1666666666666665,
  "axis_stats": {
    "completeness": {
      "matched": 5,
      "score_sum": 2.8656415820121763,
      "conversation_count": 1,
      "avg_score": 0.5731283164024352
    },
    "accuracy": {
      "matched": 2,
      "score_sum": 1.4375006556510925,
      "conversation_count": 1,
      "avg_score": 0.7187503278255463
    },
    "context_awareness": {
      "matched": 4,
      "score_sum": 2.2089788913726807,
      "conversation_count": 1,
      "avg_score": 0.5522447228431702
    },
    "communication_quality": {
      "matched": 1,
      "score_sum": 0.23354940414428713,
      "conversation_count": 1,
      "avg_score": 0.23354940414428713
    },
    "instruction_following": {
      "matched": 0,
      "score_sum": 0.0,
      "conversation_count": 0
    }
  }
}