{
  "conversation_id": 655,
  "matched": 14,
  "total_reference": 14,
  "avg_score": 0.3267142857142857,
  "avg_point_diff": 4.857142857142857,
  "axis_stats": {
    "completeness": {
      "matched": 7,
      "score_sum": 1.7167681753635406,
      "conversation_count": 1,
      "avg_score": 0.24525259648050582
    },
    "accuracy": {
      "matched": 3,
      "score_sum": 1.3501240611076355,
      "conversation_count": 1,
      "avg_score": 0.45004135370254517
    },
    "context_awareness": {
      "matched": 1,
      "score_sum": 0.4792693555355072,
      "conversation_count": 1,
      "avg_score": 0.4792693555355072
    },
    "communication_quality": {
      "matched": 3,
      "score_sum": 1.0274089574813843,
      "conversation_count": 1,
      "avg_score": 0.34246965249379474
    },
    "instruction_following": {
      "matched": 0,
      "score_sum": 0.0,
      "conversation_count": 0
    }
  }
}