{
  "conversation_id": 1049,
  "matched": 10,
  "total_reference": 10,
  "avg_score": 0.45759999999999995,
  "avg_point_diff": 2.9,
  "axis_stats": {
    "completeness": {
      "matched": 2,
      "score_sum": 0.9557134509086609,
      "conversation_count": 1,
      "avg_score": 0.47785672545433044
    },
    "accuracy": {
      "matched": 3,
      "score_sum": 1.3157104134559632,
      "conversation_count": 1,
      "avg_score": 0.4385701378186544
    },
    "context_awareness": {
      "matched": 3,
      "score_sum": 1.7793034315109253,
      "conversation_count": 1,
      "avg_score": 0.5931011438369751
    },
    "communication_quality": {
      "matched": 0,
      "score_sum": 0.0,
      "conversation_count": 0
    },
    "instruction_following": {
      "matched": 2,
      "score_sum": 0.5246772468090057,
      "conversation_count": 1,
      "avg_score": 0.26233862340450287
    }
  }
}