{
  "conversation_id": 241,
  "matched": 12,
  "total_reference": 12,
  "avg_score": 0.33499999999999996,
  "avg_point_diff": 4.75,
  "axis_stats": {
    "completeness": {
      "matched": 7,
      "score_sum": 2.4198334336280825,
      "conversation_count": 1,
      "avg_score": 0.3456904905182975
    },
    "accuracy": {
      "matched": 2,
      "score_sum": 0.7781265377998352,
      "conversation_count": 1,
      "avg_score": 0.3890632688999176
    },
    "context_awareness": {
      "matched": 0,
      "score_sum": 0.0,
      "conversation_count": 0
    },
    "communication_quality": {
      "matched": 2,
      "score_sum": 0.42151588201522827,
      "conversation_count": 1,
      "avg_score": 0.21075794100761414
    },
    "instruction_following": {
      "matched": 1,
      "score_sum": 0.3996382474899292,
      "conversation_count": 1,
      "avg_score": 0.3996382474899292
    }
  }
}