{
  "conversation_id": 267,
  "matched": 13,
  "total_reference": 13,
  "avg_score": 0.2610769230769231,
  "avg_point_diff": 6.615384615384615,
  "axis_stats": {
    "completeness": {
      "matched": 4,
      "score_sum": 0.7059903740882874,
      "conversation_count": 1,
      "avg_score": 0.17649759352207184
    },
    "accuracy": {
      "matched": 6,
      "score_sum": 1.174115824699402,
      "conversation_count": 1,
      "avg_score": 0.19568597078323366
    },
    "context_awareness": {
      "matched": 1,
      "score_sum": 0.3292357325553894,
      "conversation_count": 1,
      "avg_score": 0.3292357325553894
    },
    "communication_quality": {
      "matched": 1,
      "score_sum": 0.49034619331359863,
      "conversation_count": 1,
      "avg_score": 0.49034619331359863
    },
    "instruction_following": {
      "matched": 1,
      "score_sum": 0.6952187418937683,
      "conversation_count": 1,
      "avg_score": 0.6952187418937683
    }
  }
}