{
  "conversation_id": 194,
  "matched": 14,
  "total_reference": 14,
  "avg_score": 0.3206428571428572,
  "avg_point_diff": 5.5,
  "axis_stats": {
    "completeness": {
      "matched": 2,
      "score_sum": 0.0,
      "conversation_count": 1,
      "avg_score": 0.0
    },
    "accuracy": {
      "matched": 1,
      "score_sum": 0.4682588577270508,
      "conversation_count": 1,
      "avg_score": 0.4682588577270508
    },
    "context_awareness": {
      "matched": 6,
      "score_sum": 1.9555689454078675,
      "conversation_count": 1,
      "avg_score": 0.32592815756797794
    },
    "communication_quality": {
      "matched": 3,
      "score_sum": 1.2915988564491272,
      "conversation_count": 1,
      "avg_score": 0.43053295214970905
    },
    "instruction_following": {
      "matched": 2,
      "score_sum": 0.7726537168025971,
      "conversation_count": 1,
      "avg_score": 0.38632685840129855
    }
  }
}