{
  "conversation_id": 662,
  "matched": 13,
  "total_reference": 13,
  "avg_score": 0.3005384615384616,
  "avg_point_diff": 6.846153846153846,
  "axis_stats": {
    "completeness": {
      "matched": 5,
      "score_sum": 2.6407601833343506,
      "conversation_count": 1,
      "avg_score": 0.5281520366668702
    },
    "accuracy": {
      "matched": 2,
      "score_sum": 0.7358793020248413,
      "conversation_count": 1,
      "avg_score": 0.36793965101242065
    },
    "context_awareness": {
      "matched": 3,
      "score_sum": 0.29772764444351196,
      "conversation_count": 1,
      "avg_score": 0.09924254814783733
    },
    "communication_quality": {
      "matched": 0,
      "score_sum": 0.0,
      "conversation_count": 0
    },
    "instruction_following": {
      "matched": 3,
      "score_sum": 0.23169955611228943,
      "conversation_count": 1,
      "avg_score": 0.07723318537076314
    }
  }
}