{
  "conversation_id": 1287,
  "matched": 11,
  "total_reference": 11,
  "avg_score": 0.20672727272727273,
  "avg_point_diff": 8.545454545454545,
  "axis_stats": {
    "completeness": {
      "matched": 1,
      "score_sum": 0.0,
      "conversation_count": 1,
      "avg_score": 0.0
    },
    "accuracy": {
      "matched": 7,
      "score_sum": 1.9639414668083193,
      "conversation_count": 1,
      "avg_score": 0.28056306668690273
    },
    "context_awareness": {
      "matched": 1,
      "score_sum": 0.18936632573604584,
      "conversation_count": 1,
      "avg_score": 0.18936632573604584
    },
    "communication_quality": {
      "matched": 2,
      "score_sum": 0.12103531360626221,
      "conversation_count": 1,
      "avg_score": 0.060517656803131106
    },
    "instruction_following": {
      "matched": 0,
      "score_sum": 0.0,
      "conversation_count": 0
    }
  }
}