{
  "conversation_id": 762,
  "matched": 9,
  "total_reference": 9,
  "avg_score": 0.3836666666666666,
  "avg_point_diff": 4.111111111111111,
  "axis_stats": {
    "completeness": {
      "matched": 2,
      "score_sum": 0.8551990151405335,
      "conversation_count": 1,
      "avg_score": 0.42759950757026677
    },
    "accuracy": {
      "matched": 1,
      "score_sum": 0.34878089427948,
      "conversation_count": 1,
      "avg_score": 0.34878089427948
    },
    "context_awareness": {
      "matched": 2,
      "score_sum": 0.5872500538825989,
      "conversation_count": 1,
      "avg_score": 0.29362502694129944
    },
    "communication_quality": {
      "matched": 2,
      "score_sum": 1.0995099306106568,
      "conversation_count": 1,
      "avg_score": 0.5497549653053284
    },
    "instruction_following": {
      "matched": 2,
      "score_sum": 0.561520516872406,
      "conversation_count": 1,
      "avg_score": 0.280760258436203
    }
  }
}