{
  "conversation_id": 1498,
  "matched": 12,
  "total_reference": 12,
  "avg_score": 0.40633333333333327,
  "avg_point_diff": 4.583333333333333,
  "axis_stats": {
    "completeness": {
      "matched": 5,
      "score_sum": 1.1711028218269348,
      "conversation_count": 1,
      "avg_score": 0.23422056436538696
    },
    "accuracy": {
      "matched": 6,
      "score_sum": 3.2984176874160767,
      "conversation_count": 1,
      "avg_score": 0.5497362812360128
    },
    "context_awareness": {
      "matched": 0,
      "score_sum": 0.0,
      "conversation_count": 0
    },
    "communication_quality": {
      "matched": 1,
      "score_sum": 0.40619707107543945,
      "conversation_count": 1,
      "avg_score": 0.40619707107543945
    },
    "instruction_following": {
      "matched": 0,
      "score_sum": 0.0,
      "conversation_count": 0
    }
  }
}