{
  "conversation_id": 2197,
  "matched": 9,
  "total_reference": 9,
  "avg_score": 0.18544444444444444,
  "avg_point_diff": 7.777777777777778,
  "axis_stats": {
    "completeness": {
      "matched": 4,
      "score_sum": 0.24483981728553772,
      "conversation_count": 1,
      "avg_score": 0.06120995432138443
    },
    "accuracy": {
      "matched": 3,
      "score_sum": 0.8403381407260895,
      "conversation_count": 1,
      "avg_score": 0.28011271357536316
    },
    "context_awareness": {
      "matched": 2,
      "score_sum": 0.5840160846710205,
      "conversation_count": 1,
      "avg_score": 0.29200804233551025
    },
    "communication_quality": {
      "matched": 0,
      "score_sum": 0.0,
      "conversation_count": 0
    },
    "instruction_following": {
      "matched": 0,
      "score_sum": 0.0,
      "conversation_count": 0
    }
  }
}