{
  "conversation_id": 1823,
  "matched": 12,
  "total_reference": 12,
  "avg_score": 0.13041666666666665,
  "avg_point_diff": 8.75,
  "axis_stats": {
    "completeness": {
      "matched": 1,
      "score_sum": 0.0,
      "conversation_count": 1,
      "avg_score": 0.0
    },
    "accuracy": {
      "matched": 7,
      "score_sum": 0.4980776607990265,
      "conversation_count": 1,
      "avg_score": 0.07115395154271807
    },
    "context_awareness": {
      "matched": 1,
      "score_sum": 0.4452657103538513,
      "conversation_count": 1,
      "avg_score": 0.4452657103538513
    },
    "communication_quality": {
      "matched": 2,
      "score_sum": 0.4540964961051941,
      "conversation_count": 1,
      "avg_score": 0.22704824805259705
    },
    "instruction_following": {
      "matched": 1,
      "score_sum": 0.1684996336698532,
      "conversation_count": 1,
      "avg_score": 0.1684996336698532
    }
  }
}