{
  "conversation_id": 386,
  "matched": 12,
  "total_reference": 12,
  "avg_score": 0.19725,
  "avg_point_diff": 7.416666666666667,
  "axis_stats": {
    "completeness": {
      "matched": 1,
      "score_sum": 0.5207784175872803,
      "conversation_count": 1,
      "avg_score": 0.5207784175872803
    },
    "accuracy": {
      "matched": 3,
      "score_sum": 0.4161132335662842,
      "conversation_count": 1,
      "avg_score": 0.1387044111887614
    },
    "context_awareness": {
      "matched": 5,
      "score_sum": 0.325602650642395,
      "conversation_count": 1,
      "avg_score": 0.065120530128479
    },
    "communication_quality": {
      "matched": 3,
      "score_sum": 1.1045112609863281,
      "conversation_count": 1,
      "avg_score": 0.36817042032877606
    },
    "instruction_following": {
      "matched": 0,
      "score_sum": 0.0,
      "conversation_count": 0
    }
  }
}