{
  "conversation_id": 1669,
  "matched": 11,
  "total_reference": 11,
  "avg_score": 0.37127272727272725,
  "avg_point_diff": 5.090909090909091,
  "axis_stats": {
    "completeness": {
      "matched": 1,
      "score_sum": 0.7576714754104614,
      "conversation_count": 1,
      "avg_score": 0.7576714754104614
    },
    "accuracy": {
      "matched": 7,
      "score_sum": 2.5620793834328652,
      "conversation_count": 1,
      "avg_score": 0.36601134049040934
    },
    "context_awareness": {
      "matched": 1,
      "score_sum": 0.474686861038208,
      "conversation_count": 1,
      "avg_score": 0.474686861038208
    },
    "communication_quality": {
      "matched": 1,
      "score_sum": 0.28884485363960266,
      "conversation_count": 1,
      "avg_score": 0.28884485363960266
    },
    "instruction_following": {
      "matched": 1,
      "score_sum": 0.0,
      "conversation_count": 1,
      "avg_score": 0.0
    }
  }
}