{
  "conversation_id": 2409,
  "matched": 12,
  "total_reference": 12,
  "avg_score": 0.2383333333333333,
  "avg_point_diff": 7.166666666666667,
  "axis_stats": {
    "completeness": {
      "matched": 1,
      "score_sum": 0.0,
      "conversation_count": 1,
      "avg_score": 0.0
    },
    "accuracy": {
      "matched": 6,
      "score_sum": 1.2391920685768127,
      "conversation_count": 1,
      "avg_score": 0.20653201142946878
    },
    "context_awareness": {
      "matched": 1,
      "score_sum": 0.3466561734676361,
      "conversation_count": 1,
      "avg_score": 0.3466561734676361
    },
    "communication_quality": {
      "matched": 2,
      "score_sum": 0.6517798602581024,
      "conversation_count": 1,
      "avg_score": 0.3258899301290512
    },
    "instruction_following": {
      "matched": 2,
      "score_sum": 0.6225671768188477,
      "conversation_count": 1,
      "avg_score": 0.31128358840942383
    }
  }
}