{
  "conversation_id": 1908,
  "matched": 13,
  "total_reference": 13,
  "avg_score": 0.4378461538461538,
  "avg_point_diff": 2.8461538461538463,
  "axis_stats": {
    "completeness": {
      "matched": 4,
      "score_sum": 1.9440670609474182,
      "conversation_count": 1,
      "avg_score": 0.48601676523685455
    },
    "accuracy": {
      "matched": 8,
      "score_sum": 3.45112806558609,
      "conversation_count": 1,
      "avg_score": 0.43139100819826126
    },
    "context_awareness": {
      "matched": 0,
      "score_sum": 0.0,
      "conversation_count": 0
    },
    "communication_quality": {
      "matched": 1,
      "score_sum": 0.29722654819488525,
      "conversation_count": 1,
      "avg_score": 0.29722654819488525
    },
    "instruction_following": {
      "matched": 0,
      "score_sum": 0.0,
      "conversation_count": 0
    }
  }
}