{
  "conversation_id": 2543,
  "matched": 14,
  "total_reference": 14,
  "avg_score": 0.3744285714285714,
  "avg_point_diff": 3.7857142857142856,
  "axis_stats": {
    "completeness": {
      "matched": 8,
      "score_sum": 2.9660286605358124,
      "conversation_count": 1,
      "avg_score": 0.37075358256697655
    },
    "accuracy": {
      "matched": 3,
      "score_sum": 1.2385644316673279,
      "conversation_count": 1,
      "avg_score": 0.41285481055577594
    },
    "context_awareness": {
      "matched": 1,
      "score_sum": 0.5495045781135559,
      "conversation_count": 1,
      "avg_score": 0.5495045781135559
    },
    "communication_quality": {
      "matched": 2,
      "score_sum": 0.48728471994400024,
      "conversation_count": 1,
      "avg_score": 0.24364235997200012
    },
    "instruction_following": {
      "matched": 0,
      "score_sum": 0.0,
      "conversation_count": 0
    }
  }
}