{
  "conversation_id": 1526,
  "matched": 12,
  "total_reference": 12,
  "avg_score": 0.28391666666666665,
  "avg_point_diff": 6.833333333333333,
  "axis_stats": {
    "completeness": {
      "matched": 2,
      "score_sum": 0.43874478340148926,
      "conversation_count": 1,
      "avg_score": 0.21937239170074463
    },
    "accuracy": {
      "matched": 9,
      "score_sum": 2.6003160536289216,
      "conversation_count": 1,
      "avg_score": 0.28892400595876905
    },
    "context_awareness": {
      "matched": 0,
      "score_sum": 0.0,
      "conversation_count": 0
    },
    "communication_quality": {
      "matched": 1,
      "score_sum": 0.36786675453186035,
      "conversation_count": 1,
      "avg_score": 0.36786675453186035
    },
    "instruction_following": {
      "matched": 0,
      "score_sum": 0.0,
      "conversation_count": 0
    }
  }
}