{
  "conversation_id": 1220,
  "matched": 10,
  "total_reference": 10,
  "avg_score": 0.27490000000000003,
  "avg_point_diff": 5.0,
  "axis_stats": {
    "completeness": {
      "matched": 4,
      "score_sum": 1.171824425458908,
      "conversation_count": 1,
      "avg_score": 0.292956106364727
    },
    "accuracy": {
      "matched": 3,
      "score_sum": 0.38004040718078613,
      "conversation_count": 1,
      "avg_score": 0.1266801357269287
    },
    "context_awareness": {
      "matched": 1,
      "score_sum": 0.6227794289588928,
      "conversation_count": 1,
      "avg_score": 0.6227794289588928
    },
    "communication_quality": {
      "matched": 1,
      "score_sum": 0.22489085793495178,
      "conversation_count": 1,
      "avg_score": 0.22489085793495178
    },
    "instruction_following": {
      "matched": 1,
      "score_sum": 0.3488200902938843,
      "conversation_count": 1,
      "avg_score": 0.3488200902938843
    }
  }
}