{
  "conversation_id": 1219,
  "matched": 10,
  "total_reference": 10,
  "avg_score": 0.308,
  "avg_point_diff": 6.5,
  "axis_stats": {
    "completeness": {
      "matched": 2,
      "score_sum": 1.1010587811470032,
      "conversation_count": 1,
      "avg_score": 0.5505293905735016
    },
    "accuracy": {
      "matched": 3,
      "score_sum": 0.481022447347641,
      "conversation_count": 1,
      "avg_score": 0.160340815782547
    },
    "context_awareness": {
      "matched": 1,
      "score_sum": 0.6316108703613281,
      "conversation_count": 1,
      "avg_score": 0.6316108703613281
    },
    "communication_quality": {
      "matched": 2,
      "score_sum": 0.5339323878288269,
      "conversation_count": 1,
      "avg_score": 0.26696619391441345
    },
    "instruction_following": {
      "matched": 2,
      "score_sum": 0.33179426193237305,
      "conversation_count": 1,
      "avg_score": 0.16589713096618652
    }
  }
}