{
  "conversation_id": 585,
  "matched": 11,
  "total_reference": 11,
  "avg_score": 0.2675454545454546,
  "avg_point_diff": 8.818181818181818,
  "axis_stats": {
    "completeness": {
      "matched": 2,
      "score_sum": 0.3644752502441406,
      "conversation_count": 1,
      "avg_score": 0.1822376251220703
    },
    "accuracy": {
      "matched": 2,
      "score_sum": 0.550993025302887,
      "conversation_count": 1,
      "avg_score": 0.2754965126514435
    },
    "context_awareness": {
      "matched": 4,
      "score_sum": 0.4484446525573731,
      "conversation_count": 1,
      "avg_score": 0.11211116313934327
    },
    "communication_quality": {
      "matched": 1,
      "score_sum": 0.0,
      "conversation_count": 1,
      "avg_score": 0.0
    },
    "instruction_following": {
      "matched": 2,
      "score_sum": 1.5794422626495361,
      "conversation_count": 1,
      "avg_score": 0.7897211313247681
    }
  }
}