{
  "conversation_id": 2096,
  "matched": 15,
  "total_reference": 15,
  "avg_score": 0.3668666666666667,
  "avg_point_diff": 4.733333333333333,
  "axis_stats": {
    "completeness": {
      "matched": 0,
      "score_sum": 0.0,
      "conversation_count": 0
    },
    "accuracy": {
      "matched": 13,
      "score_sum": 4.848545914888382,
      "conversation_count": 1,
      "avg_score": 0.37296507037602933
    },
    "context_awareness": {
      "matched": 1,
      "score_sum": 0.2744150757789612,
      "conversation_count": 1,
      "avg_score": 0.2744150757789612
    },
    "communication_quality": {
      "matched": 0,
      "score_sum": 0.0,
      "conversation_count": 0
    },
    "instruction_following": {
      "matched": 1,
      "score_sum": 0.38141798973083496,
      "conversation_count": 1,
      "avg_score": 0.38141798973083496
    }
  }
}