{
  "conversation_id": 1083,
  "matched": 15,
  "total_reference": 15,
  "avg_score": 0.31466666666666665,
  "avg_point_diff": 5.133333333333334,
  "axis_stats": {
    "completeness": {
      "matched": 10,
      "score_sum": 3.2960340082645416,
      "conversation_count": 1,
      "avg_score": 0.3296034008264542
    },
    "accuracy": {
      "matched": 1,
      "score_sum": 0.4307478070259094,
      "conversation_count": 1,
      "avg_score": 0.4307478070259094
    },
    "context_awareness": {
      "matched": 4,
      "score_sum": 0.9946000874042511,
      "conversation_count": 1,
      "avg_score": 0.24865002185106277
    },
    "communication_quality": {
      "matched": 0,
      "score_sum": 0.0,
      "conversation_count": 0
    },
    "instruction_following": {
      "matched": 0,
      "score_sum": 0.0,
      "conversation_count": 0
    }
  }
}