{
  "conversation_id": 2171,
  "matched": 13,
  "total_reference": 13,
  "avg_score": 0.42107692307692307,
  "avg_point_diff": 3.769230769230769,
  "axis_stats": {
    "completeness": {
      "matched": 6,
      "score_sum": 1.9831795156002046,
      "conversation_count": 1,
      "avg_score": 0.3305299192667008
    },
    "accuracy": {
      "matched": 1,
      "score_sum": 0.6697613000869751,
      "conversation_count": 1,
      "avg_score": 0.6697613000869751
    },
    "context_awareness": {
      "matched": 4,
      "score_sum": 2.0167014837265014,
      "conversation_count": 1,
      "avg_score": 0.5041753709316253
    },
    "communication_quality": {
      "matched": 2,
      "score_sum": 0.8044015765190125,
      "conversation_count": 1,
      "avg_score": 0.4022007882595062
    },
    "instruction_following": {
      "matched": 0,
      "score_sum": 0.0,
      "conversation_count": 0
    }
  }
}