{
  "conversation_id": 1172,
  "matched": 15,
  "total_reference": 15,
  "avg_score": 0.23966666666666667,
  "avg_point_diff": 3.3333333333333335,
  "axis_stats": {
    "completeness": {
      "matched": 3,
      "score_sum": 0.8653739839792252,
      "conversation_count": 1,
      "avg_score": 0.2884579946597417
    },
    "accuracy": {
      "matched": 6,
      "score_sum": 1.2030658930540086,
      "conversation_count": 1,
      "avg_score": 0.2005109821756681
    },
    "context_awareness": {
      "matched": 3,
      "score_sum": 0.9675420224666595,
      "conversation_count": 1,
      "avg_score": 0.32251400748888653
    },
    "communication_quality": {
      "matched": 2,
      "score_sum": 0.3437342643737793,
      "conversation_count": 1,
      "avg_score": 0.17186713218688965
    },
    "instruction_following": {
      "matched": 1,
      "score_sum": 0.21599310636520386,
      "conversation_count": 1,
      "avg_score": 0.21599310636520386
    }
  }
}