{
  "conversation_id": 774,
  "matched": 15,
  "total_reference": 15,
  "avg_score": 0.5429333333333334,
  "avg_point_diff": 1.3333333333333333,
  "axis_stats": {
    "completeness": {
      "matched": 5,
      "score_sum": 2.044189989566803,
      "conversation_count": 1,
      "avg_score": 0.4088379979133606
    },
    "accuracy": {
      "matched": 6,
      "score_sum": 3.5856887698173523,
      "conversation_count": 1,
      "avg_score": 0.5976147949695587
    },
    "context_awareness": {
      "matched": 0,
      "score_sum": 0.0,
      "conversation_count": 0
    },
    "communication_quality": {
      "matched": 3,
      "score_sum": 1.734179973602295,
      "conversation_count": 1,
      "avg_score": 0.578059991200765
    },
    "instruction_following": {
      "matched": 1,
      "score_sum": 0.778648853302002,
      "conversation_count": 1,
      "avg_score": 0.778648853302002
    }
  }
}