{
  "conversation_id": 2190,
  "matched": 14,
  "total_reference": 14,
  "avg_score": 0.19864285714285715,
  "avg_point_diff": 8.214285714285714,
  "axis_stats": {
    "completeness": {
      "matched": 6,
      "score_sum": 1.0188881158828735,
      "conversation_count": 1,
      "avg_score": 0.1698146859804789
    },
    "accuracy": {
      "matched": 3,
      "score_sum": 0.34329360723495483,
      "conversation_count": 1,
      "avg_score": 0.11443120241165161
    },
    "context_awareness": {
      "matched": 3,
      "score_sum": 0.44340211153030396,
      "conversation_count": 1,
      "avg_score": 0.14780070384343466
    },
    "communication_quality": {
      "matched": 1,
      "score_sum": 0.9773571491241455,
      "conversation_count": 1,
      "avg_score": 0.9773571491241455
    },
    "instruction_following": {
      "matched": 1,
      "score_sum": 0.0,
      "conversation_count": 1,
      "avg_score": 0.0
    }
  }
}