{
  "conversation_id": 1913,
  "matched": 15,
  "total_reference": 15,
  "avg_score": 0.34459999999999996,
  "avg_point_diff": 3.2666666666666666,
  "axis_stats": {
    "completeness": {
      "matched": 11,
      "score_sum": 3.707227870821953,
      "conversation_count": 1,
      "avg_score": 0.33702071552926843
    },
    "accuracy": {
      "matched": 1,
      "score_sum": 0.7317309379577637,
      "conversation_count": 1,
      "avg_score": 0.7317309379577637
    },
    "context_awareness": {
      "matched": 3,
      "score_sum": 0.7304107546806335,
      "conversation_count": 1,
      "avg_score": 0.24347025156021118
    },
    "communication_quality": {
      "matched": 0,
      "score_sum": 0.0,
      "conversation_count": 0
    },
    "instruction_following": {
      "matched": 0,
      "score_sum": 0.0,
      "conversation_count": 0
    }
  }
}