{
  "conversation_id": 1893,
  "matched": 13,
  "total_reference": 13,
  "avg_score": 0.22384615384615386,
  "avg_point_diff": 8.153846153846153,
  "axis_stats": {
    "completeness": {
      "matched": 8,
      "score_sum": 1.6393387019634247,
      "conversation_count": 1,
      "avg_score": 0.20491733774542809
    },
    "accuracy": {
      "matched": 2,
      "score_sum": 0.37040358781814575,
      "conversation_count": 1,
      "avg_score": 0.18520179390907288
    },
    "context_awareness": {
      "matched": 2,
      "score_sum": 0.47157496213912964,
      "conversation_count": 1,
      "avg_score": 0.23578748106956482
    },
    "communication_quality": {
      "matched": 1,
      "score_sum": 0.42873830795288087,
      "conversation_count": 1,
      "avg_score": 0.42873830795288087
    },
    "instruction_following": {
      "matched": 0,
      "score_sum": 0.0,
      "conversation_count": 0
    }
  }
}