{
  "conversation_id": 708,
  "matched": 14,
  "total_reference": 14,
  "avg_score": 0.39250000000000007,
  "avg_point_diff": 3.7142857142857144,
  "axis_stats": {
    "completeness": {
      "matched": 7,
      "score_sum": 3.0842820405960083,
      "conversation_count": 1,
      "avg_score": 0.44061172008514404
    },
    "accuracy": {
      "matched": 2,
      "score_sum": 1.2271597385406494,
      "conversation_count": 1,
      "avg_score": 0.6135798692703247
    },
    "context_awareness": {
      "matched": 3,
      "score_sum": 0.8345967650413513,
      "conversation_count": 1,
      "avg_score": 0.2781989216804504
    },
    "communication_quality": {
      "matched": 2,
      "score_sum": 0.34856748580932617,
      "conversation_count": 1,
      "avg_score": 0.17428374290466309
    },
    "instruction_following": {
      "matched": 0,
      "score_sum": 0.0,
      "conversation_count": 0
    }
  }
}