{
  "conversation_id": 2248,
  "matched": 15,
  "total_reference": 15,
  "avg_score": 0.3372,
  "avg_point_diff": 5.066666666666666,
  "axis_stats": {
    "completeness": {
      "matched": 1,
      "score_sum": 0.5260041952133179,
      "conversation_count": 1,
      "avg_score": 0.5260041952133179
    },
    "accuracy": {
      "matched": 8,
      "score_sum": 2.518739104270935,
      "conversation_count": 1,
      "avg_score": 0.3148423880338669
    },
    "context_awareness": {
      "matched": 4,
      "score_sum": 1.5101444959640504,
      "conversation_count": 1,
      "avg_score": 0.3775361239910126
    },
    "communication_quality": {
      "matched": 0,
      "score_sum": 0.0,
      "conversation_count": 0
    },
    "instruction_following": {
      "matched": 2,
      "score_sum": 0.502718448638916,
      "conversation_count": 1,
      "avg_score": 0.251359224319458
    }
  }
}