{
  "conversation_id": 644,
  "matched": 15,
  "total_reference": 15,
  "avg_score": 0.22186666666666666,
  "avg_point_diff": 7.133333333333334,
  "axis_stats": {
    "completeness": {
      "matched": 1,
      "score_sum": 0.3909740746021271,
      "conversation_count": 1,
      "avg_score": 0.3909740746021271
    },
    "accuracy": {
      "matched": 3,
      "score_sum": 1.1043308824300766,
      "conversation_count": 1,
      "avg_score": 0.3681102941433589
    },
    "context_awareness": {
      "matched": 5,
      "score_sum": 0.9092307090759277,
      "conversation_count": 1,
      "avg_score": 0.18184614181518555
    },
    "communication_quality": {
      "matched": 4,
      "score_sum": 0.0,
      "conversation_count": 1,
      "avg_score": 0.0
    },
    "instruction_following": {
      "matched": 2,
      "score_sum": 0.9238572716712952,
      "conversation_count": 1,
      "avg_score": 0.4619286358356476
    }
  }
}