{
  "conversation_id": 1288,
  "matched": 12,
  "total_reference": 12,
  "avg_score": 0.28525,
  "avg_point_diff": 4.333333333333333,
  "axis_stats": {
    "completeness": {
      "matched": 3,
      "score_sum": 1.087300217151642,
      "conversation_count": 1,
      "avg_score": 0.362433405717214
    },
    "accuracy": {
      "matched": 6,
      "score_sum": 1.6460661590099335,
      "conversation_count": 1,
      "avg_score": 0.2743443598349889
    },
    "context_awareness": {
      "matched": 1,
      "score_sum": 0.4895583689212799,
      "conversation_count": 1,
      "avg_score": 0.4895583689212799
    },
    "communication_quality": {
      "matched": 1,
      "score_sum": 0.19848236441612244,
      "conversation_count": 1,
      "avg_score": 0.19848236441612244
    },
    "instruction_following": {
      "matched": 1,
      "score_sum": 0.0,
      "conversation_count": 1,
      "avg_score": 0.0
    }
  }
}