{
  "conversation_id": 1352,
  "matched": 12,
  "total_reference": 12,
  "avg_score": 0.2414166666666667,
  "avg_point_diff": 7.333333333333333,
  "axis_stats": {
    "completeness": {
      "matched": 3,
      "score_sum": 0.3297713041305542,
      "conversation_count": 1,
      "avg_score": 0.10992376804351807
    },
    "accuracy": {
      "matched": 8,
      "score_sum": 2.3340323984622957,
      "conversation_count": 1,
      "avg_score": 0.29175404980778696
    },
    "context_awareness": {
      "matched": 1,
      "score_sum": 0.23366565704345704,
      "conversation_count": 1,
      "avg_score": 0.23366565704345704
    },
    "communication_quality": {
      "matched": 0,
      "score_sum": 0.0,
      "conversation_count": 0
    },
    "instruction_following": {
      "matched": 0,
      "score_sum": 0.0,
      "conversation_count": 0
    }
  }
}