{
  "conversation_id": 723,
  "matched": 13,
  "total_reference": 13,
  "avg_score": 0.3871538461538462,
  "avg_point_diff": 4.846153846153846,
  "axis_stats": {
    "completeness": {
      "matched": 2,
      "score_sum": 0.4375988841056824,
      "conversation_count": 1,
      "avg_score": 0.2187994420528412
    },
    "accuracy": {
      "matched": 1,
      "score_sum": 0.5602461099624634,
      "conversation_count": 1,
      "avg_score": 0.5602461099624634
    },
    "context_awareness": {
      "matched": 9,
      "score_sum": 3.7999391853809357,
      "conversation_count": 1,
      "avg_score": 0.4222154650423262
    },
    "communication_quality": {
      "matched": 1,
      "score_sum": 0.2360322952270508,
      "conversation_count": 1,
      "avg_score": 0.2360322952270508
    },
    "instruction_following": {
      "matched": 0,
      "score_sum": 0.0,
      "conversation_count": 0
    }
  }
}