{
  "conversation_id": 1922,
  "matched": 12,
  "total_reference": 12,
  "avg_score": 0.39008333333333334,
  "avg_point_diff": 4.583333333333333,
  "axis_stats": {
    "completeness": {
      "matched": 5,
      "score_sum": 1.7238240003585816,
      "conversation_count": 1,
      "avg_score": 0.34476480007171634
    },
    "accuracy": {
      "matched": 3,
      "score_sum": 1.23817321062088,
      "conversation_count": 1,
      "avg_score": 0.4127244035402933
    },
    "context_awareness": {
      "matched": 3,
      "score_sum": 1.451190173625946,
      "conversation_count": 1,
      "avg_score": 0.48373005787531537
    },
    "communication_quality": {
      "matched": 1,
      "score_sum": 0.26917293667793274,
      "conversation_count": 1,
      "avg_score": 0.26917293667793274
    },
    "instruction_following": {
      "matched": 0,
      "score_sum": 0.0,
      "conversation_count": 0
    }
  }
}