{
  "conversation_id": 2054,
  "matched": 14,
  "total_reference": 14,
  "avg_score": 0.3617857142857143,
  "avg_point_diff": 6.214285714285714,
  "axis_stats": {
    "completeness": {
      "matched": 3,
      "score_sum": 0.6740185022354126,
      "conversation_count": 1,
      "avg_score": 0.22467283407847086
    },
    "accuracy": {
      "matched": 3,
      "score_sum": 0.9875904619693756,
      "conversation_count": 1,
      "avg_score": 0.32919682065645856
    },
    "context_awareness": {
      "matched": 2,
      "score_sum": 0.4523601055145264,
      "conversation_count": 1,
      "avg_score": 0.2261800527572632
    },
    "communication_quality": {
      "matched": 4,
      "score_sum": 2.453985023498535,
      "conversation_count": 1,
      "avg_score": 0.6134962558746337
    },
    "instruction_following": {
      "matched": 2,
      "score_sum": 0.4973222017288208,
      "conversation_count": 1,
      "avg_score": 0.2486611008644104
    }
  }
}