{
  "conversation_id": 1641,
  "matched": 14,
  "total_reference": 14,
  "avg_score": 0.13764285714285712,
  "avg_point_diff": 8.142857142857142,
  "axis_stats": {
    "completeness": {
      "matched": 5,
      "score_sum": 0.8356212973594666,
      "conversation_count": 1,
      "avg_score": 0.1671242594718933
    },
    "accuracy": {
      "matched": 7,
      "score_sum": 0.7844666957855225,
      "conversation_count": 1,
      "avg_score": 0.11206667082650322
    },
    "context_awareness": {
      "matched": 2,
      "score_sum": 0.30707314014434817,
      "conversation_count": 1,
      "avg_score": 0.15353657007217408
    },
    "communication_quality": {
      "matched": 0,
      "score_sum": 0.0,
      "conversation_count": 0
    },
    "instruction_following": {
      "matched": 0,
      "score_sum": 0.0,
      "conversation_count": 0
    }
  }
}