{
  "conversation_id": 2026,
  "matched": 10,
  "total_reference": 10,
  "avg_score": 0.42069999999999996,
  "avg_point_diff": 4.5,
  "axis_stats": {
    "completeness": {
      "matched": 3,
      "score_sum": 1.4040573239326477,
      "conversation_count": 1,
      "avg_score": 0.46801910797754925
    },
    "accuracy": {
      "matched": 3,
      "score_sum": 2.0159342765808104,
      "conversation_count": 1,
      "avg_score": 0.6719780921936035
    },
    "context_awareness": {
      "matched": 3,
      "score_sum": 0.3815971612930298,
      "conversation_count": 1,
      "avg_score": 0.12719905376434326
    },
    "communication_quality": {
      "matched": 1,
      "score_sum": 0.4043346345424652,
      "conversation_count": 1,
      "avg_score": 0.4043346345424652
    },
    "instruction_following": {
      "matched": 0,
      "score_sum": 0.0,
      "conversation_count": 0
    }
  }
}