{
  "conversation_id": 626,
  "matched": 11,
  "total_reference": 11,
  "avg_score": 0.35745454545454547,
  "avg_point_diff": 3.3636363636363638,
  "axis_stats": {
    "completeness": {
      "matched": 3,
      "score_sum": 1.46486234664917,
      "conversation_count": 1,
      "avg_score": 0.48828744888305664
    },
    "accuracy": {
      "matched": 4,
      "score_sum": 1.7118747681379318,
      "conversation_count": 1,
      "avg_score": 0.42796869203448296
    },
    "context_awareness": {
      "matched": 1,
      "score_sum": 0.5232486724853516,
      "conversation_count": 1,
      "avg_score": 0.5232486724853516
    },
    "communication_quality": {
      "matched": 2,
      "score_sum": 0.17289792001247406,
      "conversation_count": 1,
      "avg_score": 0.08644896000623703
    },
    "instruction_following": {
      "matched": 1,
      "score_sum": 0.058710747957229616,
      "conversation_count": 1,
      "avg_score": 0.058710747957229616
    }
  }
}