{
  "conversation_id": 651,
  "matched": 11,
  "total_reference": 11,
  "avg_score": 0.3807272727272727,
  "avg_point_diff": 2.272727272727273,
  "axis_stats": {
    "completeness": {
      "matched": 1,
      "score_sum": 0.39446043968200684,
      "conversation_count": 1,
      "avg_score": 0.39446043968200684
    },
    "accuracy": {
      "matched": 9,
      "score_sum": 3.5453525483608246,
      "conversation_count": 1,
      "avg_score": 0.39392806092898053
    },
    "context_awareness": {
      "matched": 1,
      "score_sum": 0.24920055270195007,
      "conversation_count": 1,
      "avg_score": 0.24920055270195007
    },
    "communication_quality": {
      "matched": 0,
      "score_sum": 0.0,
      "conversation_count": 0
    },
    "instruction_following": {
      "matched": 0,
      "score_sum": 0.0,
      "conversation_count": 0
    }
  }
}