{
  "conversation_id": 1354,
  "matched": 12,
  "total_reference": 12,
  "avg_score": 0.43283333333333324,
  "avg_point_diff": 5.0,
  "axis_stats": {
    "completeness": {
      "matched": 3,
      "score_sum": 1.794399917125702,
      "conversation_count": 1,
      "avg_score": 0.5981333057085673
    },
    "accuracy": {
      "matched": 5,
      "score_sum": 1.1914721131324768,
      "conversation_count": 1,
      "avg_score": 0.23829442262649536
    },
    "context_awareness": {
      "matched": 3,
      "score_sum": 1.5717254281044006,
      "conversation_count": 1,
      "avg_score": 0.5239084760348002
    },
    "communication_quality": {
      "matched": 1,
      "score_sum": 0.6368553042411804,
      "conversation_count": 1,
      "avg_score": 0.6368553042411804
    },
    "instruction_following": {
      "matched": 0,
      "score_sum": 0.0,
      "conversation_count": 0
    }
  }
}