{
  "conversation_id": 2181,
  "matched": 12,
  "total_reference": 12,
  "avg_score": 0.32549999999999996,
  "avg_point_diff": 7.083333333333333,
  "axis_stats": {
    "completeness": {
      "matched": 2,
      "score_sum": 0.6951748132705688,
      "conversation_count": 1,
      "avg_score": 0.3475874066352844
    },
    "accuracy": {
      "matched": 4,
      "score_sum": 0.5734843015670776,
      "conversation_count": 1,
      "avg_score": 0.1433710753917694
    },
    "context_awareness": {
      "matched": 4,
      "score_sum": 1.732761263847351,
      "conversation_count": 1,
      "avg_score": 0.43319031596183777
    },
    "communication_quality": {
      "matched": 2,
      "score_sum": 0.9041072010993958,
      "conversation_count": 1,
      "avg_score": 0.4520536005496979
    },
    "instruction_following": {
      "matched": 0,
      "score_sum": 0.0,
      "conversation_count": 0
    }
  }
}