{
  "conversation_id": 2566,
  "matched": 12,
  "total_reference": 12,
  "avg_score": 0.17858333333333332,
  "avg_point_diff": 7.583333333333333,
  "axis_stats": {
    "completeness": {
      "matched": 2,
      "score_sum": 0.17867941856384278,
      "conversation_count": 1,
      "avg_score": 0.08933970928192139
    },
    "accuracy": {
      "matched": 9,
      "score_sum": 1.4649849236011505,
      "conversation_count": 1,
      "avg_score": 0.16277610262235007
    },
    "context_awareness": {
      "matched": 1,
      "score_sum": 0.4991750717163086,
      "conversation_count": 1,
      "avg_score": 0.4991750717163086
    },
    "communication_quality": {
      "matched": 0,
      "score_sum": 0.0,
      "conversation_count": 0
    },
    "instruction_following": {
      "matched": 0,
      "score_sum": 0.0,
      "conversation_count": 0
    }
  }
}