{
  "conversation_id": 1690,
  "matched": 12,
  "total_reference": 12,
  "avg_score": 0.2985,
  "avg_point_diff": 6.333333333333333,
  "axis_stats": {
    "completeness": {
      "matched": 4,
      "score_sum": 2.1267589926719666,
      "conversation_count": 1,
      "avg_score": 0.5316897481679916
    },
    "accuracy": {
      "matched": 6,
      "score_sum": 1.0366445481777191,
      "conversation_count": 1,
      "avg_score": 0.17277409136295319
    },
    "context_awareness": {
      "matched": 1,
      "score_sum": 0.2564578950405121,
      "conversation_count": 1,
      "avg_score": 0.2564578950405121
    },
    "communication_quality": {
      "matched": 1,
      "score_sum": 0.16201810538768768,
      "conversation_count": 1,
      "avg_score": 0.16201810538768768
    },
    "instruction_following": {
      "matched": 0,
      "score_sum": 0.0,
      "conversation_count": 0
    }
  }
}