{
  "conversation_id": 1968,
  "matched": 11,
  "total_reference": 11,
  "avg_score": 0.36327272727272725,
  "avg_point_diff": 4.818181818181818,
  "axis_stats": {
    "completeness": {
      "matched": 3,
      "score_sum": 1.3559080302715303,
      "conversation_count": 1,
      "avg_score": 0.45196934342384343
    },
    "accuracy": {
      "matched": 1,
      "score_sum": 0.4319646954536438,
      "conversation_count": 1,
      "avg_score": 0.4319646954536438
    },
    "context_awareness": {
      "matched": 5,
      "score_sum": 1.3735962212085724,
      "conversation_count": 1,
      "avg_score": 0.27471924424171446
    },
    "communication_quality": {
      "matched": 0,
      "score_sum": 0.0,
      "conversation_count": 0
    },
    "instruction_following": {
      "matched": 2,
      "score_sum": 0.8355819463729859,
      "conversation_count": 1,
      "avg_score": 0.41779097318649294
    }
  }
}