{
  "conversation_id": 1355,
  "matched": 11,
  "total_reference": 11,
  "avg_score": 0.36118181818181816,
  "avg_point_diff": 5.636363636363637,
  "axis_stats": {
    "completeness": {
      "matched": 2,
      "score_sum": 0.6202267408370972,
      "conversation_count": 1,
      "avg_score": 0.3101133704185486
    },
    "accuracy": {
      "matched": 1,
      "score_sum": 0.4202173233032227,
      "conversation_count": 1,
      "avg_score": 0.4202173233032227
    },
    "context_awareness": {
      "matched": 4,
      "score_sum": 1.5442157089710236,
      "conversation_count": 1,
      "avg_score": 0.3860539272427559
    },
    "communication_quality": {
      "matched": 0,
      "score_sum": 0.0,
      "conversation_count": 0
    },
    "instruction_following": {
      "matched": 4,
      "score_sum": 1.3879950881004333,
      "conversation_count": 1,
      "avg_score": 0.3469987720251083
    }
  }
}