{
  "conversation_id": 1237,
  "matched": 15,
  "total_reference": 15,
  "avg_score": 0.29073333333333334,
  "avg_point_diff": 6.266666666666667,
  "axis_stats": {
    "completeness": {
      "matched": 1,
      "score_sum": 0.3836723566055298,
      "conversation_count": 1,
      "avg_score": 0.3836723566055298
    },
    "accuracy": {
      "matched": 10,
      "score_sum": 2.679194837808609,
      "conversation_count": 1,
      "avg_score": 0.2679194837808609
    },
    "context_awareness": {
      "matched": 2,
      "score_sum": 0.2642388939857483,
      "conversation_count": 1,
      "avg_score": 0.13211944699287415
    },
    "communication_quality": {
      "matched": 1,
      "score_sum": 0.7295659184455872,
      "conversation_count": 1,
      "avg_score": 0.7295659184455872
    },
    "instruction_following": {
      "matched": 1,
      "score_sum": 0.30371376872062683,
      "conversation_count": 1,
      "avg_score": 0.30371376872062683
    }
  }
}