{
  "conversation_id": 890,
  "matched": 15,
  "total_reference": 15,
  "avg_score": 0.37326666666666664,
  "avg_point_diff": 5.4,
  "axis_stats": {
    "completeness": {
      "matched": 7,
      "score_sum": 2.0140292048454285,
      "conversation_count": 1,
      "avg_score": 0.2877184578350612
    },
    "accuracy": {
      "matched": 6,
      "score_sum": 2.703316164016724,
      "conversation_count": 1,
      "avg_score": 0.4505526940027873
    },
    "context_awareness": {
      "matched": 1,
      "score_sum": 0.4055437445640564,
      "conversation_count": 1,
      "avg_score": 0.4055437445640564
    },
    "communication_quality": {
      "matched": 0,
      "score_sum": 0.0,
      "conversation_count": 0
    },
    "instruction_following": {
      "matched": 1,
      "score_sum": 0.4744015216827393,
      "conversation_count": 1,
      "avg_score": 0.4744015216827393
    }
  }
}