{
  "conversation_id": 1258,
  "matched": 14,
  "total_reference": 14,
  "avg_score": 0.3067857142857143,
  "avg_point_diff": 5.214285714285714,
  "axis_stats": {
    "completeness": {
      "matched": 7,
      "score_sum": 2.0297850966453552,
      "conversation_count": 1,
      "avg_score": 0.28996929952076506
    },
    "accuracy": {
      "matched": 4,
      "score_sum": 1.3678272664546967,
      "conversation_count": 1,
      "avg_score": 0.34195681661367416
    },
    "context_awareness": {
      "matched": 2,
      "score_sum": 0.44429099559783936,
      "conversation_count": 1,
      "avg_score": 0.22214549779891968
    },
    "communication_quality": {
      "matched": 1,
      "score_sum": 0.45338234305381775,
      "conversation_count": 1,
      "avg_score": 0.45338234305381775
    },
    "instruction_following": {
      "matched": 0,
      "score_sum": 0.0,
      "conversation_count": 0
    }
  }
}