{
  "conversation_id": 325,
  "matched": 14,
  "total_reference": 14,
  "avg_score": 0.3727142857142857,
  "avg_point_diff": 4.642857142857143,
  "axis_stats": {
    "completeness": {
      "matched": 4,
      "score_sum": 1.6472837805747986,
      "conversation_count": 1,
      "avg_score": 0.41182094514369966
    },
    "accuracy": {
      "matched": 4,
      "score_sum": 1.5754892706871033,
      "conversation_count": 1,
      "avg_score": 0.39387231767177583
    },
    "context_awareness": {
      "matched": 0,
      "score_sum": 0.0,
      "conversation_count": 0
    },
    "communication_quality": {
      "matched": 4,
      "score_sum": 1.335232935845852,
      "conversation_count": 1,
      "avg_score": 0.333808233961463
    },
    "instruction_following": {
      "matched": 2,
      "score_sum": 0.660256564617157,
      "conversation_count": 1,
      "avg_score": 0.3301282823085785
    }
  }
}