{
  "conversation_id": 2198,
  "matched": 11,
  "total_reference": 11,
  "avg_score": 0.26454545454545453,
  "avg_point_diff": 6.545454545454546,
  "axis_stats": {
    "completeness": {
      "matched": 5,
      "score_sum": 1.1324239671230316,
      "conversation_count": 1,
      "avg_score": 0.2264847934246063
    },
    "accuracy": {
      "matched": 3,
      "score_sum": 0.7755456268787384,
      "conversation_count": 1,
      "avg_score": 0.25851520895957947
    },
    "context_awareness": {
      "matched": 0,
      "score_sum": 0.0,
      "conversation_count": 0
    },
    "communication_quality": {
      "matched": 2,
      "score_sum": 0.4125825762748718,
      "conversation_count": 1,
      "avg_score": 0.2062912881374359
    },
    "instruction_following": {
      "matched": 1,
      "score_sum": 0.5885285139083862,
      "conversation_count": 1,
      "avg_score": 0.5885285139083862
    }
  }
}