{
  "conversation_id": 2225,
  "matched": 11,
  "total_reference": 11,
  "avg_score": 0.35500000000000004,
  "avg_point_diff": 5.454545454545454,
  "axis_stats": {
    "completeness": {
      "matched": 3,
      "score_sum": 1.245278000831604,
      "conversation_count": 1,
      "avg_score": 0.415092666943868
    },
    "accuracy": {
      "matched": 2,
      "score_sum": 0.27554887533187866,
      "conversation_count": 1,
      "avg_score": 0.13777443766593933
    },
    "context_awareness": {
      "matched": 5,
      "score_sum": 1.7888285756111144,
      "conversation_count": 1,
      "avg_score": 0.3577657151222229
    },
    "communication_quality": {
      "matched": 0,
      "score_sum": 0.0,
      "conversation_count": 0
    },
    "instruction_following": {
      "matched": 1,
      "score_sum": 0.5948340892791748,
      "conversation_count": 1,
      "avg_score": 0.5948340892791748
    }
  }
}