{
  "conversation_id": 2419,
  "matched": 11,
  "total_reference": 11,
  "avg_score": 0.15681818181818183,
  "avg_point_diff": 8.454545454545455,
  "axis_stats": {
    "completeness": {
      "matched": 6,
      "score_sum": 0.2866246700286865,
      "conversation_count": 1,
      "avg_score": 0.04777077833811442
    },
    "accuracy": {
      "matched": 2,
      "score_sum": 1.0581995248794556,
      "conversation_count": 1,
      "avg_score": 0.5290997624397278
    },
    "context_awareness": {
      "matched": 0,
      "score_sum": 0.0,
      "conversation_count": 0
    },
    "communication_quality": {
      "matched": 3,
      "score_sum": 0.3790298104286194,
      "conversation_count": 1,
      "avg_score": 0.12634327014287314
    },
    "instruction_following": {
      "matched": 0,
      "score_sum": 0.0,
      "conversation_count": 0
    }
  }
}