{
  "conversation_id": 1709,
  "matched": 12,
  "total_reference": 12,
  "avg_score": 0.22433333333333336,
  "avg_point_diff": 6.25,
  "axis_stats": {
    "completeness": {
      "matched": 5,
      "score_sum": 0.6565322875976562,
      "conversation_count": 1,
      "avg_score": 0.13130645751953124
    },
    "accuracy": {
      "matched": 2,
      "score_sum": 0.30499882698059083,
      "conversation_count": 1,
      "avg_score": 0.15249941349029542
    },
    "context_awareness": {
      "matched": 3,
      "score_sum": 0.6349030286073685,
      "conversation_count": 1,
      "avg_score": 0.21163434286912283
    },
    "communication_quality": {
      "matched": 0,
      "score_sum": 0.0,
      "conversation_count": 0
    },
    "instruction_following": {
      "matched": 2,
      "score_sum": 1.0955482363700866,
      "conversation_count": 1,
      "avg_score": 0.5477741181850433
    }
  }
}