{
  "conversation_id": 900,
  "matched": 11,
  "total_reference": 11,
  "avg_score": 0.1989090909090909,
  "avg_point_diff": 5.7272727272727275,
  "axis_stats": {
    "completeness": {
      "matched": 2,
      "score_sum": 0.4497332274913788,
      "conversation_count": 1,
      "avg_score": 0.2248666137456894
    },
    "accuracy": {
      "matched": 2,
      "score_sum": 0.3766545057296753,
      "conversation_count": 1,
      "avg_score": 0.18832725286483765
    },
    "context_awareness": {
      "matched": 3,
      "score_sum": 0.6095122694969177,
      "conversation_count": 1,
      "avg_score": 0.20317075649897257
    },
    "communication_quality": {
      "matched": 2,
      "score_sum": 0.578319638967514,
      "conversation_count": 1,
      "avg_score": 0.289159819483757
    },
    "instruction_following": {
      "matched": 2,
      "score_sum": 0.17349809408187866,
      "conversation_count": 1,
      "avg_score": 0.08674904704093933
    }
  }
}