{
  "conversation_id": 1832,
  "matched": 15,
  "total_reference": 15,
  "avg_score": 0.26493333333333335,
  "avg_point_diff": 6.333333333333333,
  "axis_stats": {
    "completeness": {
      "matched": 6,
      "score_sum": 0.9414850234985351,
      "conversation_count": 1,
      "avg_score": 0.15691417058308918
    },
    "accuracy": {
      "matched": 3,
      "score_sum": 0.6654092669487,
      "conversation_count": 1,
      "avg_score": 0.2218030889829
    },
    "context_awareness": {
      "matched": 2,
      "score_sum": 0.9322117567062378,
      "conversation_count": 1,
      "avg_score": 0.4661058783531189
    },
    "communication_quality": {
      "matched": 2,
      "score_sum": 0.39033830165863037,
      "conversation_count": 1,
      "avg_score": 0.19516915082931519
    },
    "instruction_following": {
      "matched": 2,
      "score_sum": 1.0438331365585327,
      "conversation_count": 1,
      "avg_score": 0.5219165682792664
    }
  }
}