{
  "conversation_id": 370,
  "matched": 14,
  "total_reference": 14,
  "avg_score": 0.3507857142857143,
  "avg_point_diff": 5.642857142857143,
  "axis_stats": {
    "completeness": {
      "matched": 6,
      "score_sum": 2.4569559335708617,
      "conversation_count": 1,
      "avg_score": 0.40949265559514364
    },
    "accuracy": {
      "matched": 1,
      "score_sum": 0.44632357358932495,
      "conversation_count": 1,
      "avg_score": 0.44632357358932495
    },
    "context_awareness": {
      "matched": 3,
      "score_sum": 1.3007684350013733,
      "conversation_count": 1,
      "avg_score": 0.4335894783337911
    },
    "communication_quality": {
      "matched": 1,
      "score_sum": 0.0,
      "conversation_count": 1,
      "avg_score": 0.0
    },
    "instruction_following": {
      "matched": 3,
      "score_sum": 0.7073800563812256,
      "conversation_count": 1,
      "avg_score": 0.2357933521270752
    }
  }
}