{
  "conversation_id": 1704,
  "matched": 14,
  "total_reference": 14,
  "avg_score": 0.5037142857142857,
  "avg_point_diff": 3.7142857142857144,
  "axis_stats": {
    "completeness": {
      "matched": 2,
      "score_sum": 1.4868467688560485,
      "conversation_count": 1,
      "avg_score": 0.7434233844280242
    },
    "accuracy": {
      "matched": 10,
      "score_sum": 4.539855241775513,
      "conversation_count": 1,
      "avg_score": 0.4539855241775513
    },
    "context_awareness": {
      "matched": 0,
      "score_sum": 0.0,
      "conversation_count": 0
    },
    "communication_quality": {
      "matched": 1,
      "score_sum": 0.2251623421907425,
      "conversation_count": 1,
      "avg_score": 0.2251623421907425
    },
    "instruction_following": {
      "matched": 1,
      "score_sum": 0.7999942898750305,
      "conversation_count": 1,
      "avg_score": 0.7999942898750305
    }
  }
}