{
  "conversation_id": 559,
  "matched": 14,
  "total_reference": 14,
  "avg_score": 0.2000714285714286,
  "avg_point_diff": 8.857142857142858,
  "axis_stats": {
    "completeness": {
      "matched": 1,
      "score_sum": 0.0,
      "conversation_count": 1,
      "avg_score": 0.0
    },
    "accuracy": {
      "matched": 1,
      "score_sum": 0.3598237633705139,
      "conversation_count": 1,
      "avg_score": 0.3598237633705139
    },
    "context_awareness": {
      "matched": 6,
      "score_sum": 1.4482928931713104,
      "conversation_count": 1,
      "avg_score": 0.24138214886188505
    },
    "communication_quality": {
      "matched": 3,
      "score_sum": 0.5528429746627808,
      "conversation_count": 1,
      "avg_score": 0.18428099155426025
    },
    "instruction_following": {
      "matched": 3,
      "score_sum": 0.4395880103111267,
      "conversation_count": 1,
      "avg_score": 0.14652933677037558
    }
  }
}