{
  "conversation_id": 1337,
  "matched": 13,
  "total_reference": 13,
  "avg_score": 0.28323076923076923,
  "avg_point_diff": 2.5384615384615383,
  "axis_stats": {
    "completeness": {
      "matched": 3,
      "score_sum": 0.7121304273605347,
      "conversation_count": 1,
      "avg_score": 0.23737680912017822
    },
    "accuracy": {
      "matched": 8,
      "score_sum": 2.3632420897483826,
      "conversation_count": 1,
      "avg_score": 0.2954052612185478
    },
    "context_awareness": {
      "matched": 1,
      "score_sum": 0.4991750717163086,
      "conversation_count": 1,
      "avg_score": 0.4991750717163086
    },
    "communication_quality": {
      "matched": 1,
      "score_sum": 0.10881121456623077,
      "conversation_count": 1,
      "avg_score": 0.10881121456623077
    },
    "instruction_following": {
      "matched": 0,
      "score_sum": 0.0,
      "conversation_count": 0
    }
  }
}