{
  "conversation_id": 1353,
  "matched": 11,
  "total_reference": 11,
  "avg_score": 0.4202727272727273,
  "avg_point_diff": 4.636363636363637,
  "axis_stats": {
    "completeness": {
      "matched": 3,
      "score_sum": 1.1011040210723877,
      "conversation_count": 1,
      "avg_score": 0.3670346736907959
    },
    "accuracy": {
      "matched": 4,
      "score_sum": 1.400642079114914,
      "conversation_count": 1,
      "avg_score": 0.3501605197787285
    },
    "context_awareness": {
      "matched": 1,
      "score_sum": 0.6681990623474121,
      "conversation_count": 1,
      "avg_score": 0.6681990623474121
    },
    "communication_quality": {
      "matched": 1,
      "score_sum": 0.6286500096321106,
      "conversation_count": 1,
      "avg_score": 0.6286500096321106
    },
    "instruction_following": {
      "matched": 2,
      "score_sum": 0.8242392063140869,
      "conversation_count": 1,
      "avg_score": 0.41211960315704343
    }
  }
}