{
  "conversation_id": 1847,
  "matched": 11,
  "total_reference": 11,
  "avg_score": 0.4269090909090909,
  "avg_point_diff": 4.7272727272727275,
  "axis_stats": {
    "completeness": {
      "matched": 8,
      "score_sum": 3.926502752304077,
      "conversation_count": 1,
      "avg_score": 0.4908128440380096
    },
    "accuracy": {
      "matched": 2,
      "score_sum": 0.41861751675605774,
      "conversation_count": 1,
      "avg_score": 0.20930875837802887
    },
    "context_awareness": {
      "matched": 1,
      "score_sum": 0.35137896537780766,
      "conversation_count": 1,
      "avg_score": 0.35137896537780766
    },
    "communication_quality": {
      "matched": 0,
      "score_sum": 0.0,
      "conversation_count": 0
    },
    "instruction_following": {
      "matched": 0,
      "score_sum": 0.0,
      "conversation_count": 0
    }
  }
}