{
  "conversation_id": 2573,
  "matched": 13,
  "total_reference": 13,
  "avg_score": 0.23515384615384616,
  "avg_point_diff": 8.076923076923077,
  "axis_stats": {
    "completeness": {
      "matched": 4,
      "score_sum": 1.22647967338562,
      "conversation_count": 1,
      "avg_score": 0.306619918346405
    },
    "accuracy": {
      "matched": 1,
      "score_sum": 0.3282808780670166,
      "conversation_count": 1,
      "avg_score": 0.3282808780670166
    },
    "context_awareness": {
      "matched": 6,
      "score_sum": 1.099413651227951,
      "conversation_count": 1,
      "avg_score": 0.18323560853799184
    },
    "communication_quality": {
      "matched": 2,
      "score_sum": 0.40344738960266113,
      "conversation_count": 1,
      "avg_score": 0.20172369480133057
    },
    "instruction_following": {
      "matched": 0,
      "score_sum": 0.0,
      "conversation_count": 0
    }
  }
}