{
  "conversation_id": 999,
  "matched": 12,
  "total_reference": 12,
  "avg_score": 0.5460000000000002,
  "avg_point_diff": 3.6666666666666665,
  "axis_stats": {
    "completeness": {
      "matched": 5,
      "score_sum": 2.991908073425293,
      "conversation_count": 1,
      "avg_score": 0.5983816146850586
    },
    "accuracy": {
      "matched": 2,
      "score_sum": 1.0080717325210573,
      "conversation_count": 1,
      "avg_score": 0.5040358662605287
    },
    "context_awareness": {
      "matched": 1,
      "score_sum": 0.0,
      "conversation_count": 1,
      "avg_score": 0.0
    },
    "communication_quality": {
      "matched": 2,
      "score_sum": 0.9142192006111145,
      "conversation_count": 1,
      "avg_score": 0.45710960030555725
    },
    "instruction_following": {
      "matched": 2,
      "score_sum": 1.6375665664672852,
      "conversation_count": 1,
      "avg_score": 0.8187832832336426
    }
  }
}