{
  "conversation_id": 2302,
  "matched": 15,
  "total_reference": 15,
  "avg_score": 0.2687333333333333,
  "avg_point_diff": 5.6,
  "axis_stats": {
    "completeness": {
      "matched": 5,
      "score_sum": 1.7037417590618134,
      "conversation_count": 1,
      "avg_score": 0.3407483518123627
    },
    "accuracy": {
      "matched": 7,
      "score_sum": 1.3446058332920074,
      "conversation_count": 1,
      "avg_score": 0.19208654761314392
    },
    "context_awareness": {
      "matched": 0,
      "score_sum": 0.0,
      "conversation_count": 0
    },
    "communication_quality": {
      "matched": 2,
      "score_sum": 0.7745071351528168,
      "conversation_count": 1,
      "avg_score": 0.3872535675764084
    },
    "instruction_following": {
      "matched": 1,
      "score_sum": 0.2071171998977661,
      "conversation_count": 1,
      "avg_score": 0.2071171998977661
    }
  }
}