{
  "conversation_id": 2185,
  "matched": 11,
  "total_reference": 11,
  "avg_score": 0.32072727272727275,
  "avg_point_diff": 5.181818181818182,
  "axis_stats": {
    "completeness": {
      "matched": 5,
      "score_sum": 2.175373578071594,
      "conversation_count": 1,
      "avg_score": 0.4350747156143188
    },
    "accuracy": {
      "matched": 2,
      "score_sum": 0.4331301152706146,
      "conversation_count": 1,
      "avg_score": 0.2165650576353073
    },
    "context_awareness": {
      "matched": 1,
      "score_sum": 0.3967832922935486,
      "conversation_count": 1,
      "avg_score": 0.3967832922935486
    },
    "communication_quality": {
      "matched": 3,
      "score_sum": 0.5225039720535278,
      "conversation_count": 1,
      "avg_score": 0.17416799068450928
    },
    "instruction_following": {
      "matched": 0,
      "score_sum": 0.0,
      "conversation_count": 0
    }
  }
}