{
  "conversation_id": 997,
  "matched": 11,
  "total_reference": 11,
  "avg_score": 0.23545454545454544,
  "avg_point_diff": 5.7272727272727275,
  "axis_stats": {
    "completeness": {
      "matched": 3,
      "score_sum": 1.0088321685791017,
      "conversation_count": 1,
      "avg_score": 0.33627738952636727
    },
    "accuracy": {
      "matched": 3,
      "score_sum": 0.9509675920009614,
      "conversation_count": 1,
      "avg_score": 0.31698919733365377
    },
    "context_awareness": {
      "matched": 1,
      "score_sum": 0.4002988934516907,
      "conversation_count": 1,
      "avg_score": 0.4002988934516907
    },
    "communication_quality": {
      "matched": 1,
      "score_sum": 0.0,
      "conversation_count": 1,
      "avg_score": 0.0
    },
    "instruction_following": {
      "matched": 3,
      "score_sum": 0.23008863627910614,
      "conversation_count": 1,
      "avg_score": 0.07669621209303538
    }
  }
}