{
  "conversation_id": 1904,
  "matched": 10,
  "total_reference": 10,
  "avg_score": 0.27240000000000003,
  "avg_point_diff": 6.4,
  "axis_stats": {
    "completeness": {
      "matched": 1,
      "score_sum": 0.7286776542663574,
      "conversation_count": 1,
      "avg_score": 0.7286776542663574
    },
    "accuracy": {
      "matched": 6,
      "score_sum": 1.383376955986023,
      "conversation_count": 1,
      "avg_score": 0.2305628259976705
    },
    "context_awareness": {
      "matched": 2,
      "score_sum": 0.3952082693576813,
      "conversation_count": 1,
      "avg_score": 0.19760413467884064
    },
    "communication_quality": {
      "matched": 1,
      "score_sum": 0.21709777414798737,
      "conversation_count": 1,
      "avg_score": 0.21709777414798737
    },
    "instruction_following": {
      "matched": 0,
      "score_sum": 0.0,
      "conversation_count": 0
    }
  }
}