{
  "conversation_id": 424,
  "matched": 10,
  "total_reference": 10,
  "avg_score": 0.1586,
  "avg_point_diff": 8.9,
  "axis_stats": {
    "completeness": {
      "matched": 1,
      "score_sum": 0.26071465015411377,
      "conversation_count": 1,
      "avg_score": 0.26071465015411377
    },
    "accuracy": {
      "matched": 5,
      "score_sum": 0.49721646308898926,
      "conversation_count": 1,
      "avg_score": 0.09944329261779786
    },
    "context_awareness": {
      "matched": 2,
      "score_sum": 0.3274003565311432,
      "conversation_count": 1,
      "avg_score": 0.1637001782655716
    },
    "communication_quality": {
      "matched": 0,
      "score_sum": 0.0,
      "conversation_count": 0
    },
    "instruction_following": {
      "matched": 2,
      "score_sum": 0.5011997818946838,
      "conversation_count": 1,
      "avg_score": 0.2505998909473419
    }
  }
}