{
  "conversation_id": 2024,
  "matched": 11,
  "total_reference": 11,
  "avg_score": 0.4552727272727273,
  "avg_point_diff": 4.636363636363637,
  "axis_stats": {
    "completeness": {
      "matched": 5,
      "score_sum": 2.3450766086578367,
      "conversation_count": 1,
      "avg_score": 0.46901532173156735
    },
    "accuracy": {
      "matched": 4,
      "score_sum": 1.7140766978263855,
      "conversation_count": 1,
      "avg_score": 0.4285191744565964
    },
    "context_awareness": {
      "matched": 1,
      "score_sum": 0.3894581198692322,
      "conversation_count": 1,
      "avg_score": 0.3894581198692322
    },
    "communication_quality": {
      "matched": 1,
      "score_sum": 0.5590535402297974,
      "conversation_count": 1,
      "avg_score": 0.5590535402297974
    },
    "instruction_following": {
      "matched": 0,
      "score_sum": 0.0,
      "conversation_count": 0
    }
  }
}