{
  "conversation_id": 920,
  "matched": 13,
  "total_reference": 13,
  "avg_score": 0.3006153846153846,
  "avg_point_diff": 3.8461538461538463,
  "axis_stats": {
    "completeness": {
      "matched": 7,
      "score_sum": 2.184515282511711,
      "conversation_count": 1,
      "avg_score": 0.3120736117873873
    },
    "accuracy": {
      "matched": 2,
      "score_sum": 0.7597989141941071,
      "conversation_count": 1,
      "avg_score": 0.37989945709705353
    },
    "context_awareness": {
      "matched": 1,
      "score_sum": 0.3655710518360138,
      "conversation_count": 1,
      "avg_score": 0.3655710518360138
    },
    "communication_quality": {
      "matched": 3,
      "score_sum": 0.5984359532594681,
      "conversation_count": 1,
      "avg_score": 0.19947865108648935
    },
    "instruction_following": {
      "matched": 0,
      "score_sum": 0.0,
      "conversation_count": 0
    }
  }
}