{
  "conversation_id": 2249,
  "matched": 14,
  "total_reference": 14,
  "avg_score": 0.37849999999999995,
  "avg_point_diff": 5.285714285714286,
  "axis_stats": {
    "completeness": {
      "matched": 3,
      "score_sum": 1.7742478251457214,
      "conversation_count": 1,
      "avg_score": 0.5914159417152405
    },
    "accuracy": {
      "matched": 7,
      "score_sum": 1.3446138799190521,
      "conversation_count": 1,
      "avg_score": 0.19208769713129317
    },
    "context_awareness": {
      "matched": 3,
      "score_sum": 1.5772484242916107,
      "conversation_count": 1,
      "avg_score": 0.5257494747638702
    },
    "communication_quality": {
      "matched": 1,
      "score_sum": 0.603571891784668,
      "conversation_count": 1,
      "avg_score": 0.603571891784668
    },
    "instruction_following": {
      "matched": 0,
      "score_sum": 0.0,
      "conversation_count": 0
    }
  }
}