{
  "conversation_id": 2360,
  "matched": 12,
  "total_reference": 12,
  "avg_score": 0.33508333333333334,
  "avg_point_diff": 6.583333333333333,
  "axis_stats": {
    "completeness": {
      "matched": 1,
      "score_sum": 0.7421039938926697,
      "conversation_count": 1,
      "avg_score": 0.7421039938926697
    },
    "accuracy": {
      "matched": 3,
      "score_sum": 1.0066315650939943,
      "conversation_count": 1,
      "avg_score": 0.33554385503133144
    },
    "context_awareness": {
      "matched": 2,
      "score_sum": 0.7103769779205322,
      "conversation_count": 1,
      "avg_score": 0.3551884889602661
    },
    "communication_quality": {
      "matched": 2,
      "score_sum": 0.4241235852241516,
      "conversation_count": 1,
      "avg_score": 0.2120617926120758
    },
    "instruction_following": {
      "matched": 4,
      "score_sum": 1.1382417559623719,
      "conversation_count": 1,
      "avg_score": 0.28456043899059297
    }
  }
}