{
  "conversation_id": 1076,
  "matched": 12,
  "total_reference": 12,
  "avg_score": 0.3383333333333334,
  "avg_point_diff": 4.0,
  "axis_stats": {
    "completeness": {
      "matched": 4,
      "score_sum": 1.2723567187786102,
      "conversation_count": 1,
      "avg_score": 0.31808917969465256
    },
    "accuracy": {
      "matched": 4,
      "score_sum": 0.988681435585022,
      "conversation_count": 1,
      "avg_score": 0.2471703588962555
    },
    "context_awareness": {
      "matched": 2,
      "score_sum": 0.8926034927368165,
      "conversation_count": 1,
      "avg_score": 0.44630174636840825
    },
    "communication_quality": {
      "matched": 0,
      "score_sum": 0.0,
      "conversation_count": 0
    },
    "instruction_following": {
      "matched": 2,
      "score_sum": 0.906521201133728,
      "conversation_count": 1,
      "avg_score": 0.453260600566864
    }
  }
}