{
  "conversation_id": 1102,
  "matched": 12,
  "total_reference": 12,
  "avg_score": 0.37941666666666674,
  "avg_point_diff": 3.5833333333333335,
  "axis_stats": {
    "completeness": {
      "matched": 7,
      "score_sum": 3.4926380813121796,
      "conversation_count": 1,
      "avg_score": 0.4989482973303114
    },
    "accuracy": {
      "matched": 2,
      "score_sum": 0.5551339864730835,
      "conversation_count": 1,
      "avg_score": 0.27756699323654177
    },
    "context_awareness": {
      "matched": 3,
      "score_sum": 0.5060381889343262,
      "conversation_count": 1,
      "avg_score": 0.16867939631144205
    },
    "communication_quality": {
      "matched": 0,
      "score_sum": 0.0,
      "conversation_count": 0
    },
    "instruction_following": {
      "matched": 0,
      "score_sum": 0.0,
      "conversation_count": 0
    }
  }
}