{
  "conversation_id": 360,
  "matched": 12,
  "total_reference": 12,
  "avg_score": 0.4120000000000001,
  "avg_point_diff": 4.666666666666667,
  "axis_stats": {
    "completeness": {
      "matched": 6,
      "score_sum": 1.9013943672180176,
      "conversation_count": 1,
      "avg_score": 0.31689906120300293
    },
    "accuracy": {
      "matched": 2,
      "score_sum": 1.2676615715026855,
      "conversation_count": 1,
      "avg_score": 0.6338307857513428
    },
    "context_awareness": {
      "matched": 2,
      "score_sum": 0.6661363244056702,
      "conversation_count": 1,
      "avg_score": 0.3330681622028351
    },
    "communication_quality": {
      "matched": 2,
      "score_sum": 1.1097885966300964,
      "conversation_count": 1,
      "avg_score": 0.5548942983150482
    },
    "instruction_following": {
      "matched": 0,
      "score_sum": 0.0,
      "conversation_count": 0
    }
  }
}