{
  "conversation_id": 512,
  "matched": 13,
  "total_reference": 13,
  "avg_score": 0.1849230769230769,
  "avg_point_diff": 7.461538461538462,
  "axis_stats": {
    "completeness": {
      "matched": 8,
      "score_sum": 0.557525634765625,
      "conversation_count": 1,
      "avg_score": 0.06969070434570312
    },
    "accuracy": {
      "matched": 3,
      "score_sum": 0.8403381407260895,
      "conversation_count": 1,
      "avg_score": 0.28011271357536316
    },
    "context_awareness": {
      "matched": 1,
      "score_sum": 0.5840160846710205,
      "conversation_count": 1,
      "avg_score": 0.5840160846710205
    },
    "communication_quality": {
      "matched": 0,
      "score_sum": 0.0,
      "conversation_count": 0
    },
    "instruction_following": {
      "matched": 1,
      "score_sum": 0.42223815917968754,
      "conversation_count": 1,
      "avg_score": 0.42223815917968754
    }
  }
}