{
  "conversation_id": 497,
  "matched": 15,
  "total_reference": 15,
  "avg_score": 0.2734,
  "avg_point_diff": 7.6,
  "axis_stats": {
    "completeness": {
      "matched": 10,
      "score_sum": 2.805084466934204,
      "conversation_count": 1,
      "avg_score": 0.2805084466934204
    },
    "accuracy": {
      "matched": 2,
      "score_sum": 0.3922727108001709,
      "conversation_count": 1,
      "avg_score": 0.19613635540008545
    },
    "context_awareness": {
      "matched": 2,
      "score_sum": 0.7386692047119141,
      "conversation_count": 1,
      "avg_score": 0.36933460235595705
    },
    "communication_quality": {
      "matched": 1,
      "score_sum": 0.16632986068725586,
      "conversation_count": 1,
      "avg_score": 0.16632986068725586
    },
    "instruction_following": {
      "matched": 0,
      "score_sum": 0.0,
      "conversation_count": 0
    }
  }
}