{
  "conversation_id": 1969,
  "matched": 13,
  "total_reference": 13,
  "avg_score": 0.35853846153846153,
  "avg_point_diff": 5.615384615384615,
  "axis_stats": {
    "completeness": {
      "matched": 1,
      "score_sum": 0.4852464199066162,
      "conversation_count": 1,
      "avg_score": 0.4852464199066162
    },
    "accuracy": {
      "matched": 9,
      "score_sum": 3.0743989825248716,
      "conversation_count": 1,
      "avg_score": 0.34159988694720794
    },
    "context_awareness": {
      "matched": 2,
      "score_sum": 0.86685711145401,
      "conversation_count": 1,
      "avg_score": 0.433428555727005
    },
    "communication_quality": {
      "matched": 1,
      "score_sum": 0.2347050666809082,
      "conversation_count": 1,
      "avg_score": 0.2347050666809082
    },
    "instruction_following": {
      "matched": 0,
      "score_sum": 0.0,
      "conversation_count": 0
    }
  }
}