{
  "conversation_id": 378,
  "matched": 12,
  "total_reference": 12,
  "avg_score": 0.4197499999999999,
  "avg_point_diff": 3.25,
  "axis_stats": {
    "completeness": {
      "matched": 4,
      "score_sum": 2.629909038543701,
      "conversation_count": 1,
      "avg_score": 0.6574772596359253
    },
    "accuracy": {
      "matched": 3,
      "score_sum": 0.8948281109333038,
      "conversation_count": 1,
      "avg_score": 0.29827603697776794
    },
    "context_awareness": {
      "matched": 3,
      "score_sum": 1.3101296842098238,
      "conversation_count": 1,
      "avg_score": 0.43670989473660793
    },
    "communication_quality": {
      "matched": 2,
      "score_sum": 0.20162294805049896,
      "conversation_count": 1,
      "avg_score": 0.10081147402524948
    },
    "instruction_following": {
      "matched": 0,
      "score_sum": 0.0,
      "conversation_count": 0
    }
  }
}