{
  "conversation_id": 2648,
  "matched": 9,
  "total_reference": 9,
  "avg_score": 0.25933333333333336,
  "avg_point_diff": 6.333333333333333,
  "axis_stats": {
    "completeness": {
      "matched": 3,
      "score_sum": 1.1596684217453004,
      "conversation_count": 1,
      "avg_score": 0.3865561405817668
    },
    "accuracy": {
      "matched": 2,
      "score_sum": 0.3989153802394867,
      "conversation_count": 1,
      "avg_score": 0.19945769011974335
    },
    "context_awareness": {
      "matched": 2,
      "score_sum": 0.480722039937973,
      "conversation_count": 1,
      "avg_score": 0.2403610199689865
    },
    "communication_quality": {
      "matched": 0,
      "score_sum": 0.0,
      "conversation_count": 0
    },
    "instruction_following": {
      "matched": 2,
      "score_sum": 0.29355818033218384,
      "conversation_count": 1,
      "avg_score": 0.14677909016609192
    }
  }
}