{
  "conversation_id": 1757,
  "matched": 12,
  "total_reference": 12,
  "avg_score": 0.3125833333333334,
  "avg_point_diff": 5.416666666666667,
  "axis_stats": {
    "completeness": {
      "matched": 6,
      "score_sum": 1.5334393858909607,
      "conversation_count": 1,
      "avg_score": 0.25557323098182677
    },
    "accuracy": {
      "matched": 1,
      "score_sum": 0.34285123348236085,
      "conversation_count": 1,
      "avg_score": 0.34285123348236085
    },
    "context_awareness": {
      "matched": 1,
      "score_sum": 0.47463464736938477,
      "conversation_count": 1,
      "avg_score": 0.47463464736938477
    },
    "communication_quality": {
      "matched": 2,
      "score_sum": 0.8394456803798676,
      "conversation_count": 1,
      "avg_score": 0.4197228401899338
    },
    "instruction_following": {
      "matched": 2,
      "score_sum": 0.5601200461387634,
      "conversation_count": 1,
      "avg_score": 0.2800600230693817
    }
  }
}