{
  "conversation_id": 2545,
  "matched": 15,
  "total_reference": 15,
  "avg_score": 0.3468,
  "avg_point_diff": 6.2,
  "axis_stats": {
    "completeness": {
      "matched": 3,
      "score_sum": 1.935302585363388,
      "conversation_count": 1,
      "avg_score": 0.645100861787796
    },
    "accuracy": {
      "matched": 4,
      "score_sum": 0.5062237977981567,
      "conversation_count": 1,
      "avg_score": 0.12655594944953918
    },
    "context_awareness": {
      "matched": 5,
      "score_sum": 1.8727148890495302,
      "conversation_count": 1,
      "avg_score": 0.37454297780990603
    },
    "communication_quality": {
      "matched": 1,
      "score_sum": 0.4458397924900055,
      "conversation_count": 1,
      "avg_score": 0.4458397924900055
    },
    "instruction_following": {
      "matched": 2,
      "score_sum": 0.4422551691532135,
      "conversation_count": 1,
      "avg_score": 0.22112758457660675
    }
  }
}