{
  "conversation_id": 812,
  "matched": 14,
  "total_reference": 14,
  "avg_score": 0.3481428571428572,
  "avg_point_diff": 5.857142857142857,
  "axis_stats": {
    "completeness": {
      "matched": 7,
      "score_sum": 1.7206694781780243,
      "conversation_count": 1,
      "avg_score": 0.24580992545400346
    },
    "accuracy": {
      "matched": 4,
      "score_sum": 1.6072624623775482,
      "conversation_count": 1,
      "avg_score": 0.40181561559438705
    },
    "context_awareness": {
      "matched": 2,
      "score_sum": 0.7833495497703553,
      "conversation_count": 1,
      "avg_score": 0.39167477488517766
    },
    "communication_quality": {
      "matched": 0,
      "score_sum": 0.0,
      "conversation_count": 0
    },
    "instruction_following": {
      "matched": 1,
      "score_sum": 0.7615393400192261,
      "conversation_count": 1,
      "avg_score": 0.7615393400192261
    }
  }
}