{
  "conversation_id": 246,
  "matched": 11,
  "total_reference": 11,
  "avg_score": 0.32827272727272727,
  "avg_point_diff": 4.0,
  "axis_stats": {
    "completeness": {
      "matched": 0,
      "score_sum": 0.0,
      "conversation_count": 0
    },
    "accuracy": {
      "matched": 4,
      "score_sum": 1.009817898273468,
      "conversation_count": 1,
      "avg_score": 0.252454474568367
    },
    "context_awareness": {
      "matched": 3,
      "score_sum": 1.1776082217693329,
      "conversation_count": 1,
      "avg_score": 0.39253607392311096
    },
    "communication_quality": {
      "matched": 1,
      "score_sum": 0.3962555527687073,
      "conversation_count": 1,
      "avg_score": 0.3962555527687073
    },
    "instruction_following": {
      "matched": 3,
      "score_sum": 1.0269657969474792,
      "conversation_count": 1,
      "avg_score": 0.3423219323158264
    }
  }
}