{
  "conversation_id": 1145,
  "matched": 11,
  "total_reference": 11,
  "avg_score": 0.1290909090909091,
  "avg_point_diff": 8.090909090909092,
  "axis_stats": {
    "completeness": {
      "matched": 5,
      "score_sum": 0.7692053318023682,
      "conversation_count": 1,
      "avg_score": 0.15384106636047362
    },
    "accuracy": {
      "matched": 3,
      "score_sum": 0.16545048356056213,
      "conversation_count": 1,
      "avg_score": 0.05515016118685404
    },
    "context_awareness": {
      "matched": 2,
      "score_sum": 0.3126436173915863,
      "conversation_count": 1,
      "avg_score": 0.15632180869579315
    },
    "communication_quality": {
      "matched": 1,
      "score_sum": 0.17319197952747345,
      "conversation_count": 1,
      "avg_score": 0.17319197952747345
    },
    "instruction_following": {
      "matched": 0,
      "score_sum": 0.0,
      "conversation_count": 0
    }
  }
}