{
  "conversation_id": 268,
  "matched": 12,
  "total_reference": 12,
  "avg_score": 0.31516666666666665,
  "avg_point_diff": 5.333333333333333,
  "axis_stats": {
    "completeness": {
      "matched": 6,
      "score_sum": 2.2171657234430313,
      "conversation_count": 1,
      "avg_score": 0.36952762057383853
    },
    "accuracy": {
      "matched": 3,
      "score_sum": 0.24039992690086365,
      "conversation_count": 1,
      "avg_score": 0.08013330896695454
    },
    "context_awareness": {
      "matched": 2,
      "score_sum": 0.651189923286438,
      "conversation_count": 1,
      "avg_score": 0.325594961643219
    },
    "communication_quality": {
      "matched": 1,
      "score_sum": 0.6738250255584717,
      "conversation_count": 1,
      "avg_score": 0.6738250255584717
    },
    "instruction_following": {
      "matched": 0,
      "score_sum": 0.0,
      "conversation_count": 0
    }
  }
}