{
  "conversation_id": 1745,
  "matched": 13,
  "total_reference": 13,
  "avg_score": 0.3977692307692307,
  "avg_point_diff": 4.923076923076923,
  "axis_stats": {
    "completeness": {
      "matched": 7,
      "score_sum": 2.3595683097839357,
      "conversation_count": 1,
      "avg_score": 0.3370811871119908
    },
    "accuracy": {
      "matched": 2,
      "score_sum": 1.1546151340007782,
      "conversation_count": 1,
      "avg_score": 0.5773075670003891
    },
    "context_awareness": {
      "matched": 2,
      "score_sum": 1.2034856081008911,
      "conversation_count": 1,
      "avg_score": 0.6017428040504456
    },
    "communication_quality": {
      "matched": 2,
      "score_sum": 0.4540313482284546,
      "conversation_count": 1,
      "avg_score": 0.2270156741142273
    },
    "instruction_following": {
      "matched": 0,
      "score_sum": 0.0,
      "conversation_count": 0
    }
  }
}