{
  "conversation_id": 2239,
  "matched": 10,
  "total_reference": 10,
  "avg_score": 0.40889999999999993,
  "avg_point_diff": 4.4,
  "axis_stats": {
    "completeness": {
      "matched": 5,
      "score_sum": 2.77348929643631,
      "conversation_count": 1,
      "avg_score": 0.554697859287262
    },
    "accuracy": {
      "matched": 1,
      "score_sum": 0.3935132622718811,
      "conversation_count": 1,
      "avg_score": 0.3935132622718811
    },
    "context_awareness": {
      "matched": 1,
      "score_sum": 0.5518240928649902,
      "conversation_count": 1,
      "avg_score": 0.5518240928649902
    },
    "communication_quality": {
      "matched": 3,
      "score_sum": 0.36871883273124695,
      "conversation_count": 1,
      "avg_score": 0.12290627757708232
    },
    "instruction_following": {
      "matched": 0,
      "score_sum": 0.0,
      "conversation_count": 0
    }
  }
}