{
  "conversation_id": 509,
  "matched": 10,
  "total_reference": 10,
  "avg_score": 0.32570000000000005,
  "avg_point_diff": 5.6,
  "axis_stats": {
    "completeness": {
      "matched": 4,
      "score_sum": 0.7432715892791748,
      "conversation_count": 1,
      "avg_score": 0.1858178973197937
    },
    "accuracy": {
      "matched": 3,
      "score_sum": 1.5237388849258422,
      "conversation_count": 1,
      "avg_score": 0.5079129616419474
    },
    "context_awareness": {
      "matched": 1,
      "score_sum": 0.40414193272590637,
      "conversation_count": 1,
      "avg_score": 0.40414193272590637
    },
    "communication_quality": {
      "matched": 1,
      "score_sum": 0.2801443338394165,
      "conversation_count": 1,
      "avg_score": 0.2801443338394165
    },
    "instruction_following": {
      "matched": 1,
      "score_sum": 0.3050973653793335,
      "conversation_count": 1,
      "avg_score": 0.3050973653793335
    }
  }
}