{
  "conversation_id": 2230,
  "matched": 9,
  "total_reference": 9,
  "avg_score": 0.4076666666666667,
  "avg_point_diff": 2.2222222222222223,
  "axis_stats": {
    "completeness": {
      "matched": 4,
      "score_sum": 2.1578443348407745,
      "conversation_count": 1,
      "avg_score": 0.5394610837101936
    },
    "accuracy": {
      "matched": 2,
      "score_sum": 0.9462272822856903,
      "conversation_count": 1,
      "avg_score": 0.47311364114284515
    },
    "context_awareness": {
      "matched": 0,
      "score_sum": 0.0,
      "conversation_count": 0
    },
    "communication_quality": {
      "matched": 2,
      "score_sum": 0.33003030717372894,
      "conversation_count": 1,
      "avg_score": 0.16501515358686447
    },
    "instruction_following": {
      "matched": 1,
      "score_sum": 0.23564915359020233,
      "conversation_count": 1,
      "avg_score": 0.23564915359020233
    }
  }
}