{
  "conversation_id": 2420,
  "matched": 14,
  "total_reference": 14,
  "avg_score": 0.507357142857143,
  "avg_point_diff": 4.071428571428571,
  "axis_stats": {
    "completeness": {
      "matched": 8,
      "score_sum": 3.2821571230888367,
      "conversation_count": 1,
      "avg_score": 0.4102696403861046
    },
    "accuracy": {
      "matched": 4,
      "score_sum": 2.5213897228240967,
      "conversation_count": 1,
      "avg_score": 0.6303474307060242
    },
    "context_awareness": {
      "matched": 1,
      "score_sum": 0.7420833110809326,
      "conversation_count": 1,
      "avg_score": 0.7420833110809326
    },
    "communication_quality": {
      "matched": 1,
      "score_sum": 0.5557172894477844,
      "conversation_count": 1,
      "avg_score": 0.5557172894477844
    },
    "instruction_following": {
      "matched": 0,
      "score_sum": 0.0,
      "conversation_count": 0
    }
  }
}