{
  "conversation_id": 1067,
  "matched": 13,
  "total_reference": 13,
  "avg_score": 0.10800000000000001,
  "avg_point_diff": 9.384615384615385,
  "axis_stats": {
    "completeness": {
      "matched": 1,
      "score_sum": 0.3207792639732361,
      "conversation_count": 1,
      "avg_score": 0.3207792639732361
    },
    "accuracy": {
      "matched": 5,
      "score_sum": 0.39529046416282654,
      "conversation_count": 1,
      "avg_score": 0.0790580928325653
    },
    "context_awareness": {
      "matched": 3,
      "score_sum": 0.0,
      "conversation_count": 1,
      "avg_score": 0.0
    },
    "communication_quality": {
      "matched": 2,
      "score_sum": 0.22489085793495178,
      "conversation_count": 1,
      "avg_score": 0.11244542896747589
    },
    "instruction_following": {
      "matched": 2,
      "score_sum": 0.46277499198913574,
      "conversation_count": 1,
      "avg_score": 0.23138749599456787
    }
  }
}