{
  "conversation_id": 1116,
  "matched": 13,
  "total_reference": 13,
  "avg_score": 0.26153846153846155,
  "avg_point_diff": 6.615384615384615,
  "axis_stats": {
    "completeness": {
      "matched": 3,
      "score_sum": 0.7707010805606842,
      "conversation_count": 1,
      "avg_score": 0.2569003601868947
    },
    "accuracy": {
      "matched": 1,
      "score_sum": 0.49699386954307556,
      "conversation_count": 1,
      "avg_score": 0.49699386954307556
    },
    "context_awareness": {
      "matched": 9,
      "score_sum": 2.132293462753296,
      "conversation_count": 1,
      "avg_score": 0.23692149586147732
    },
    "communication_quality": {
      "matched": 0,
      "score_sum": 0.0,
      "conversation_count": 0
    },
    "instruction_following": {
      "matched": 0,
      "score_sum": 0.0,
      "conversation_count": 0
    }
  }
}