{
  "conversation_id": 1505,
  "matched": 14,
  "total_reference": 14,
  "avg_score": 0.3042142857142857,
  "avg_point_diff": 5.285714285714286,
  "axis_stats": {
    "completeness": {
      "matched": 7,
      "score_sum": 2.6309235870838164,
      "conversation_count": 1,
      "avg_score": 0.3758462267262595
    },
    "accuracy": {
      "matched": 2,
      "score_sum": 0.3237464129924774,
      "conversation_count": 1,
      "avg_score": 0.1618732064962387
    },
    "context_awareness": {
      "matched": 0,
      "score_sum": 0.0,
      "conversation_count": 0
    },
    "communication_quality": {
      "matched": 4,
      "score_sum": 1.0651404857635498,
      "conversation_count": 1,
      "avg_score": 0.26628512144088745
    },
    "instruction_following": {
      "matched": 1,
      "score_sum": 0.23832905292510986,
      "conversation_count": 1,
      "avg_score": 0.23832905292510986
    }
  }
}