{
  "conversation_id": 192,
  "matched": 12,
  "total_reference": 12,
  "avg_score": 0.35733333333333334,
  "avg_point_diff": 4.916666666666667,
  "axis_stats": {
    "completeness": {
      "matched": 5,
      "score_sum": 2.5705992102622988,
      "conversation_count": 1,
      "avg_score": 0.5141198420524598
    },
    "accuracy": {
      "matched": 4,
      "score_sum": 0.8949270009994508,
      "conversation_count": 1,
      "avg_score": 0.2237317502498627
    },
    "context_awareness": {
      "matched": 1,
      "score_sum": 0.4734943211078644,
      "conversation_count": 1,
      "avg_score": 0.4734943211078644
    },
    "communication_quality": {
      "matched": 2,
      "score_sum": 0.3485548198223114,
      "conversation_count": 1,
      "avg_score": 0.1742774099111557
    },
    "instruction_following": {
      "matched": 0,
      "score_sum": 0.0,
      "conversation_count": 0
    }
  }
}