{
  "conversation_id": 1803,
  "matched": 13,
  "total_reference": 13,
  "avg_score": 0.24592307692307694,
  "avg_point_diff": 8.076923076923077,
  "axis_stats": {
    "completeness": {
      "matched": 3,
      "score_sum": 0.8527293801307678,
      "conversation_count": 1,
      "avg_score": 0.2842431267102559
    },
    "accuracy": {
      "matched": 3,
      "score_sum": 1.0045685529708863,
      "conversation_count": 1,
      "avg_score": 0.3348561843236288
    },
    "context_awareness": {
      "matched": 3,
      "score_sum": 1.091157615184784,
      "conversation_count": 1,
      "avg_score": 0.36371920506159466
    },
    "communication_quality": {
      "matched": 0,
      "score_sum": 0.0,
      "conversation_count": 0
    },
    "instruction_following": {
      "matched": 4,
      "score_sum": 0.24933411180973053,
      "conversation_count": 1,
      "avg_score": 0.06233352795243263
    }
  }
}