{
  "conversation_id": 2421,
  "matched": 9,
  "total_reference": 9,
  "avg_score": 0.41277777777777774,
  "avg_point_diff": 3.6666666666666665,
  "axis_stats": {
    "completeness": {
      "matched": 3,
      "score_sum": 2.32292640209198,
      "conversation_count": 1,
      "avg_score": 0.7743088006973267
    },
    "accuracy": {
      "matched": 1,
      "score_sum": 0.19257867336273193,
      "conversation_count": 1,
      "avg_score": 0.19257867336273193
    },
    "context_awareness": {
      "matched": 2,
      "score_sum": 0.3223378658294678,
      "conversation_count": 1,
      "avg_score": 0.1611689329147339
    },
    "communication_quality": {
      "matched": 3,
      "score_sum": 0.8768555819988251,
      "conversation_count": 1,
      "avg_score": 0.29228519399960834
    },
    "instruction_following": {
      "matched": 0,
      "score_sum": 0.0,
      "conversation_count": 0
    }
  }
}