{
  "conversation_id": 2719,
  "matched": 8,
  "total_reference": 8,
  "avg_score": 0.17175,
  "avg_point_diff": 8.0,
  "axis_stats": {
    "completeness": {
      "matched": 1,
      "score_sum": 0.0,
      "conversation_count": 1,
      "avg_score": 0.0
    },
    "accuracy": {
      "matched": 2,
      "score_sum": 0.49721646308898926,
      "conversation_count": 1,
      "avg_score": 0.24860823154449463
    },
    "context_awareness": {
      "matched": 1,
      "score_sum": 0.23304802179336548,
      "conversation_count": 1,
      "avg_score": 0.23304802179336548
    },
    "communication_quality": {
      "matched": 1,
      "score_sum": 0.14294816553592682,
      "conversation_count": 1,
      "avg_score": 0.14294816553592682
    },
    "instruction_following": {
      "matched": 3,
      "score_sum": 0.5011997818946838,
      "conversation_count": 1,
      "avg_score": 0.16706659396489462
    }
  }
}