{
  "conversation_id": 1456,
  "matched": 12,
  "total_reference": 12,
  "avg_score": 0.3672500000000001,
  "avg_point_diff": 6.916666666666667,
  "axis_stats": {
    "completeness": {
      "matched": 3,
      "score_sum": 1.6685508728027343,
      "conversation_count": 1,
      "avg_score": 0.5561836242675781
    },
    "accuracy": {
      "matched": 6,
      "score_sum": 1.6837520599365234,
      "conversation_count": 1,
      "avg_score": 0.2806253433227539
    },
    "context_awareness": {
      "matched": 1,
      "score_sum": 0.5026662945747375,
      "conversation_count": 1,
      "avg_score": 0.5026662945747375
    },
    "communication_quality": {
      "matched": 1,
      "score_sum": 0.5511202812194824,
      "conversation_count": 1,
      "avg_score": 0.5511202812194824
    },
    "instruction_following": {
      "matched": 1,
      "score_sum": 0.0,
      "conversation_count": 1,
      "avg_score": 0.0
    }
  }
}