{
  "conversation_id": 821,
  "matched": 14,
  "total_reference": 14,
  "avg_score": 0.37135714285714283,
  "avg_point_diff": 4.571428571428571,
  "axis_stats": {
    "completeness": {
      "matched": 9,
      "score_sum": 2.6572399139404297,
      "conversation_count": 1,
      "avg_score": 0.2952488793267144
    },
    "accuracy": {
      "matched": 2,
      "score_sum": 1.2330064177513123,
      "conversation_count": 1,
      "avg_score": 0.6165032088756561
    },
    "context_awareness": {
      "matched": 1,
      "score_sum": 0.37738096714019775,
      "conversation_count": 1,
      "avg_score": 0.37738096714019775
    },
    "communication_quality": {
      "matched": 2,
      "score_sum": 0.9319523572921753,
      "conversation_count": 1,
      "avg_score": 0.46597617864608765
    },
    "instruction_following": {
      "matched": 0,
      "score_sum": 0.0,
      "conversation_count": 0
    }
  }
}