{
  "conversation_id": 187,
  "matched": 15,
  "total_reference": 15,
  "avg_score": 0.3098666666666666,
  "avg_point_diff": 6.6,
  "axis_stats": {
    "completeness": {
      "matched": 8,
      "score_sum": 3.5035359442234038,
      "conversation_count": 1,
      "avg_score": 0.43794199302792547
    },
    "accuracy": {
      "matched": 4,
      "score_sum": 0.5730050802230835,
      "conversation_count": 1,
      "avg_score": 0.14325127005577087
    },
    "context_awareness": {
      "matched": 2,
      "score_sum": 0.33972305059432983,
      "conversation_count": 1,
      "avg_score": 0.16986152529716492
    },
    "communication_quality": {
      "matched": 0,
      "score_sum": 0.0,
      "conversation_count": 0
    },
    "instruction_following": {
      "matched": 1,
      "score_sum": 0.2315189689397812,
      "conversation_count": 1,
      "avg_score": 0.2315189689397812
    }
  }
}