{
  "conversation_id": 605,
  "matched": 13,
  "total_reference": 13,
  "avg_score": 0.2886153846153846,
  "avg_point_diff": 6.769230769230769,
  "axis_stats": {
    "completeness": {
      "matched": 4,
      "score_sum": 1.1053504943847656,
      "conversation_count": 1,
      "avg_score": 0.2763376235961914
    },
    "accuracy": {
      "matched": 2,
      "score_sum": 0.7149080038070679,
      "conversation_count": 1,
      "avg_score": 0.35745400190353394
    },
    "context_awareness": {
      "matched": 5,
      "score_sum": 1.2719264030456543,
      "conversation_count": 1,
      "avg_score": 0.25438528060913085
    },
    "communication_quality": {
      "matched": 1,
      "score_sum": 0.0,
      "conversation_count": 1,
      "avg_score": 0.0
    },
    "instruction_following": {
      "matched": 1,
      "score_sum": 0.6598068475723267,
      "conversation_count": 1,
      "avg_score": 0.6598068475723267
    }
  }
}