{
  "conversation_id": 201,
  "matched": 15,
  "total_reference": 15,
  "avg_score": 0.25786666666666663,
  "avg_point_diff": 7.266666666666667,
  "axis_stats": {
    "completeness": {
      "matched": 8,
      "score_sum": 1.9109088778495789,
      "conversation_count": 1,
      "avg_score": 0.23886360973119736
    },
    "accuracy": {
      "matched": 3,
      "score_sum": 0.4608310699462891,
      "conversation_count": 1,
      "avg_score": 0.15361035664876302
    },
    "context_awareness": {
      "matched": 1,
      "score_sum": 0.31828099489212036,
      "conversation_count": 1,
      "avg_score": 0.31828099489212036
    },
    "communication_quality": {
      "matched": 2,
      "score_sum": 0.8243767470121384,
      "conversation_count": 1,
      "avg_score": 0.4121883735060692
    },
    "instruction_following": {
      "matched": 1,
      "score_sum": 0.35274457931518555,
      "conversation_count": 1,
      "avg_score": 0.35274457931518555
    }
  }
}