{
  "conversation_id": 2050,
  "matched": 13,
  "total_reference": 13,
  "avg_score": 0.31238461538461537,
  "avg_point_diff": 7.384615384615385,
  "axis_stats": {
    "completeness": {
      "matched": 5,
      "score_sum": 2.5883789658546448,
      "conversation_count": 1,
      "avg_score": 0.5176757931709289
    },
    "accuracy": {
      "matched": 5,
      "score_sum": 0.6770002841949463,
      "conversation_count": 1,
      "avg_score": 0.13540005683898926
    },
    "context_awareness": {
      "matched": 1,
      "score_sum": 0.5485095977783203,
      "conversation_count": 1,
      "avg_score": 0.5485095977783203
    },
    "communication_quality": {
      "matched": 2,
      "score_sum": 0.2474149465560913,
      "conversation_count": 1,
      "avg_score": 0.12370747327804565
    },
    "instruction_following": {
      "matched": 0,
      "score_sum": 0.0,
      "conversation_count": 0
    }
  }
}