{
  "conversation_id": 2289,
  "matched": 12,
  "total_reference": 12,
  "avg_score": 0.37458333333333343,
  "avg_point_diff": 4.833333333333333,
  "axis_stats": {
    "completeness": {
      "matched": 3,
      "score_sum": 1.8221987247467042,
      "conversation_count": 1,
      "avg_score": 0.6073995749155681
    },
    "accuracy": {
      "matched": 2,
      "score_sum": 0.4478989839553833,
      "conversation_count": 1,
      "avg_score": 0.22394949197769165
    },
    "context_awareness": {
      "matched": 1,
      "score_sum": 0.3925851285457611,
      "conversation_count": 1,
      "avg_score": 0.3925851285457611
    },
    "communication_quality": {
      "matched": 3,
      "score_sum": 0.4803847074508667,
      "conversation_count": 1,
      "avg_score": 0.16012823581695557
    },
    "instruction_following": {
      "matched": 3,
      "score_sum": 1.3514413237571716,
      "conversation_count": 1,
      "avg_score": 0.45048044125239056
    }
  }
}