{
  "conversation_id": 385,
  "matched": 9,
  "total_reference": 9,
  "avg_score": 0.20866666666666667,
  "avg_point_diff": 5.777777777777778,
  "axis_stats": {
    "completeness": {
      "matched": 1,
      "score_sum": 0.28415217995643616,
      "conversation_count": 1,
      "avg_score": 0.28415217995643616
    },
    "accuracy": {
      "matched": 2,
      "score_sum": 0.3608735084533692,
      "conversation_count": 1,
      "avg_score": 0.1804367542266846
    },
    "context_awareness": {
      "matched": 2,
      "score_sum": 0.20535877346992493,
      "conversation_count": 1,
      "avg_score": 0.10267938673496246
    },
    "communication_quality": {
      "matched": 3,
      "score_sum": 0.48483356833457947,
      "conversation_count": 1,
      "avg_score": 0.16161118944485983
    },
    "instruction_following": {
      "matched": 1,
      "score_sum": 0.542665958404541,
      "conversation_count": 1,
      "avg_score": 0.542665958404541
    }
  }
}