{
  "conversation_id": 2630,
  "matched": 14,
  "total_reference": 14,
  "avg_score": 0.2540714285714286,
  "avg_point_diff": 7.642857142857143,
  "axis_stats": {
    "completeness": {
      "matched": 5,
      "score_sum": 1.6972465097904206,
      "conversation_count": 1,
      "avg_score": 0.3394493019580841
    },
    "accuracy": {
      "matched": 5,
      "score_sum": 0.4381472110748291,
      "conversation_count": 1,
      "avg_score": 0.08762944221496582
    },
    "context_awareness": {
      "matched": 1,
      "score_sum": 0.5901471138000488,
      "conversation_count": 1,
      "avg_score": 0.5901471138000488
    },
    "communication_quality": {
      "matched": 0,
      "score_sum": 0.0,
      "conversation_count": 0
    },
    "instruction_following": {
      "matched": 3,
      "score_sum": 0.8322254419326782,
      "conversation_count": 1,
      "avg_score": 0.2774084806442261
    }
  }
}