{
  "conversation_id": 1092,
  "matched": 13,
  "total_reference": 13,
  "avg_score": 0.22999999999999998,
  "avg_point_diff": 8.461538461538462,
  "axis_stats": {
    "completeness": {
      "matched": 6,
      "score_sum": 1.3167212009429932,
      "conversation_count": 1,
      "avg_score": 0.21945353349049887
    },
    "accuracy": {
      "matched": 4,
      "score_sum": 0.25488409399986267,
      "conversation_count": 1,
      "avg_score": 0.06372102349996567
    },
    "context_awareness": {
      "matched": 2,
      "score_sum": 0.8515964448451996,
      "conversation_count": 1,
      "avg_score": 0.4257982224225998
    },
    "communication_quality": {
      "matched": 1,
      "score_sum": 0.5658900737762451,
      "conversation_count": 1,
      "avg_score": 0.5658900737762451
    },
    "instruction_following": {
      "matched": 0,
      "score_sum": 0.0,
      "conversation_count": 0
    }
  }
}