{
  "conversation_id": 453,
  "matched": 15,
  "total_reference": 15,
  "avg_score": 0.3604666666666666,
  "avg_point_diff": 6.266666666666667,
  "axis_stats": {
    "completeness": {
      "matched": 7,
      "score_sum": 2.038334935903549,
      "conversation_count": 1,
      "avg_score": 0.29119070512907846
    },
    "accuracy": {
      "matched": 3,
      "score_sum": 1.1883628368377686,
      "conversation_count": 1,
      "avg_score": 0.39612094561258954
    },
    "context_awareness": {
      "matched": 4,
      "score_sum": 1.3998576283454895,
      "conversation_count": 1,
      "avg_score": 0.3499644070863724
    },
    "communication_quality": {
      "matched": 1,
      "score_sum": 0.7792618274688721,
      "conversation_count": 1,
      "avg_score": 0.7792618274688721
    },
    "instruction_following": {
      "matched": 0,
      "score_sum": 0.0,
      "conversation_count": 0
    }
  }
}