{
  "conversation_id": 2488,
  "matched": 11,
  "total_reference": 11,
  "avg_score": 0.34199999999999997,
  "avg_point_diff": 5.0,
  "axis_stats": {
    "completeness": {
      "matched": 6,
      "score_sum": 2.24616140127182,
      "conversation_count": 1,
      "avg_score": 0.37436023354530334
    },
    "accuracy": {
      "matched": 2,
      "score_sum": 0.9377402663230896,
      "conversation_count": 1,
      "avg_score": 0.4688701331615448
    },
    "context_awareness": {
      "matched": 2,
      "score_sum": 0.3933640718460083,
      "conversation_count": 1,
      "avg_score": 0.19668203592300415
    },
    "communication_quality": {
      "matched": 1,
      "score_sum": 0.18576031923294067,
      "conversation_count": 1,
      "avg_score": 0.18576031923294067
    },
    "instruction_following": {
      "matched": 0,
      "score_sum": 0.0,
      "conversation_count": 0
    }
  }
}