{
  "conversation_id": 1622,
  "matched": 10,
  "total_reference": 10,
  "avg_score": 0.37929999999999997,
  "avg_point_diff": 5.0,
  "axis_stats": {
    "completeness": {
      "matched": 4,
      "score_sum": 1.2773170471191406,
      "conversation_count": 1,
      "avg_score": 0.31932926177978516
    },
    "accuracy": {
      "matched": 2,
      "score_sum": 1.0028932690620422,
      "conversation_count": 1,
      "avg_score": 0.5014466345310211
    },
    "context_awareness": {
      "matched": 2,
      "score_sum": 0.7252333164215088,
      "conversation_count": 1,
      "avg_score": 0.3626166582107544
    },
    "communication_quality": {
      "matched": 1,
      "score_sum": 0.5258487462997437,
      "conversation_count": 1,
      "avg_score": 0.5258487462997437
    },
    "instruction_following": {
      "matched": 1,
      "score_sum": 0.2615562379360199,
      "conversation_count": 1,
      "avg_score": 0.2615562379360199
    }
  }
}