{
  "conversation_id": 2702,
  "matched": 12,
  "total_reference": 12,
  "avg_score": 0.45891666666666664,
  "avg_point_diff": 3.4166666666666665,
  "axis_stats": {
    "completeness": {
      "matched": 2,
      "score_sum": 1.1200892448425295,
      "conversation_count": 1,
      "avg_score": 0.5600446224212647
    },
    "accuracy": {
      "matched": 6,
      "score_sum": 1.8752586483955382,
      "conversation_count": 1,
      "avg_score": 0.31254310806592306
    },
    "context_awareness": {
      "matched": 4,
      "score_sum": 2.5100051164627075,
      "conversation_count": 1,
      "avg_score": 0.6275012791156769
    },
    "communication_quality": {
      "matched": 0,
      "score_sum": 0.0,
      "conversation_count": 0
    },
    "instruction_following": {
      "matched": 0,
      "score_sum": 0.0,
      "conversation_count": 0
    }
  }
}