{
  "conversation_id": 304,
  "matched": 13,
  "total_reference": 13,
  "avg_score": 0.29538461538461536,
  "avg_point_diff": 6.230769230769231,
  "axis_stats": {
    "completeness": {
      "matched": 5,
      "score_sum": 1.3826169967651367,
      "conversation_count": 1,
      "avg_score": 0.27652339935302733
    },
    "accuracy": {
      "matched": 5,
      "score_sum": 1.8188910126686095,
      "conversation_count": 1,
      "avg_score": 0.3637782025337219
    },
    "context_awareness": {
      "matched": 1,
      "score_sum": 0.311032235622406,
      "conversation_count": 1,
      "avg_score": 0.311032235622406
    },
    "communication_quality": {
      "matched": 2,
      "score_sum": 0.3273903727531433,
      "conversation_count": 1,
      "avg_score": 0.16369518637657166
    },
    "instruction_following": {
      "matched": 0,
      "score_sum": 0.0,
      "conversation_count": 0
    }
  }
}