{
  "conversation_id": 2381,
  "matched": 11,
  "total_reference": 11,
  "avg_score": 0.40809090909090917,
  "avg_point_diff": 5.454545454545454,
  "axis_stats": {
    "completeness": {
      "matched": 3,
      "score_sum": 1.3607815504074097,
      "conversation_count": 1,
      "avg_score": 0.4535938501358032
    },
    "accuracy": {
      "matched": 6,
      "score_sum": 2.1333208620548247,
      "conversation_count": 1,
      "avg_score": 0.3555534770091375
    },
    "context_awareness": {
      "matched": 0,
      "score_sum": 0.0,
      "conversation_count": 0
    },
    "communication_quality": {
      "matched": 1,
      "score_sum": 0.3590056002140045,
      "conversation_count": 1,
      "avg_score": 0.3590056002140045
    },
    "instruction_following": {
      "matched": 1,
      "score_sum": 0.6370067596435547,
      "conversation_count": 1,
      "avg_score": 0.6370067596435547
    }
  }
}