{
  "conversation_id": 2493,
  "matched": 11,
  "total_reference": 11,
  "avg_score": 0.41527272727272724,
  "avg_point_diff": 3.6363636363636362,
  "axis_stats": {
    "completeness": {
      "matched": 7,
      "score_sum": 3.1490499556064604,
      "conversation_count": 1,
      "avg_score": 0.44986427937235146
    },
    "accuracy": {
      "matched": 1,
      "score_sum": 0.40679464340209964,
      "conversation_count": 1,
      "avg_score": 0.40679464340209964
    },
    "context_awareness": {
      "matched": 0,
      "score_sum": 0.0,
      "conversation_count": 0
    },
    "communication_quality": {
      "matched": 3,
      "score_sum": 1.0113177299499512,
      "conversation_count": 1,
      "avg_score": 0.3371059099833171
    },
    "instruction_following": {
      "matched": 0,
      "score_sum": 0.0,
      "conversation_count": 0
    }
  }
}