{
  "conversation_id": 1549,
  "matched": 13,
  "total_reference": 13,
  "avg_score": 0.2529230769230769,
  "avg_point_diff": 8.538461538461538,
  "axis_stats": {
    "completeness": {
      "matched": 8,
      "score_sum": 1.419154155254364,
      "conversation_count": 1,
      "avg_score": 0.1773942694067955
    },
    "accuracy": {
      "matched": 2,
      "score_sum": 0.5742871761322021,
      "conversation_count": 1,
      "avg_score": 0.2871435880661011
    },
    "context_awareness": {
      "matched": 2,
      "score_sum": 0.7696300446987152,
      "conversation_count": 1,
      "avg_score": 0.3848150223493576
    },
    "communication_quality": {
      "matched": 0,
      "score_sum": 0.0,
      "conversation_count": 0
    },
    "instruction_following": {
      "matched": 1,
      "score_sum": 0.526418161392212,
      "conversation_count": 1,
      "avg_score": 0.526418161392212
    }
  }
}