{
  "conversation_id": 380,
  "matched": 9,
  "total_reference": 9,
  "avg_score": 0.3572222222222222,
  "avg_point_diff": 3.3333333333333335,
  "axis_stats": {
    "completeness": {
      "matched": 3,
      "score_sum": 1.452474880218506,
      "conversation_count": 1,
      "avg_score": 0.4841582934061686
    },
    "accuracy": {
      "matched": 1,
      "score_sum": 0.32676947116851807,
      "conversation_count": 1,
      "avg_score": 0.32676947116851807
    },
    "context_awareness": {
      "matched": 0,
      "score_sum": 0.0,
      "conversation_count": 0
    },
    "communication_quality": {
      "matched": 2,
      "score_sum": 0.25028860569000244,
      "conversation_count": 1,
      "avg_score": 0.12514430284500122
    },
    "instruction_following": {
      "matched": 3,
      "score_sum": 1.1864285171031952,
      "conversation_count": 1,
      "avg_score": 0.39547617236773175
    }
  }
}