{
  "conversation_id": 322,
  "matched": 13,
  "total_reference": 13,
  "avg_score": 0.11392307692307692,
  "avg_point_diff": 10.307692307692308,
  "axis_stats": {
    "completeness": {
      "matched": 5,
      "score_sum": 0.46968400478363037,
      "conversation_count": 1,
      "avg_score": 0.09393680095672607
    },
    "accuracy": {
      "matched": 2,
      "score_sum": 0.46859806776046753,
      "conversation_count": 1,
      "avg_score": 0.23429903388023376
    },
    "context_awareness": {
      "matched": 3,
      "score_sum": 0.0,
      "conversation_count": 1,
      "avg_score": 0.0
    },
    "communication_quality": {
      "matched": 3,
      "score_sum": 0.5418969392776489,
      "conversation_count": 1,
      "avg_score": 0.18063231309254965
    },
    "instruction_following": {
      "matched": 0,
      "score_sum": 0.0,
      "conversation_count": 0
    }
  }
}