{
  "conversation_id": 77,
  "matched": 9,
  "total_reference": 9,
  "avg_score": 0.4656666666666667,
  "avg_point_diff": 2.4444444444444446,
  "axis_stats": {
    "completeness": {
      "matched": 5,
      "score_sum": 2.6639020442962646,
      "conversation_count": 1,
      "avg_score": 0.5327804088592529
    },
    "accuracy": {
      "matched": 1,
      "score_sum": 0.6008840799331665,
      "conversation_count": 1,
      "avg_score": 0.6008840799331665
    },
    "context_awareness": {
      "matched": 0,
      "score_sum": 0.0,
      "conversation_count": 0
    },
    "communication_quality": {
      "matched": 2,
      "score_sum": 0.4601568579673767,
      "conversation_count": 1,
      "avg_score": 0.23007842898368835
    },
    "instruction_following": {
      "matched": 1,
      "score_sum": 0.46671223640441895,
      "conversation_count": 1,
      "avg_score": 0.46671223640441895
    }
  }
}