{
  "conversation_id": 2611,
  "matched": 14,
  "total_reference": 14,
  "avg_score": 0.1927857142857143,
  "avg_point_diff": 10.428571428571429,
  "axis_stats": {
    "completeness": {
      "matched": 5,
      "score_sum": 0.7309143543243408,
      "conversation_count": 1,
      "avg_score": 0.14618287086486817
    },
    "accuracy": {
      "matched": 5,
      "score_sum": 0.3219119906425476,
      "conversation_count": 1,
      "avg_score": 0.06438239812850952
    },
    "context_awareness": {
      "matched": 2,
      "score_sum": 0.6164510726928711,
      "conversation_count": 1,
      "avg_score": 0.30822553634643557
    },
    "communication_quality": {
      "matched": 2,
      "score_sum": 1.0307095050811768,
      "conversation_count": 1,
      "avg_score": 0.5153547525405884
    },
    "instruction_following": {
      "matched": 0,
      "score_sum": 0.0,
      "conversation_count": 0
    }
  }
}