{
  "conversation_id": 1506,
  "matched": 12,
  "total_reference": 12,
  "avg_score": 0.22191666666666668,
  "avg_point_diff": 6.666666666666667,
  "axis_stats": {
    "completeness": {
      "matched": 4,
      "score_sum": 0.6621220111846924,
      "conversation_count": 1,
      "avg_score": 0.1655305027961731
    },
    "accuracy": {
      "matched": 3,
      "score_sum": 0.3214412331581116,
      "conversation_count": 1,
      "avg_score": 0.10714707771937053
    },
    "context_awareness": {
      "matched": 2,
      "score_sum": 0.7608292102813721,
      "conversation_count": 1,
      "avg_score": 0.38041460514068604
    },
    "communication_quality": {
      "matched": 3,
      "score_sum": 0.9185286164283752,
      "conversation_count": 1,
      "avg_score": 0.30617620547612506
    },
    "instruction_following": {
      "matched": 0,
      "score_sum": 0.0,
      "conversation_count": 0
    }
  }
}