{
  "conversation_id": 1477,
  "matched": 8,
  "total_reference": 8,
  "avg_score": 0.2955,
  "avg_point_diff": 5.625,
  "axis_stats": {
    "completeness": {
      "matched": 2,
      "score_sum": 0.42207980155944824,
      "conversation_count": 1,
      "avg_score": 0.21103990077972412
    },
    "accuracy": {
      "matched": 3,
      "score_sum": 1.158168077468872,
      "conversation_count": 1,
      "avg_score": 0.38605602582295734
    },
    "context_awareness": {
      "matched": 1,
      "score_sum": 0.41615599393844604,
      "conversation_count": 1,
      "avg_score": 0.41615599393844604
    },
    "communication_quality": {
      "matched": 1,
      "score_sum": 0.0,
      "conversation_count": 1,
      "avg_score": 0.0
    },
    "instruction_following": {
      "matched": 1,
      "score_sum": 0.36791062355041504,
      "conversation_count": 1,
      "avg_score": 0.36791062355041504
    }
  }
}