{
  "conversation_id": 1160,
  "matched": 14,
  "total_reference": 14,
  "avg_score": 0.32235714285714284,
  "avg_point_diff": 9.428571428571429,
  "axis_stats": {
    "completeness": {
      "matched": 4,
      "score_sum": 2.701928734779358,
      "conversation_count": 1,
      "avg_score": 0.6754821836948395
    },
    "accuracy": {
      "matched": 8,
      "score_sum": 0.6555992364883423,
      "conversation_count": 1,
      "avg_score": 0.08194990456104279
    },
    "context_awareness": {
      "matched": 1,
      "score_sum": 0.47255077958106995,
      "conversation_count": 1,
      "avg_score": 0.47255077958106995
    },
    "communication_quality": {
      "matched": 1,
      "score_sum": 0.6815391778945923,
      "conversation_count": 1,
      "avg_score": 0.6815391778945923
    },
    "instruction_following": {
      "matched": 0,
      "score_sum": 0.0,
      "conversation_count": 0
    }
  }
}