{
  "conversation_id": 1593,
  "matched": 9,
  "total_reference": 9,
  "avg_score": 0.32111111111111107,
  "avg_point_diff": 3.6666666666666665,
  "axis_stats": {
    "completeness": {
      "matched": 4,
      "score_sum": 1.405160903930664,
      "conversation_count": 1,
      "avg_score": 0.351290225982666
    },
    "accuracy": {
      "matched": 2,
      "score_sum": 0.8257158398628235,
      "conversation_count": 1,
      "avg_score": 0.41285791993141174
    },
    "context_awareness": {
      "matched": 2,
      "score_sum": 0.28025177121162415,
      "conversation_count": 1,
      "avg_score": 0.14012588560581207
    },
    "communication_quality": {
      "matched": 1,
      "score_sum": 0.37829079627990725,
      "conversation_count": 1,
      "avg_score": 0.37829079627990725
    },
    "instruction_following": {
      "matched": 0,
      "score_sum": 0.0,
      "conversation_count": 0
    }
  }
}