{
  "conversation_id": 646,
  "matched": 11,
  "total_reference": 11,
  "avg_score": 0.2037272727272727,
  "avg_point_diff": 7.818181818181818,
  "axis_stats": {
    "completeness": {
      "matched": 4,
      "score_sum": 0.7199778258800507,
      "conversation_count": 1,
      "avg_score": 0.17999445647001266
    },
    "accuracy": {
      "matched": 4,
      "score_sum": 0.46579933166503906,
      "conversation_count": 1,
      "avg_score": 0.11644983291625977
    },
    "context_awareness": {
      "matched": 1,
      "score_sum": 0.5842994451522827,
      "conversation_count": 1,
      "avg_score": 0.5842994451522827
    },
    "communication_quality": {
      "matched": 0,
      "score_sum": 0.0,
      "conversation_count": 0
    },
    "instruction_following": {
      "matched": 2,
      "score_sum": 0.47153404355049133,
      "conversation_count": 1,
      "avg_score": 0.23576702177524567
    }
  }
}