{
  "conversation_id": 2391,
  "matched": 15,
  "total_reference": 15,
  "avg_score": 0.24820000000000003,
  "avg_point_diff": 6.733333333333333,
  "axis_stats": {
    "completeness": {
      "matched": 6,
      "score_sum": 2.3058874011039734,
      "conversation_count": 1,
      "avg_score": 0.38431456685066223
    },
    "accuracy": {
      "matched": 6,
      "score_sum": 1.2018195867538453,
      "conversation_count": 1,
      "avg_score": 0.2003032644589742
    },
    "context_awareness": {
      "matched": 3,
      "score_sum": 0.2149507284164429,
      "conversation_count": 1,
      "avg_score": 0.07165024280548096
    },
    "communication_quality": {
      "matched": 0,
      "score_sum": 0.0,
      "conversation_count": 0
    },
    "instruction_following": {
      "matched": 0,
      "score_sum": 0.0,
      "conversation_count": 0
    }
  }
}