{
  "conversation_id": 211,
  "matched": 10,
  "total_reference": 10,
  "avg_score": 0.266,
  "avg_point_diff": 5.3,
  "axis_stats": {
    "completeness": {
      "matched": 2,
      "score_sum": 0.948399543762207,
      "conversation_count": 1,
      "avg_score": 0.4741997718811035
    },
    "accuracy": {
      "matched": 3,
      "score_sum": 0.3837350010871887,
      "conversation_count": 1,
      "avg_score": 0.1279116670290629
    },
    "context_awareness": {
      "matched": 2,
      "score_sum": 0.3150230348110199,
      "conversation_count": 1,
      "avg_score": 0.15751151740550995
    },
    "communication_quality": {
      "matched": 1,
      "score_sum": 0.4048322200775147,
      "conversation_count": 1,
      "avg_score": 0.4048322200775147
    },
    "instruction_following": {
      "matched": 2,
      "score_sum": 0.6083638846874238,
      "conversation_count": 1,
      "avg_score": 0.3041819423437119
    }
  }
}