{
  "conversation_id": 930,
  "matched": 11,
  "total_reference": 11,
  "avg_score": 0.2826363636363637,
  "avg_point_diff": 6.909090909090909,
  "axis_stats": {
    "completeness": {
      "matched": 5,
      "score_sum": 1.0843190252780914,
      "conversation_count": 1,
      "avg_score": 0.21686380505561828
    },
    "accuracy": {
      "matched": 1,
      "score_sum": 0.6382044553756714,
      "conversation_count": 1,
      "avg_score": 0.6382044553756714
    },
    "context_awareness": {
      "matched": 4,
      "score_sum": 1.0661880373954773,
      "conversation_count": 1,
      "avg_score": 0.2665470093488693
    },
    "communication_quality": {
      "matched": 1,
      "score_sum": 0.3205711543560028,
      "conversation_count": 1,
      "avg_score": 0.3205711543560028
    },
    "instruction_following": {
      "matched": 0,
      "score_sum": 0.0,
      "conversation_count": 0
    }
  }
}