{
  "conversation_id": 2022,
  "matched": 14,
  "total_reference": 14,
  "avg_score": 0.32228571428571434,
  "avg_point_diff": 6.285714285714286,
  "axis_stats": {
    "completeness": {
      "matched": 1,
      "score_sum": 0.5194050669670105,
      "conversation_count": 1,
      "avg_score": 0.5194050669670105
    },
    "accuracy": {
      "matched": 2,
      "score_sum": 0.47240257263183594,
      "conversation_count": 1,
      "avg_score": 0.23620128631591797
    },
    "context_awareness": {
      "matched": 8,
      "score_sum": 2.8869760751724245,
      "conversation_count": 1,
      "avg_score": 0.36087200939655306
    },
    "communication_quality": {
      "matched": 1,
      "score_sum": 0.15435464680194855,
      "conversation_count": 1,
      "avg_score": 0.15435464680194855
    },
    "instruction_following": {
      "matched": 2,
      "score_sum": 0.4792252779006958,
      "conversation_count": 1,
      "avg_score": 0.2396126389503479
    }
  }
}