{
  "conversation_id": 476,
  "matched": 11,
  "total_reference": 11,
  "avg_score": 0.3805454545454545,
  "avg_point_diff": 6.636363636363637,
  "axis_stats": {
    "completeness": {
      "matched": 3,
      "score_sum": 0.3981696367263794,
      "conversation_count": 1,
      "avg_score": 0.13272321224212646
    },
    "accuracy": {
      "matched": 3,
      "score_sum": 2.076776385307312,
      "conversation_count": 1,
      "avg_score": 0.6922587951024374
    },
    "context_awareness": {
      "matched": 3,
      "score_sum": 0.7108442187309265,
      "conversation_count": 1,
      "avg_score": 0.23694807291030884
    },
    "communication_quality": {
      "matched": 1,
      "score_sum": 0.36384710669517517,
      "conversation_count": 1,
      "avg_score": 0.36384710669517517
    },
    "instruction_following": {
      "matched": 1,
      "score_sum": 0.6366392374038696,
      "conversation_count": 1,
      "avg_score": 0.6366392374038696
    }
  }
}