{
  "conversation_id": 98,
  "matched": 15,
  "total_reference": 15,
  "avg_score": 0.33393333333333336,
  "avg_point_diff": 6.533333333333333,
  "axis_stats": {
    "completeness": {
      "matched": 6,
      "score_sum": 3.0597864985466003,
      "conversation_count": 1,
      "avg_score": 0.5099644164244334
    },
    "accuracy": {
      "matched": 5,
      "score_sum": 0.5953191518783569,
      "conversation_count": 1,
      "avg_score": 0.11906383037567139
    },
    "context_awareness": {
      "matched": 0,
      "score_sum": 0.0,
      "conversation_count": 0
    },
    "communication_quality": {
      "matched": 3,
      "score_sum": 0.6252055168151855,
      "conversation_count": 1,
      "avg_score": 0.20840183893839517
    },
    "instruction_following": {
      "matched": 1,
      "score_sum": 0.7290245294570923,
      "conversation_count": 1,
      "avg_score": 0.7290245294570923
    }
  }
}