{
  "conversation_id": 1239,
  "matched": 14,
  "total_reference": 14,
  "avg_score": 0.11321428571428571,
  "avg_point_diff": 10.071428571428571,
  "axis_stats": {
    "completeness": {
      "matched": 6,
      "score_sum": 0.8447003364562988,
      "conversation_count": 1,
      "avg_score": 0.14078338940938315
    },
    "accuracy": {
      "matched": 6,
      "score_sum": 0.35112112760543823,
      "conversation_count": 1,
      "avg_score": 0.05852018793423971
    },
    "context_awareness": {
      "matched": 0,
      "score_sum": 0.0,
      "conversation_count": 0
    },
    "communication_quality": {
      "matched": 2,
      "score_sum": 0.38949155807495117,
      "conversation_count": 1,
      "avg_score": 0.19474577903747559
    },
    "instruction_following": {
      "matched": 0,
      "score_sum": 0.0,
      "conversation_count": 0
    }
  }
}