{
  "conversation_id": 1118,
  "matched": 10,
  "total_reference": 10,
  "avg_score": 0.35429999999999995,
  "avg_point_diff": 7.7,
  "axis_stats": {
    "completeness": {
      "matched": 2,
      "score_sum": 0.721225917339325,
      "conversation_count": 1,
      "avg_score": 0.3606129586696625
    },
    "accuracy": {
      "matched": 6,
      "score_sum": 1.4781960248947144,
      "conversation_count": 1,
      "avg_score": 0.24636600414911905
    },
    "context_awareness": {
      "matched": 1,
      "score_sum": 0.7560785412788391,
      "conversation_count": 1,
      "avg_score": 0.7560785412788391
    },
    "communication_quality": {
      "matched": 0,
      "score_sum": 0.0,
      "conversation_count": 0
    },
    "instruction_following": {
      "matched": 1,
      "score_sum": 0.5878362655639648,
      "conversation_count": 1,
      "avg_score": 0.5878362655639648
    }
  }
}