{
  "conversation_id": 2695,
  "matched": 13,
  "total_reference": 13,
  "avg_score": 0.45438461538461533,
  "avg_point_diff": 3.923076923076923,
  "axis_stats": {
    "completeness": {
      "matched": 1,
      "score_sum": 0.32493868470191956,
      "conversation_count": 1,
      "avg_score": 0.32493868470191956
    },
    "accuracy": {
      "matched": 8,
      "score_sum": 3.7511134505271913,
      "conversation_count": 1,
      "avg_score": 0.4688891813158989
    },
    "context_awareness": {
      "matched": 2,
      "score_sum": 0.4993865191936493,
      "conversation_count": 1,
      "avg_score": 0.24969325959682465
    },
    "communication_quality": {
      "matched": 2,
      "score_sum": 1.3294503092765808,
      "conversation_count": 1,
      "avg_score": 0.6647251546382904
    },
    "instruction_following": {
      "matched": 0,
      "score_sum": 0.0,
      "conversation_count": 0
    }
  }
}