{
  "conversation_id": 200,
  "matched": 11,
  "total_reference": 11,
  "avg_score": 0.34927272727272735,
  "avg_point_diff": 5.636363636363637,
  "axis_stats": {
    "completeness": {
      "matched": 5,
      "score_sum": 1.7785781621932983,
      "conversation_count": 1,
      "avg_score": 0.35571563243865967
    },
    "accuracy": {
      "matched": 3,
      "score_sum": 0.6158337593078613,
      "conversation_count": 1,
      "avg_score": 0.2052779197692871
    },
    "context_awareness": {
      "matched": 2,
      "score_sum": 0.8793195247650147,
      "conversation_count": 1,
      "avg_score": 0.43965976238250737
    },
    "communication_quality": {
      "matched": 1,
      "score_sum": 0.5667634010314941,
      "conversation_count": 1,
      "avg_score": 0.5667634010314941
    },
    "instruction_following": {
      "matched": 0,
      "score_sum": 0.0,
      "conversation_count": 0
    }
  }
}