{
  "conversation_id": 1917,
  "matched": 13,
  "total_reference": 13,
  "avg_score": 0.34192307692307694,
  "avg_point_diff": 5.153846153846154,
  "axis_stats": {
    "completeness": {
      "matched": 0,
      "score_sum": 0.0,
      "conversation_count": 0
    },
    "accuracy": {
      "matched": 8,
      "score_sum": 3.4508239150047304,
      "conversation_count": 1,
      "avg_score": 0.4313529893755913
    },
    "context_awareness": {
      "matched": 2,
      "score_sum": 0.7610163688659668,
      "conversation_count": 1,
      "avg_score": 0.3805081844329834
    },
    "communication_quality": {
      "matched": 3,
      "score_sum": 0.23365016281604767,
      "conversation_count": 1,
      "avg_score": 0.07788338760534923
    },
    "instruction_following": {
      "matched": 0,
      "score_sum": 0.0,
      "conversation_count": 0
    }
  }
}