{
  "conversation_id": 1510,
  "matched": 9,
  "total_reference": 9,
  "avg_score": 0.4160000000000001,
  "avg_point_diff": 4.111111111111111,
  "axis_stats": {
    "completeness": {
      "matched": 2,
      "score_sum": 1.1829606294631958,
      "conversation_count": 1,
      "avg_score": 0.5914803147315979
    },
    "accuracy": {
      "matched": 4,
      "score_sum": 1.9162415266036987,
      "conversation_count": 1,
      "avg_score": 0.4790603816509247
    },
    "context_awareness": {
      "matched": 0,
      "score_sum": 0.0,
      "conversation_count": 0
    },
    "communication_quality": {
      "matched": 2,
      "score_sum": 0.2596113681793213,
      "conversation_count": 1,
      "avg_score": 0.12980568408966064
    },
    "instruction_following": {
      "matched": 1,
      "score_sum": 0.3856356739997864,
      "conversation_count": 1,
      "avg_score": 0.3856356739997864
    }
  }
}