{
  "conversation_id": 299,
  "matched": 11,
  "total_reference": 11,
  "avg_score": 0.3183636363636364,
  "avg_point_diff": 6.909090909090909,
  "axis_stats": {
    "completeness": {
      "matched": 7,
      "score_sum": 1.9848213195800781,
      "conversation_count": 1,
      "avg_score": 0.283545902797154
    },
    "accuracy": {
      "matched": 1,
      "score_sum": 0.5274653434753418,
      "conversation_count": 1,
      "avg_score": 0.5274653434753418
    },
    "context_awareness": {
      "matched": 2,
      "score_sum": 0.3928697407245636,
      "conversation_count": 1,
      "avg_score": 0.1964348703622818
    },
    "communication_quality": {
      "matched": 1,
      "score_sum": 0.596752405166626,
      "conversation_count": 1,
      "avg_score": 0.596752405166626
    },
    "instruction_following": {
      "matched": 0,
      "score_sum": 0.0,
      "conversation_count": 0
    }
  }
}