{
  "conversation_id": 1138,
  "matched": 14,
  "total_reference": 14,
  "avg_score": 0.3244285714285714,
  "avg_point_diff": 4.642857142857143,
  "axis_stats": {
    "completeness": {
      "matched": 0,
      "score_sum": 0.0,
      "conversation_count": 0
    },
    "accuracy": {
      "matched": 2,
      "score_sum": 1.0039538145065308,
      "conversation_count": 1,
      "avg_score": 0.5019769072532654
    },
    "context_awareness": {
      "matched": 7,
      "score_sum": 2.352014124393463,
      "conversation_count": 1,
      "avg_score": 0.3360020177704947
    },
    "communication_quality": {
      "matched": 1,
      "score_sum": 0.3430072069168091,
      "conversation_count": 1,
      "avg_score": 0.3430072069168091
    },
    "instruction_following": {
      "matched": 4,
      "score_sum": 0.8435836732387543,
      "conversation_count": 1,
      "avg_score": 0.21089591830968857
    }
  }
}