{
  "conversation_id": 2222,
  "matched": 13,
  "total_reference": 13,
  "avg_score": 0.2813076923076923,
  "avg_point_diff": 8.923076923076923,
  "axis_stats": {
    "completeness": {
      "matched": 2,
      "score_sum": 0.9118939638137817,
      "conversation_count": 1,
      "avg_score": 0.45594698190689087
    },
    "accuracy": {
      "matched": 6,
      "score_sum": 1.6488513708114625,
      "conversation_count": 1,
      "avg_score": 0.27480856180191043
    },
    "context_awareness": {
      "matched": 4,
      "score_sum": 0.7089940309524536,
      "conversation_count": 1,
      "avg_score": 0.1772485077381134
    },
    "communication_quality": {
      "matched": 1,
      "score_sum": 0.38655877113342285,
      "conversation_count": 1,
      "avg_score": 0.38655877113342285
    },
    "instruction_following": {
      "matched": 0,
      "score_sum": 0.0,
      "conversation_count": 0
    }
  }
}