{
  "conversation_id": 221,
  "matched": 12,
  "total_reference": 12,
  "avg_score": 0.4695833333333333,
  "avg_point_diff": 4.25,
  "axis_stats": {
    "completeness": {
      "matched": 6,
      "score_sum": 3.5409271478652955,
      "conversation_count": 1,
      "avg_score": 0.5901545246442159
    },
    "accuracy": {
      "matched": 4,
      "score_sum": 1.27024245262146,
      "conversation_count": 1,
      "avg_score": 0.317560613155365
    },
    "context_awareness": {
      "matched": 0,
      "score_sum": 0.0,
      "conversation_count": 0
    },
    "communication_quality": {
      "matched": 1,
      "score_sum": 0.3606278896331787,
      "conversation_count": 1,
      "avg_score": 0.3606278896331787
    },
    "instruction_following": {
      "matched": 1,
      "score_sum": 0.46341910362243655,
      "conversation_count": 1,
      "avg_score": 0.46341910362243655
    }
  }
}