{
  "conversation_id": 713,
  "matched": 14,
  "total_reference": 14,
  "avg_score": 0.24899999999999997,
  "avg_point_diff": 7.714285714285714,
  "axis_stats": {
    "completeness": {
      "matched": 7,
      "score_sum": 1.765206217765808,
      "conversation_count": 1,
      "avg_score": 0.25217231682368685
    },
    "accuracy": {
      "matched": 5,
      "score_sum": 1.0083937406539918,
      "conversation_count": 1,
      "avg_score": 0.20167874813079836
    },
    "context_awareness": {
      "matched": 1,
      "score_sum": 0.40142273902893066,
      "conversation_count": 1,
      "avg_score": 0.40142273902893066
    },
    "communication_quality": {
      "matched": 1,
      "score_sum": 0.31146669387817383,
      "conversation_count": 1,
      "avg_score": 0.31146669387817383
    },
    "instruction_following": {
      "matched": 0,
      "score_sum": 0.0,
      "conversation_count": 0
    }
  }
}