{
  "conversation_id": 2136,
  "matched": 14,
  "total_reference": 14,
  "avg_score": 0.35321428571428576,
  "avg_point_diff": 5.428571428571429,
  "axis_stats": {
    "completeness": {
      "matched": 1,
      "score_sum": 0.49750128388404846,
      "conversation_count": 1,
      "avg_score": 0.49750128388404846
    },
    "accuracy": {
      "matched": 2,
      "score_sum": 0.2826412618160248,
      "conversation_count": 1,
      "avg_score": 0.1413206309080124
    },
    "context_awareness": {
      "matched": 5,
      "score_sum": 1.9898207306861877,
      "conversation_count": 1,
      "avg_score": 0.3979641461372375
    },
    "communication_quality": {
      "matched": 1,
      "score_sum": 0.46978330612182617,
      "conversation_count": 1,
      "avg_score": 0.46978330612182617
    },
    "instruction_following": {
      "matched": 5,
      "score_sum": 1.7037747383117676,
      "conversation_count": 1,
      "avg_score": 0.34075494766235354
    }
  }
}