{
  "conversation_id": 448,
  "matched": 13,
  "total_reference": 13,
  "avg_score": 0.2872307692307693,
  "avg_point_diff": 3.923076923076923,
  "axis_stats": {
    "completeness": {
      "matched": 4,
      "score_sum": 0.8362196385860443,
      "conversation_count": 1,
      "avg_score": 0.20905490964651108
    },
    "accuracy": {
      "matched": 7,
      "score_sum": 2.01839596927166,
      "conversation_count": 1,
      "avg_score": 0.2883422813245229
    },
    "context_awareness": {
      "matched": 1,
      "score_sum": 0.4991750717163086,
      "conversation_count": 1,
      "avg_score": 0.4991750717163086
    },
    "communication_quality": {
      "matched": 1,
      "score_sum": 0.3798813819885254,
      "conversation_count": 1,
      "avg_score": 0.3798813819885254
    },
    "instruction_following": {
      "matched": 0,
      "score_sum": 0.0,
      "conversation_count": 0
    }
  }
}