{
  "conversation_id": 2511,
  "matched": 15,
  "total_reference": 15,
  "avg_score": 0.3452666666666667,
  "avg_point_diff": 4.866666666666666,
  "axis_stats": {
    "completeness": {
      "matched": 6,
      "score_sum": 1.9683284997940063,
      "conversation_count": 1,
      "avg_score": 0.3280547499656677
    },
    "accuracy": {
      "matched": 2,
      "score_sum": 0.5334963798522949,
      "conversation_count": 1,
      "avg_score": 0.26674818992614746
    },
    "context_awareness": {
      "matched": 3,
      "score_sum": 1.6404037773609161,
      "conversation_count": 1,
      "avg_score": 0.5468012591203054
    },
    "communication_quality": {
      "matched": 4,
      "score_sum": 1.0365476310253143,
      "conversation_count": 1,
      "avg_score": 0.2591369077563286
    },
    "instruction_following": {
      "matched": 0,
      "score_sum": 0.0,
      "conversation_count": 0
    }
  }
}