{
  "conversation_id": 637,
  "matched": 13,
  "total_reference": 13,
  "avg_score": 0.4851538461538461,
  "avg_point_diff": 3.230769230769231,
  "axis_stats": {
    "completeness": {
      "matched": 3,
      "score_sum": 1.6343400835990907,
      "conversation_count": 1,
      "avg_score": 0.5447800278663636
    },
    "accuracy": {
      "matched": 8,
      "score_sum": 3.7446199357509613,
      "conversation_count": 1,
      "avg_score": 0.46807749196887016
    },
    "context_awareness": {
      "matched": 1,
      "score_sum": 0.36617952585220337,
      "conversation_count": 1,
      "avg_score": 0.36617952585220337
    },
    "communication_quality": {
      "matched": 0,
      "score_sum": 0.0,
      "conversation_count": 0
    },
    "instruction_following": {
      "matched": 1,
      "score_sum": 0.5623530149459839,
      "conversation_count": 1,
      "avg_score": 0.5623530149459839
    }
  }
}