{
  "conversation_id": 1256,
  "matched": 15,
  "total_reference": 15,
  "avg_score": 0.3373333333333334,
  "avg_point_diff": 4.533333333333333,
  "axis_stats": {
    "completeness": {
      "matched": 1,
      "score_sum": 0.5454528331756592,
      "conversation_count": 1,
      "avg_score": 0.5454528331756592
    },
    "accuracy": {
      "matched": 10,
      "score_sum": 2.9159158587455747,
      "conversation_count": 1,
      "avg_score": 0.29159158587455747
    },
    "context_awareness": {
      "matched": 2,
      "score_sum": 0.9407355189323425,
      "conversation_count": 1,
      "avg_score": 0.47036775946617126
    },
    "communication_quality": {
      "matched": 1,
      "score_sum": 0.0,
      "conversation_count": 1,
      "avg_score": 0.0
    },
    "instruction_following": {
      "matched": 1,
      "score_sum": 0.6579302549362183,
      "conversation_count": 1,
      "avg_score": 0.6579302549362183
    }
  }
}