{
  "conversation_id": 2061,
  "matched": 8,
  "total_reference": 8,
  "avg_score": 0.287625,
  "avg_point_diff": 4.125,
  "axis_stats": {
    "completeness": {
      "matched": 1,
      "score_sum": 0.3503438949584961,
      "conversation_count": 1,
      "avg_score": 0.3503438949584961
    },
    "accuracy": {
      "matched": 1,
      "score_sum": 0.0,
      "conversation_count": 1,
      "avg_score": 0.0
    },
    "context_awareness": {
      "matched": 2,
      "score_sum": 0.3366803526878357,
      "conversation_count": 1,
      "avg_score": 0.16834017634391785
    },
    "communication_quality": {
      "matched": 3,
      "score_sum": 1.3485120236873627,
      "conversation_count": 1,
      "avg_score": 0.44950400789578754
    },
    "instruction_following": {
      "matched": 1,
      "score_sum": 0.2648118734359741,
      "conversation_count": 1,
      "avg_score": 0.2648118734359741
    }
  }
}