{
  "conversation_id": 40,
  "matched": 11,
  "total_reference": 11,
  "avg_score": 0.2515454545454545,
  "avg_point_diff": 5.636363636363637,
  "axis_stats": {
    "completeness": {
      "matched": 3,
      "score_sum": 0.37970826029777527,
      "conversation_count": 1,
      "avg_score": 0.12656942009925842
    },
    "accuracy": {
      "matched": 3,
      "score_sum": 1.0832891464233398,
      "conversation_count": 1,
      "avg_score": 0.3610963821411133
    },
    "context_awareness": {
      "matched": 3,
      "score_sum": 1.0172739624977112,
      "conversation_count": 1,
      "avg_score": 0.3390913208325704
    },
    "communication_quality": {
      "matched": 2,
      "score_sum": 0.2855489253997803,
      "conversation_count": 1,
      "avg_score": 0.14277446269989014
    },
    "instruction_following": {
      "matched": 0,
      "score_sum": 0.0,
      "conversation_count": 0
    }
  }
}