{
  "conversation_id": 207,
  "matched": 10,
  "total_reference": 10,
  "avg_score": 0.24500000000000002,
  "avg_point_diff": 6.7,
  "axis_stats": {
    "completeness": {
      "matched": 2,
      "score_sum": 0.3237134516239166,
      "conversation_count": 1,
      "avg_score": 0.1618567258119583
    },
    "accuracy": {
      "matched": 4,
      "score_sum": 0.8927904665470123,
      "conversation_count": 1,
      "avg_score": 0.22319761663675308
    },
    "context_awareness": {
      "matched": 1,
      "score_sum": 0.4991750717163086,
      "conversation_count": 1,
      "avg_score": 0.4991750717163086
    },
    "communication_quality": {
      "matched": 2,
      "score_sum": 0.3537053167819977,
      "conversation_count": 1,
      "avg_score": 0.17685265839099884
    },
    "instruction_following": {
      "matched": 1,
      "score_sum": 0.37994558811187745,
      "conversation_count": 1,
      "avg_score": 0.37994558811187745
    }
  }
}