{
  "conversation_id": 6,
  "matched": 14,
  "total_reference": 14,
  "avg_score": 0.29178571428571426,
  "avg_point_diff": 6.357142857142857,
  "axis_stats": {
    "completeness": {
      "matched": 7,
      "score_sum": 2.183138132095337,
      "conversation_count": 1,
      "avg_score": 0.3118768760136196
    },
    "accuracy": {
      "matched": 4,
      "score_sum": 1.0618547797203064,
      "conversation_count": 1,
      "avg_score": 0.2654636949300766
    },
    "context_awareness": {
      "matched": 1,
      "score_sum": 0.4634988307952881,
      "conversation_count": 1,
      "avg_score": 0.4634988307952881
    },
    "communication_quality": {
      "matched": 1,
      "score_sum": 0.37699446082115173,
      "conversation_count": 1,
      "avg_score": 0.37699446082115173
    },
    "instruction_following": {
      "matched": 1,
      "score_sum": 0.0,
      "conversation_count": 1,
      "avg_score": 0.0
    }
  }
}