{
  "conversation_id": 2495,
  "matched": 13,
  "total_reference": 13,
  "avg_score": 0.2581538461538462,
  "avg_point_diff": 5.6923076923076925,
  "axis_stats": {
    "completeness": {
      "matched": 3,
      "score_sum": 1.0507960438728332,
      "conversation_count": 1,
      "avg_score": 0.35026534795761105
    },
    "accuracy": {
      "matched": 8,
      "score_sum": 2.0318613171577455,
      "conversation_count": 1,
      "avg_score": 0.2539826646447182
    },
    "context_awareness": {
      "matched": 1,
      "score_sum": 0.2128267139196396,
      "conversation_count": 1,
      "avg_score": 0.2128267139196396
    },
    "communication_quality": {
      "matched": 1,
      "score_sum": 0.06066438555717468,
      "conversation_count": 1,
      "avg_score": 0.06066438555717468
    },
    "instruction_following": {
      "matched": 0,
      "score_sum": 0.0,
      "conversation_count": 0
    }
  }
}