{
  "conversation_id": 2053,
  "matched": 11,
  "total_reference": 11,
  "avg_score": 0.34218181818181814,
  "avg_point_diff": 6.363636363636363,
  "axis_stats": {
    "completeness": {
      "matched": 3,
      "score_sum": 1.2469517707824709,
      "conversation_count": 1,
      "avg_score": 0.4156505902608236
    },
    "accuracy": {
      "matched": 4,
      "score_sum": 1.3049336671829224,
      "conversation_count": 1,
      "avg_score": 0.3262334167957306
    },
    "context_awareness": {
      "matched": 2,
      "score_sum": 0.9042807340621949,
      "conversation_count": 1,
      "avg_score": 0.45214036703109745
    },
    "communication_quality": {
      "matched": 1,
      "score_sum": 0.0,
      "conversation_count": 1,
      "avg_score": 0.0
    },
    "instruction_following": {
      "matched": 1,
      "score_sum": 0.3067600131034851,
      "conversation_count": 1,
      "avg_score": 0.3067600131034851
    }
  }
}