{
  "conversation_id": 825,
  "matched": 11,
  "total_reference": 11,
  "avg_score": 0.24036363636363633,
  "avg_point_diff": 8.0,
  "axis_stats": {
    "completeness": {
      "matched": 3,
      "score_sum": 0.0,
      "conversation_count": 1,
      "avg_score": 0.0
    },
    "accuracy": {
      "matched": 3,
      "score_sum": 1.2961285591125489,
      "conversation_count": 1,
      "avg_score": 0.4320428530375163
    },
    "context_awareness": {
      "matched": 2,
      "score_sum": 0.4318044185638428,
      "conversation_count": 1,
      "avg_score": 0.2159022092819214
    },
    "communication_quality": {
      "matched": 1,
      "score_sum": 0.287626314163208,
      "conversation_count": 1,
      "avg_score": 0.287626314163208
    },
    "instruction_following": {
      "matched": 2,
      "score_sum": 0.6277554631233215,
      "conversation_count": 1,
      "avg_score": 0.31387773156166077
    }
  }
}