{
  "conversation_id": 2309,
  "matched": 12,
  "total_reference": 12,
  "avg_score": 0.32533333333333336,
  "avg_point_diff": 6.5,
  "axis_stats": {
    "completeness": {
      "matched": 1,
      "score_sum": 0.6168034076690674,
      "conversation_count": 1,
      "avg_score": 0.6168034076690674
    },
    "accuracy": {
      "matched": 3,
      "score_sum": 0.7481519460678101,
      "conversation_count": 1,
      "avg_score": 0.24938398202260337
    },
    "context_awareness": {
      "matched": 3,
      "score_sum": 0.5291535258293152,
      "conversation_count": 1,
      "avg_score": 0.17638450860977173
    },
    "communication_quality": {
      "matched": 1,
      "score_sum": 0.28403429985046386,
      "conversation_count": 1,
      "avg_score": 0.28403429985046386
    },
    "instruction_following": {
      "matched": 4,
      "score_sum": 1.726251173019409,
      "conversation_count": 1,
      "avg_score": 0.43156279325485225
    }
  }
}