{
  "conversation_id": 979,
  "matched": 11,
  "total_reference": 11,
  "avg_score": 0.15327272727272725,
  "avg_point_diff": 9.636363636363637,
  "axis_stats": {
    "completeness": {
      "matched": 7,
      "score_sum": 0.7898508667945863,
      "conversation_count": 1,
      "avg_score": 0.11283583811351232
    },
    "accuracy": {
      "matched": 2,
      "score_sum": 0.43383875489234924,
      "conversation_count": 1,
      "avg_score": 0.21691937744617462
    },
    "context_awareness": {
      "matched": 2,
      "score_sum": 0.46248963475227356,
      "conversation_count": 1,
      "avg_score": 0.23124481737613678
    },
    "communication_quality": {
      "matched": 0,
      "score_sum": 0.0,
      "conversation_count": 0
    },
    "instruction_following": {
      "matched": 0,
      "score_sum": 0.0,
      "conversation_count": 0
    }
  }
}