{
  "conversation_id": 772,
  "matched": 13,
  "total_reference": 13,
  "avg_score": 0.3360769230769231,
  "avg_point_diff": 6.230769230769231,
  "axis_stats": {
    "completeness": {
      "matched": 4,
      "score_sum": 0.9880727767944336,
      "conversation_count": 1,
      "avg_score": 0.2470181941986084
    },
    "accuracy": {
      "matched": 4,
      "score_sum": 2.137521576881409,
      "conversation_count": 1,
      "avg_score": 0.5343803942203522
    },
    "context_awareness": {
      "matched": 2,
      "score_sum": 0.6739309728145599,
      "conversation_count": 1,
      "avg_score": 0.33696548640727997
    },
    "communication_quality": {
      "matched": 3,
      "score_sum": 0.5699643343687057,
      "conversation_count": 1,
      "avg_score": 0.18998811145623526
    },
    "instruction_following": {
      "matched": 0,
      "score_sum": 0.0,
      "conversation_count": 0
    }
  }
}