{
  "conversation_id": 2131,
  "matched": 10,
  "total_reference": 10,
  "avg_score": 0.3445,
  "avg_point_diff": 6.4,
  "axis_stats": {
    "completeness": {
      "matched": 1,
      "score_sum": 0.7413640022277832,
      "conversation_count": 1,
      "avg_score": 0.7413640022277832
    },
    "accuracy": {
      "matched": 7,
      "score_sum": 1.7083595395088196,
      "conversation_count": 1,
      "avg_score": 0.24405136278697423
    },
    "context_awareness": {
      "matched": 1,
      "score_sum": 0.5025436282157898,
      "conversation_count": 1,
      "avg_score": 0.5025436282157898
    },
    "communication_quality": {
      "matched": 1,
      "score_sum": 0.49197685718536377,
      "conversation_count": 1,
      "avg_score": 0.49197685718536377
    },
    "instruction_following": {
      "matched": 0,
      "score_sum": 0.0,
      "conversation_count": 0
    }
  }
}