{
  "conversation_id": 32,
  "matched": 13,
  "total_reference": 13,
  "avg_score": 0.3222307692307692,
  "avg_point_diff": 7.615384615384615,
  "axis_stats": {
    "completeness": {
      "matched": 2,
      "score_sum": 0.8372914075851441,
      "conversation_count": 1,
      "avg_score": 0.41864570379257204
    },
    "accuracy": {
      "matched": 4,
      "score_sum": 0.40203428268432617,
      "conversation_count": 1,
      "avg_score": 0.10050857067108154
    },
    "context_awareness": {
      "matched": 5,
      "score_sum": 2.2844188690185545,
      "conversation_count": 1,
      "avg_score": 0.4568837738037109
    },
    "communication_quality": {
      "matched": 1,
      "score_sum": 0.0,
      "conversation_count": 1,
      "avg_score": 0.0
    },
    "instruction_following": {
      "matched": 1,
      "score_sum": 0.6664151549339294,
      "conversation_count": 1,
      "avg_score": 0.6664151549339294
    }
  }
}