{
  "conversation_id": 74,
  "matched": 13,
  "total_reference": 13,
  "avg_score": 0.164,
  "avg_point_diff": 9.923076923076923,
  "axis_stats": {
    "completeness": {
      "matched": 5,
      "score_sum": 0.9243561029434204,
      "conversation_count": 1,
      "avg_score": 0.18487122058868408
    },
    "accuracy": {
      "matched": 5,
      "score_sum": 0.5067435503005981,
      "conversation_count": 1,
      "avg_score": 0.10134871006011963
    },
    "context_awareness": {
      "matched": 1,
      "score_sum": 0.37395888566970825,
      "conversation_count": 1,
      "avg_score": 0.37395888566970825
    },
    "communication_quality": {
      "matched": 2,
      "score_sum": 0.3267742395401001,
      "conversation_count": 1,
      "avg_score": 0.16338711977005005
    },
    "instruction_following": {
      "matched": 0,
      "score_sum": 0.0,
      "conversation_count": 0
    }
  }
}