{
  "conversation_id": 2403,
  "matched": 14,
  "total_reference": 14,
  "avg_score": 0.3232142857142857,
  "avg_point_diff": 6.285714285714286,
  "axis_stats": {
    "completeness": {
      "matched": 1,
      "score_sum": 0.6247574090957642,
      "conversation_count": 1,
      "avg_score": 0.6247574090957642
    },
    "accuracy": {
      "matched": 6,
      "score_sum": 1.0729966461658478,
      "conversation_count": 1,
      "avg_score": 0.17883277436097464
    },
    "context_awareness": {
      "matched": 3,
      "score_sum": 1.4614377975463868,
      "conversation_count": 1,
      "avg_score": 0.4871459325154623
    },
    "communication_quality": {
      "matched": 0,
      "score_sum": 0.0,
      "conversation_count": 0
    },
    "instruction_following": {
      "matched": 4,
      "score_sum": 1.3664069473743439,
      "conversation_count": 1,
      "avg_score": 0.34160173684358597
    }
  }
}