{
  "conversation_id": 2519,
  "matched": 11,
  "total_reference": 11,
  "avg_score": 0.2850909090909091,
  "avg_point_diff": 6.909090909090909,
  "axis_stats": {
    "completeness": {
      "matched": 6,
      "score_sum": 1.7476824522018433,
      "conversation_count": 1,
      "avg_score": 0.2912804087003072
    },
    "accuracy": {
      "matched": 2,
      "score_sum": 0.40731093287467957,
      "conversation_count": 1,
      "avg_score": 0.20365546643733978
    },
    "context_awareness": {
      "matched": 1,
      "score_sum": 0.3338887453079224,
      "conversation_count": 1,
      "avg_score": 0.3338887453079224
    },
    "communication_quality": {
      "matched": 2,
      "score_sum": 0.648126482963562,
      "conversation_count": 1,
      "avg_score": 0.324063241481781
    },
    "instruction_following": {
      "matched": 0,
      "score_sum": 0.0,
      "conversation_count": 0
    }
  }
}