{
  "conversation_id": 439,
  "matched": 11,
  "total_reference": 11,
  "avg_score": 0.24027272727272725,
  "avg_point_diff": 5.363636363636363,
  "axis_stats": {
    "completeness": {
      "matched": 2,
      "score_sum": 0.9078620970249176,
      "conversation_count": 1,
      "avg_score": 0.4539310485124588
    },
    "accuracy": {
      "matched": 8,
      "score_sum": 1.3427398800849915,
      "conversation_count": 1,
      "avg_score": 0.16784248501062393
    },
    "context_awareness": {
      "matched": 0,
      "score_sum": 0.0,
      "conversation_count": 0
    },
    "communication_quality": {
      "matched": 1,
      "score_sum": 0.39312222599983215,
      "conversation_count": 1,
      "avg_score": 0.39312222599983215
    },
    "instruction_following": {
      "matched": 0,
      "score_sum": 0.0,
      "conversation_count": 0
    }
  }
}