{
  "conversation_id": 2307,
  "matched": 14,
  "total_reference": 14,
  "avg_score": 0.3524285714285714,
  "avg_point_diff": 4.857142857142857,
  "axis_stats": {
    "completeness": {
      "matched": 6,
      "score_sum": 2.8075005769729615,
      "conversation_count": 1,
      "avg_score": 0.46791676282882694
    },
    "accuracy": {
      "matched": 3,
      "score_sum": 0.6159261763095856,
      "conversation_count": 1,
      "avg_score": 0.20530872543652853
    },
    "context_awareness": {
      "matched": 3,
      "score_sum": 1.1086323261260986,
      "conversation_count": 1,
      "avg_score": 0.3695441087086995
    },
    "communication_quality": {
      "matched": 1,
      "score_sum": 0.0,
      "conversation_count": 1,
      "avg_score": 0.0
    },
    "instruction_following": {
      "matched": 1,
      "score_sum": 0.4014687240123749,
      "conversation_count": 1,
      "avg_score": 0.4014687240123749
    }
  }
}