{
  "conversation_id": 2083,
  "matched": 9,
  "total_reference": 9,
  "avg_score": 0.09733333333333333,
  "avg_point_diff": 9.333333333333334,
  "axis_stats": {
    "completeness": {
      "matched": 4,
      "score_sum": 0.25324320793151855,
      "conversation_count": 1,
      "avg_score": 0.06331080198287964
    },
    "accuracy": {
      "matched": 4,
      "score_sum": 0.392130970954895,
      "conversation_count": 1,
      "avg_score": 0.09803274273872375
    },
    "context_awareness": {
      "matched": 0,
      "score_sum": 0.0,
      "conversation_count": 0
    },
    "communication_quality": {
      "matched": 1,
      "score_sum": 0.23083926737308502,
      "conversation_count": 1,
      "avg_score": 0.23083926737308502
    },
    "instruction_following": {
      "matched": 0,
      "score_sum": 0.0,
      "conversation_count": 0
    }
  }
}