{
  "conversation_id": 1986,
  "matched": 14,
  "total_reference": 14,
  "avg_score": 0.20985714285714288,
  "avg_point_diff": 7.857142857142857,
  "axis_stats": {
    "completeness": {
      "matched": 4,
      "score_sum": 0.5960174798965454,
      "conversation_count": 1,
      "avg_score": 0.14900436997413635
    },
    "accuracy": {
      "matched": 4,
      "score_sum": 1.3462872207164764,
      "conversation_count": 1,
      "avg_score": 0.3365718051791191
    },
    "context_awareness": {
      "matched": 2,
      "score_sum": 0.2843286395072937,
      "conversation_count": 1,
      "avg_score": 0.14216431975364685
    },
    "communication_quality": {
      "matched": 4,
      "score_sum": 0.7124774158000946,
      "conversation_count": 1,
      "avg_score": 0.17811935395002365
    },
    "instruction_following": {
      "matched": 0,
      "score_sum": 0.0,
      "conversation_count": 0
    }
  }
}