{
  "conversation_id": 1198,
  "matched": 11,
  "total_reference": 11,
  "avg_score": 0.39390909090909093,
  "avg_point_diff": 3.3636363636363638,
  "axis_stats": {
    "completeness": {
      "matched": 0,
      "score_sum": 0.0,
      "conversation_count": 0
    },
    "accuracy": {
      "matched": 3,
      "score_sum": 1.2691537022590638,
      "conversation_count": 1,
      "avg_score": 0.4230512340863546
    },
    "context_awareness": {
      "matched": 0,
      "score_sum": 0.0,
      "conversation_count": 0
    },
    "communication_quality": {
      "matched": 3,
      "score_sum": 1.4646281957626344,
      "conversation_count": 1,
      "avg_score": 0.4882093985875448
    },
    "instruction_following": {
      "matched": 5,
      "score_sum": 1.5992217361927032,
      "conversation_count": 1,
      "avg_score": 0.31984434723854066
    }
  }
}