{
  "conversation_id": 606,
  "matched": 14,
  "total_reference": 14,
  "avg_score": 0.18771428571428572,
  "avg_point_diff": 8.857142857142858,
  "axis_stats": {
    "completeness": {
      "matched": 8,
      "score_sum": 1.260584443807602,
      "conversation_count": 1,
      "avg_score": 0.15757305547595024
    },
    "accuracy": {
      "matched": 2,
      "score_sum": 0.9709741771221161,
      "conversation_count": 1,
      "avg_score": 0.48548708856105804
    },
    "context_awareness": {
      "matched": 4,
      "score_sum": 0.39722850918769836,
      "conversation_count": 1,
      "avg_score": 0.09930712729692459
    },
    "communication_quality": {
      "matched": 0,
      "score_sum": 0.0,
      "conversation_count": 0
    },
    "instruction_following": {
      "matched": 0,
      "score_sum": 0.0,
      "conversation_count": 0
    }
  }
}