{
  "conversation_id": 1886,
  "matched": 12,
  "total_reference": 12,
  "avg_score": 0.4166666666666666,
  "avg_point_diff": 4.083333333333333,
  "axis_stats": {
    "completeness": {
      "matched": 7,
      "score_sum": 3.3525228798389435,
      "conversation_count": 1,
      "avg_score": 0.4789318399769919
    },
    "accuracy": {
      "matched": 2,
      "score_sum": 0.6253079175949097,
      "conversation_count": 1,
      "avg_score": 0.31265395879745483
    },
    "context_awareness": {
      "matched": 0,
      "score_sum": 0.0,
      "conversation_count": 0
    },
    "communication_quality": {
      "matched": 2,
      "score_sum": 0.530963122844696,
      "conversation_count": 1,
      "avg_score": 0.265481561422348
    },
    "instruction_following": {
      "matched": 1,
      "score_sum": 0.49195024371147156,
      "conversation_count": 1,
      "avg_score": 0.49195024371147156
    }
  }
}