{
  "conversation_id": 284,
  "matched": 12,
  "total_reference": 12,
  "avg_score": 0.32425,
  "avg_point_diff": 5.083333333333333,
  "axis_stats": {
    "completeness": {
      "matched": 4,
      "score_sum": 1.7578932762145996,
      "conversation_count": 1,
      "avg_score": 0.4394733190536499
    },
    "accuracy": {
      "matched": 3,
      "score_sum": 1.0657767951488495,
      "conversation_count": 1,
      "avg_score": 0.35525893171628314
    },
    "context_awareness": {
      "matched": 2,
      "score_sum": 0.3884474039077759,
      "conversation_count": 1,
      "avg_score": 0.19422370195388794
    },
    "communication_quality": {
      "matched": 3,
      "score_sum": 0.6795988380908966,
      "conversation_count": 1,
      "avg_score": 0.22653294603029886
    },
    "instruction_following": {
      "matched": 0,
      "score_sum": 0.0,
      "conversation_count": 0
    }
  }
}