{
  "conversation_id": 1891,
  "matched": 11,
  "total_reference": 11,
  "avg_score": 0.3762727272727273,
  "avg_point_diff": 3.8181818181818183,
  "axis_stats": {
    "completeness": {
      "matched": 5,
      "score_sum": 1.4570569694042206,
      "conversation_count": 1,
      "avg_score": 0.29141139388084414
    },
    "accuracy": {
      "matched": 1,
      "score_sum": 0.4869209825992584,
      "conversation_count": 1,
      "avg_score": 0.4869209825992584
    },
    "context_awareness": {
      "matched": 4,
      "score_sum": 1.9379398226737976,
      "conversation_count": 1,
      "avg_score": 0.4844849556684494
    },
    "communication_quality": {
      "matched": 1,
      "score_sum": 0.2568094730377197,
      "conversation_count": 1,
      "avg_score": 0.2568094730377197
    },
    "instruction_following": {
      "matched": 0,
      "score_sum": 0.0,
      "conversation_count": 0
    }
  }
}