{
  "conversation_id": 2553,
  "matched": 12,
  "total_reference": 12,
  "avg_score": 0.2930833333333333,
  "avg_point_diff": 6.083333333333333,
  "axis_stats": {
    "completeness": {
      "matched": 1,
      "score_sum": 0.5015486717224121,
      "conversation_count": 1,
      "avg_score": 0.5015486717224121
    },
    "accuracy": {
      "matched": 1,
      "score_sum": 0.49699386954307556,
      "conversation_count": 1,
      "avg_score": 0.49699386954307556
    },
    "context_awareness": {
      "matched": 8,
      "score_sum": 1.6588907599449159,
      "conversation_count": 1,
      "avg_score": 0.20736134499311448
    },
    "communication_quality": {
      "matched": 2,
      "score_sum": 0.8593267917633056,
      "conversation_count": 1,
      "avg_score": 0.4296633958816528
    },
    "instruction_following": {
      "matched": 0,
      "score_sum": 0.0,
      "conversation_count": 0
    }
  }
}