{
  "conversation_id": 182,
  "matched": 11,
  "total_reference": 11,
  "avg_score": 0.3761818181818182,
  "avg_point_diff": 4.545454545454546,
  "axis_stats": {
    "completeness": {
      "matched": 5,
      "score_sum": 2.0340110659599304,
      "conversation_count": 1,
      "avg_score": 0.40680221319198606
    },
    "accuracy": {
      "matched": 2,
      "score_sum": 0.3195262551307678,
      "conversation_count": 1,
      "avg_score": 0.1597631275653839
    },
    "context_awareness": {
      "matched": 1,
      "score_sum": 0.25585484504699707,
      "conversation_count": 1,
      "avg_score": 0.25585484504699707
    },
    "communication_quality": {
      "matched": 2,
      "score_sum": 0.7573568820953369,
      "conversation_count": 1,
      "avg_score": 0.37867844104766846
    },
    "instruction_following": {
      "matched": 1,
      "score_sum": 0.7712736129760742,
      "conversation_count": 1,
      "avg_score": 0.7712736129760742
    }
  }
}