{
  "conversation_id": 1828,
  "matched": 11,
  "total_reference": 11,
  "avg_score": 0.2700909090909091,
  "avg_point_diff": 6.0,
  "axis_stats": {
    "completeness": {
      "matched": 5,
      "score_sum": 1.0537732541561127,
      "conversation_count": 1,
      "avg_score": 0.21075465083122252
    },
    "accuracy": {
      "matched": 4,
      "score_sum": 1.052133482694626,
      "conversation_count": 1,
      "avg_score": 0.2630333706736565
    },
    "context_awareness": {
      "matched": 1,
      "score_sum": 0.4744133949279785,
      "conversation_count": 1,
      "avg_score": 0.4744133949279785
    },
    "communication_quality": {
      "matched": 0,
      "score_sum": 0.0,
      "conversation_count": 0
    },
    "instruction_following": {
      "matched": 1,
      "score_sum": 0.39056462049484253,
      "conversation_count": 1,
      "avg_score": 0.39056462049484253
    }
  }
}