{
  "conversation_id": 229,
  "matched": 13,
  "total_reference": 13,
  "avg_score": 0.3324615384615385,
  "avg_point_diff": 5.461538461538462,
  "axis_stats": {
    "completeness": {
      "matched": 8,
      "score_sum": 2.457538199424744,
      "conversation_count": 1,
      "avg_score": 0.307192274928093
    },
    "accuracy": {
      "matched": 3,
      "score_sum": 0.8139660060405731,
      "conversation_count": 1,
      "avg_score": 0.27132200201352435
    },
    "context_awareness": {
      "matched": 1,
      "score_sum": 0.5156584978103638,
      "conversation_count": 1,
      "avg_score": 0.5156584978103638
    },
    "communication_quality": {
      "matched": 1,
      "score_sum": 0.5336096286773682,
      "conversation_count": 1,
      "avg_score": 0.5336096286773682
    },
    "instruction_following": {
      "matched": 0,
      "score_sum": 0.0,
      "conversation_count": 0
    }
  }
}