{
  "conversation_id": 1552,
  "matched": 13,
  "total_reference": 13,
  "avg_score": 0.18915384615384612,
  "avg_point_diff": 7.769230769230769,
  "axis_stats": {
    "completeness": {
      "matched": 0,
      "score_sum": 0.0,
      "conversation_count": 0
    },
    "accuracy": {
      "matched": 5,
      "score_sum": 1.108942097425461,
      "conversation_count": 1,
      "avg_score": 0.22178841948509218
    },
    "context_awareness": {
      "matched": 3,
      "score_sum": 0.31631243228912354,
      "conversation_count": 1,
      "avg_score": 0.10543747742970784
    },
    "communication_quality": {
      "matched": 0,
      "score_sum": 0.0,
      "conversation_count": 0
    },
    "instruction_following": {
      "matched": 5,
      "score_sum": 1.0337810516357422,
      "conversation_count": 1,
      "avg_score": 0.20675621032714844
    }
  }
}