{
  "conversation_id": 153,
  "matched": 8,
  "total_reference": 8,
  "avg_score": 0.28474999999999995,
  "avg_point_diff": 6.125,
  "axis_stats": {
    "completeness": {
      "matched": 3,
      "score_sum": 0.41789475083351135,
      "conversation_count": 1,
      "avg_score": 0.13929825027783713
    },
    "accuracy": {
      "matched": 1,
      "score_sum": 0.36953994631767273,
      "conversation_count": 1,
      "avg_score": 0.36953994631767273
    },
    "context_awareness": {
      "matched": 1,
      "score_sum": 0.5197962522506714,
      "conversation_count": 1,
      "avg_score": 0.5197962522506714
    },
    "communication_quality": {
      "matched": 2,
      "score_sum": 0.9701474010944366,
      "conversation_count": 1,
      "avg_score": 0.4850737005472183
    },
    "instruction_following": {
      "matched": 1,
      "score_sum": 0.0,
      "conversation_count": 1,
      "avg_score": 0.0
    }
  }
}