{
  "conversation_id": 937,
  "matched": 14,
  "total_reference": 14,
  "avg_score": 0.15885714285714286,
  "avg_point_diff": 7.571428571428571,
  "axis_stats": {
    "completeness": {
      "matched": 5,
      "score_sum": 0.5899980366230011,
      "conversation_count": 1,
      "avg_score": 0.11799960732460021
    },
    "accuracy": {
      "matched": 6,
      "score_sum": 0.32991721034049987,
      "conversation_count": 1,
      "avg_score": 0.054986201723416644
    },
    "context_awareness": {
      "matched": 0,
      "score_sum": 0.0,
      "conversation_count": 0
    },
    "communication_quality": {
      "matched": 3,
      "score_sum": 1.3035706877708435,
      "conversation_count": 1,
      "avg_score": 0.4345235625902812
    },
    "instruction_following": {
      "matched": 0,
      "score_sum": 0.0,
      "conversation_count": 0
    }
  }
}