{
  "conversation_id": 2541,
  "matched": 14,
  "total_reference": 14,
  "avg_score": 0.344,
  "avg_point_diff": 6.428571428571429,
  "axis_stats": {
    "completeness": {
      "matched": 8,
      "score_sum": 3.5172149538993835,
      "conversation_count": 1,
      "avg_score": 0.43965186923742294
    },
    "accuracy": {
      "matched": 2,
      "score_sum": 0.3451148569583893,
      "conversation_count": 1,
      "avg_score": 0.17255742847919464
    },
    "context_awareness": {
      "matched": 2,
      "score_sum": 0.5639839172363281,
      "conversation_count": 1,
      "avg_score": 0.28199195861816406
    },
    "communication_quality": {
      "matched": 2,
      "score_sum": 0.3899918794631958,
      "conversation_count": 1,
      "avg_score": 0.1949959397315979
    },
    "instruction_following": {
      "matched": 0,
      "score_sum": 0.0,
      "conversation_count": 0
    }
  }
}