{
  "conversation_id": 702,
  "matched": 12,
  "total_reference": 12,
  "avg_score": 0.2124166666666667,
  "avg_point_diff": 8.5,
  "axis_stats": {
    "completeness": {
      "matched": 6,
      "score_sum": 0.8093414902687073,
      "conversation_count": 1,
      "avg_score": 0.1348902483781179
    },
    "accuracy": {
      "matched": 4,
      "score_sum": 0.8043969869613647,
      "conversation_count": 1,
      "avg_score": 0.2010992467403412
    },
    "context_awareness": {
      "matched": 1,
      "score_sum": 0.7240078449249268,
      "conversation_count": 1,
      "avg_score": 0.7240078449249268
    },
    "communication_quality": {
      "matched": 1,
      "score_sum": 0.2116537243127823,
      "conversation_count": 1,
      "avg_score": 0.2116537243127823
    },
    "instruction_following": {
      "matched": 0,
      "score_sum": 0.0,
      "conversation_count": 0
    }
  }
}