{
  "conversation_id": 1995,
  "matched": 13,
  "total_reference": 13,
  "avg_score": 0.21353846153846157,
  "avg_point_diff": 6.769230769230769,
  "axis_stats": {
    "completeness": {
      "matched": 7,
      "score_sum": 1.8078070878982544,
      "conversation_count": 1,
      "avg_score": 0.25825815541403635
    },
    "accuracy": {
      "matched": 1,
      "score_sum": 0.20425815582275392,
      "conversation_count": 1,
      "avg_score": 0.20425815582275392
    },
    "context_awareness": {
      "matched": 5,
      "score_sum": 0.7641531229019165,
      "conversation_count": 1,
      "avg_score": 0.1528306245803833
    },
    "communication_quality": {
      "matched": 0,
      "score_sum": 0.0,
      "conversation_count": 0
    },
    "instruction_following": {
      "matched": 0,
      "score_sum": 0.0,
      "conversation_count": 0
    }
  }
}