{
  "conversation_id": 2452,
  "matched": 15,
  "total_reference": 15,
  "avg_score": 0.4076666666666667,
  "avg_point_diff": 4.066666666666666,
  "axis_stats": {
    "completeness": {
      "matched": 8,
      "score_sum": 3.1123374104499817,
      "conversation_count": 1,
      "avg_score": 0.3890421763062477
    },
    "accuracy": {
      "matched": 2,
      "score_sum": 0.7602934539318085,
      "conversation_count": 1,
      "avg_score": 0.38014672696590424
    },
    "context_awareness": {
      "matched": 2,
      "score_sum": 0.31538116931915283,
      "conversation_count": 1,
      "avg_score": 0.15769058465957642
    },
    "communication_quality": {
      "matched": 1,
      "score_sum": 0.32298946380615234,
      "conversation_count": 1,
      "avg_score": 0.32298946380615234
    },
    "instruction_following": {
      "matched": 2,
      "score_sum": 1.603425920009613,
      "conversation_count": 1,
      "avg_score": 0.8017129600048065
    }
  }
}