{
  "conversation_id": 1543,
  "matched": 12,
  "total_reference": 12,
  "avg_score": 0.33666666666666667,
  "avg_point_diff": 6.5,
  "axis_stats": {
    "completeness": {
      "matched": 2,
      "score_sum": 0.5359857678413391,
      "conversation_count": 1,
      "avg_score": 0.26799288392066956
    },
    "accuracy": {
      "matched": 7,
      "score_sum": 2.8237160921096804,
      "conversation_count": 1,
      "avg_score": 0.4033880131585258
    },
    "context_awareness": {
      "matched": 2,
      "score_sum": 0.33972471952438354,
      "conversation_count": 1,
      "avg_score": 0.16986235976219177
    },
    "communication_quality": {
      "matched": 0,
      "score_sum": 0.0,
      "conversation_count": 0
    },
    "instruction_following": {
      "matched": 1,
      "score_sum": 0.33993130922317505,
      "conversation_count": 1,
      "avg_score": 0.33993130922317505
    }
  }
}