{
  "conversation_id": 2413,
  "matched": 12,
  "total_reference": 12,
  "avg_score": 0.28250000000000003,
  "avg_point_diff": 4.5,
  "axis_stats": {
    "completeness": {
      "matched": 4,
      "score_sum": 1.216481775045395,
      "conversation_count": 1,
      "avg_score": 0.3041204437613487
    },
    "accuracy": {
      "matched": 2,
      "score_sum": 0.5129138827323914,
      "conversation_count": 1,
      "avg_score": 0.2564569413661957
    },
    "context_awareness": {
      "matched": 2,
      "score_sum": 0.39778468012809753,
      "conversation_count": 1,
      "avg_score": 0.19889234006404877
    },
    "communication_quality": {
      "matched": 1,
      "score_sum": 0.26915435791015624,
      "conversation_count": 1,
      "avg_score": 0.26915435791015624
    },
    "instruction_following": {
      "matched": 3,
      "score_sum": 0.9942720681428909,
      "conversation_count": 1,
      "avg_score": 0.331424022714297
    }
  }
}