{
  "conversation_id": 1899,
  "matched": 14,
  "total_reference": 14,
  "avg_score": 0.26964285714285713,
  "avg_point_diff": 6.142857142857143,
  "axis_stats": {
    "completeness": {
      "matched": 7,
      "score_sum": 2.9518038034439087,
      "conversation_count": 1,
      "avg_score": 0.4216862576348441
    },
    "accuracy": {
      "matched": 5,
      "score_sum": 0.19845828413963318,
      "conversation_count": 1,
      "avg_score": 0.039691656827926636
    },
    "context_awareness": {
      "matched": 2,
      "score_sum": 0.6266100406646729,
      "conversation_count": 1,
      "avg_score": 0.3133050203323364
    },
    "communication_quality": {
      "matched": 0,
      "score_sum": 0.0,
      "conversation_count": 0
    },
    "instruction_following": {
      "matched": 0,
      "score_sum": 0.0,
      "conversation_count": 0
    }
  }
}