{
  "conversation_id": 1084,
  "matched": 10,
  "total_reference": 10,
  "avg_score": 0.271,
  "avg_point_diff": 6.2,
  "axis_stats": {
    "completeness": {
      "matched": 2,
      "score_sum": 0.4900200068950653,
      "conversation_count": 1,
      "avg_score": 0.24501000344753265
    },
    "accuracy": {
      "matched": 3,
      "score_sum": 0.3428407192230225,
      "conversation_count": 1,
      "avg_score": 0.1142802397410075
    },
    "context_awareness": {
      "matched": 4,
      "score_sum": 1.419153916835785,
      "conversation_count": 1,
      "avg_score": 0.35478847920894624
    },
    "communication_quality": {
      "matched": 0,
      "score_sum": 0.0,
      "conversation_count": 0
    },
    "instruction_following": {
      "matched": 1,
      "score_sum": 0.45727190375328064,
      "conversation_count": 1,
      "avg_score": 0.45727190375328064
    }
  }
}