{
  "conversation_id": 1804,
  "matched": 15,
  "total_reference": 15,
  "avg_score": 0.24659999999999999,
  "avg_point_diff": 7.066666666666666,
  "axis_stats": {
    "completeness": {
      "matched": 5,
      "score_sum": 0.9835479140281678,
      "conversation_count": 1,
      "avg_score": 0.19670958280563355
    },
    "accuracy": {
      "matched": 8,
      "score_sum": 2.158961749076843,
      "conversation_count": 1,
      "avg_score": 0.26987021863460536
    },
    "context_awareness": {
      "matched": 2,
      "score_sum": 0.5580809712409973,
      "conversation_count": 1,
      "avg_score": 0.27904048562049866
    },
    "communication_quality": {
      "matched": 0,
      "score_sum": 0.0,
      "conversation_count": 0
    },
    "instruction_following": {
      "matched": 0,
      "score_sum": 0.0,
      "conversation_count": 0
    }
  }
}