{
  "conversation_id": 2339,
  "matched": 10,
  "total_reference": 10,
  "avg_score": 0.31199999999999994,
  "avg_point_diff": 3.9,
  "axis_stats": {
    "completeness": {
      "matched": 2,
      "score_sum": 0.3487790822982788,
      "conversation_count": 1,
      "avg_score": 0.1743895411491394
    },
    "accuracy": {
      "matched": 4,
      "score_sum": 1.6955292224884033,
      "conversation_count": 1,
      "avg_score": 0.42388230562210083
    },
    "context_awareness": {
      "matched": 3,
      "score_sum": 0.6587536633014679,
      "conversation_count": 1,
      "avg_score": 0.21958455443382263
    },
    "communication_quality": {
      "matched": 1,
      "score_sum": 0.4172855317592621,
      "conversation_count": 1,
      "avg_score": 0.4172855317592621
    },
    "instruction_following": {
      "matched": 0,
      "score_sum": 0.0,
      "conversation_count": 0
    }
  }
}