{
  "conversation_id": 205,
  "matched": 11,
  "total_reference": 11,
  "avg_score": 0.2615454545454545,
  "avg_point_diff": 6.636363636363637,
  "axis_stats": {
    "completeness": {
      "matched": 0,
      "score_sum": 0.0,
      "conversation_count": 0
    },
    "accuracy": {
      "matched": 4,
      "score_sum": 0.35760730504989624,
      "conversation_count": 1,
      "avg_score": 0.08940182626247406
    },
    "context_awareness": {
      "matched": 1,
      "score_sum": 0.6954097747802734,
      "conversation_count": 1,
      "avg_score": 0.6954097747802734
    },
    "communication_quality": {
      "matched": 1,
      "score_sum": 0.504960834980011,
      "conversation_count": 1,
      "avg_score": 0.504960834980011
    },
    "instruction_following": {
      "matched": 5,
      "score_sum": 1.3184566795825958,
      "conversation_count": 1,
      "avg_score": 0.26369133591651917
    }
  }
}