{
  "conversation_id": 773,
  "matched": 15,
  "total_reference": 15,
  "avg_score": 0.29640000000000005,
  "avg_point_diff": 5.333333333333333,
  "axis_stats": {
    "completeness": {
      "matched": 3,
      "score_sum": 0.7618962824344635,
      "conversation_count": 1,
      "avg_score": 0.2539654274781545
    },
    "accuracy": {
      "matched": 4,
      "score_sum": 1.5696218311786652,
      "conversation_count": 1,
      "avg_score": 0.3924054577946663
    },
    "context_awareness": {
      "matched": 4,
      "score_sum": 1.1179346442222595,
      "conversation_count": 1,
      "avg_score": 0.2794836610555649
    },
    "communication_quality": {
      "matched": 0,
      "score_sum": 0.0,
      "conversation_count": 0
    },
    "instruction_following": {
      "matched": 4,
      "score_sum": 0.9964637160301208,
      "conversation_count": 1,
      "avg_score": 0.2491159290075302
    }
  }
}