{
  "conversation_id": 1567,
  "matched": 12,
  "total_reference": 12,
  "avg_score": 0.296,
  "avg_point_diff": 6.083333333333333,
  "axis_stats": {
    "completeness": {
      "matched": 6,
      "score_sum": 1.6978573203086853,
      "conversation_count": 1,
      "avg_score": 0.28297622005144757
    },
    "accuracy": {
      "matched": 0,
      "score_sum": 0.0,
      "conversation_count": 0
    },
    "context_awareness": {
      "matched": 3,
      "score_sum": 0.5929492712020874,
      "conversation_count": 1,
      "avg_score": 0.19764975706736246
    },
    "communication_quality": {
      "matched": 1,
      "score_sum": 0.4133988380432129,
      "conversation_count": 1,
      "avg_score": 0.4133988380432129
    },
    "instruction_following": {
      "matched": 2,
      "score_sum": 0.8481926321983337,
      "conversation_count": 1,
      "avg_score": 0.42409631609916687
    }
  }
}