{
  "conversation_id": 2616,
  "matched": 15,
  "total_reference": 15,
  "avg_score": 0.2642,
  "avg_point_diff": 7.066666666666666,
  "axis_stats": {
    "completeness": {
      "matched": 6,
      "score_sum": 2.131560802459717,
      "conversation_count": 1,
      "avg_score": 0.35526013374328613
    },
    "accuracy": {
      "matched": 3,
      "score_sum": 0.3091956377029419,
      "conversation_count": 1,
      "avg_score": 0.1030652125676473
    },
    "context_awareness": {
      "matched": 1,
      "score_sum": 0.578214704990387,
      "conversation_count": 1,
      "avg_score": 0.578214704990387
    },
    "communication_quality": {
      "matched": 5,
      "score_sum": 0.9443879008293152,
      "conversation_count": 1,
      "avg_score": 0.18887758016586303
    },
    "instruction_following": {
      "matched": 0,
      "score_sum": 0.0,
      "conversation_count": 0
    }
  }
}