{
  "conversation_id": 2480,
  "matched": 13,
  "total_reference": 13,
  "avg_score": 0.35500000000000004,
  "avg_point_diff": 5.384615384615385,
  "axis_stats": {
    "completeness": {
      "matched": 0,
      "score_sum": 0.0,
      "conversation_count": 0
    },
    "accuracy": {
      "matched": 3,
      "score_sum": 0.5766466856002808,
      "conversation_count": 1,
      "avg_score": 0.19221556186676025
    },
    "context_awareness": {
      "matched": 4,
      "score_sum": 2.0160435914993284,
      "conversation_count": 1,
      "avg_score": 0.5040108978748321
    },
    "communication_quality": {
      "matched": 1,
      "score_sum": 0.3818419277667999,
      "conversation_count": 1,
      "avg_score": 0.3818419277667999
    },
    "instruction_following": {
      "matched": 5,
      "score_sum": 1.6409832000732423,
      "conversation_count": 1,
      "avg_score": 0.32819664001464843
    }
  }
}