{
  "conversation_id": 2236,
  "matched": 14,
  "total_reference": 14,
  "avg_score": 0.29449999999999993,
  "avg_point_diff": 7.642857142857143,
  "axis_stats": {
    "completeness": {
      "matched": 4,
      "score_sum": 1.6440068483352661,
      "conversation_count": 1,
      "avg_score": 0.41100171208381653
    },
    "accuracy": {
      "matched": 5,
      "score_sum": 1.016677975654602,
      "conversation_count": 1,
      "avg_score": 0.20333559513092042
    },
    "context_awareness": {
      "matched": 3,
      "score_sum": 0.9742338061332703,
      "conversation_count": 1,
      "avg_score": 0.3247446020444234
    },
    "communication_quality": {
      "matched": 2,
      "score_sum": 0.48833322525024414,
      "conversation_count": 1,
      "avg_score": 0.24416661262512207
    },
    "instruction_following": {
      "matched": 0,
      "score_sum": 0.0,
      "conversation_count": 0
    }
  }
}