{
  "conversation_id": 1400,
  "matched": 11,
  "total_reference": 11,
  "avg_score": 0.38536363636363635,
  "avg_point_diff": 5.090909090909091,
  "axis_stats": {
    "completeness": {
      "matched": 7,
      "score_sum": 2.8474093675613403,
      "conversation_count": 1,
      "avg_score": 0.4067727667944772
    },
    "accuracy": {
      "matched": 2,
      "score_sum": 0.5411416292190552,
      "conversation_count": 1,
      "avg_score": 0.2705708146095276
    },
    "context_awareness": {
      "matched": 1,
      "score_sum": 0.5411416292190552,
      "conversation_count": 1,
      "avg_score": 0.5411416292190552
    },
    "communication_quality": {
      "matched": 1,
      "score_sum": 0.3100678324699402,
      "conversation_count": 1,
      "avg_score": 0.3100678324699402
    },
    "instruction_following": {
      "matched": 0,
      "score_sum": 0.0,
      "conversation_count": 0
    }
  }
}