{
  "conversation_id": 1551,
  "matched": 10,
  "total_reference": 10,
  "avg_score": 0.36160000000000003,
  "avg_point_diff": 4.8,
  "axis_stats": {
    "completeness": {
      "matched": 1,
      "score_sum": 0.4263617992401123,
      "conversation_count": 1,
      "avg_score": 0.4263617992401123
    },
    "accuracy": {
      "matched": 0,
      "score_sum": 0.0,
      "conversation_count": 0
    },
    "context_awareness": {
      "matched": 5,
      "score_sum": 2.1207833528518676,
      "conversation_count": 1,
      "avg_score": 0.42415667057037354
    },
    "communication_quality": {
      "matched": 1,
      "score_sum": 0.2924655079841614,
      "conversation_count": 1,
      "avg_score": 0.2924655079841614
    },
    "instruction_following": {
      "matched": 3,
      "score_sum": 0.7774273455142975,
      "conversation_count": 1,
      "avg_score": 0.2591424485047658
    }
  }
}