{
  "conversation_id": 2287,
  "matched": 11,
  "total_reference": 11,
  "avg_score": 0.4487272727272727,
  "avg_point_diff": 3.5454545454545454,
  "axis_stats": {
    "completeness": {
      "matched": 6,
      "score_sum": 2.3591712415218353,
      "conversation_count": 1,
      "avg_score": 0.3931952069203059
    },
    "accuracy": {
      "matched": 1,
      "score_sum": 0.5197607278823853,
      "conversation_count": 1,
      "avg_score": 0.5197607278823853
    },
    "context_awareness": {
      "matched": 3,
      "score_sum": 1.5145353376865387,
      "conversation_count": 1,
      "avg_score": 0.5048451125621796
    },
    "communication_quality": {
      "matched": 1,
      "score_sum": 0.5423741340637207,
      "conversation_count": 1,
      "avg_score": 0.5423741340637207
    },
    "instruction_following": {
      "matched": 0,
      "score_sum": 0.0,
      "conversation_count": 0
    }
  }
}