{
  "conversation_id": 1909,
  "matched": 12,
  "total_reference": 12,
  "avg_score": 0.18941666666666668,
  "avg_point_diff": 6.833333333333333,
  "axis_stats": {
    "completeness": {
      "matched": 3,
      "score_sum": 0.43907567858695984,
      "conversation_count": 1,
      "avg_score": 0.1463585595289866
    },
    "accuracy": {
      "matched": 4,
      "score_sum": 0.26886630058288574,
      "conversation_count": 1,
      "avg_score": 0.06721657514572144
    },
    "context_awareness": {
      "matched": 1,
      "score_sum": 0.3347771167755127,
      "conversation_count": 1,
      "avg_score": 0.3347771167755127
    },
    "communication_quality": {
      "matched": 2,
      "score_sum": 0.9418831467628479,
      "conversation_count": 1,
      "avg_score": 0.47094157338142395
    },
    "instruction_following": {
      "matched": 2,
      "score_sum": 0.2878953516483307,
      "conversation_count": 1,
      "avg_score": 0.14394767582416534
    }
  }
}