{
  "conversation_id": 2084,
  "matched": 13,
  "total_reference": 13,
  "avg_score": 0.24623076923076923,
  "avg_point_diff": 7.538461538461538,
  "axis_stats": {
    "completeness": {
      "matched": 4,
      "score_sum": 1.817933201789856,
      "conversation_count": 1,
      "avg_score": 0.454483300447464
    },
    "accuracy": {
      "matched": 4,
      "score_sum": 0.47226670384407043,
      "conversation_count": 1,
      "avg_score": 0.11806667596101761
    },
    "context_awareness": {
      "matched": 1,
      "score_sum": 0.6367495656013489,
      "conversation_count": 1,
      "avg_score": 0.6367495656013489
    },
    "communication_quality": {
      "matched": 3,
      "score_sum": 0.2742583155632019,
      "conversation_count": 1,
      "avg_score": 0.0914194385210673
    },
    "instruction_following": {
      "matched": 1,
      "score_sum": 0.0,
      "conversation_count": 1,
      "avg_score": 0.0
    }
  }
}