{
  "conversation_id": 364,
  "matched": 11,
  "total_reference": 11,
  "avg_score": 0.307,
  "avg_point_diff": 5.545454545454546,
  "axis_stats": {
    "completeness": {
      "matched": 3,
      "score_sum": 1.81485253572464,
      "conversation_count": 1,
      "avg_score": 0.6049508452415466
    },
    "accuracy": {
      "matched": 5,
      "score_sum": 0.6791344881057739,
      "conversation_count": 1,
      "avg_score": 0.1358268976211548
    },
    "context_awareness": {
      "matched": 1,
      "score_sum": 0.411979615688324,
      "conversation_count": 1,
      "avg_score": 0.411979615688324
    },
    "communication_quality": {
      "matched": 0,
      "score_sum": 0.0,
      "conversation_count": 0
    },
    "instruction_following": {
      "matched": 2,
      "score_sum": 0.47140491008758545,
      "conversation_count": 1,
      "avg_score": 0.23570245504379272
    }
  }
}