{
  "conversation_id": 28,
  "matched": 8,
  "total_reference": 8,
  "avg_score": 0.5435000000000001,
  "avg_point_diff": 2.0,
  "axis_stats": {
    "completeness": {
      "matched": 5,
      "score_sum": 2.7992875576019287,
      "conversation_count": 1,
      "avg_score": 0.5598575115203858
    },
    "accuracy": {
      "matched": 1,
      "score_sum": 0.4265456795692444,
      "conversation_count": 1,
      "avg_score": 0.4265456795692444
    },
    "context_awareness": {
      "matched": 0,
      "score_sum": 0.0,
      "conversation_count": 0
    },
    "communication_quality": {
      "matched": 1,
      "score_sum": 0.45934948325157166,
      "conversation_count": 1,
      "avg_score": 0.45934948325157166
    },
    "instruction_following": {
      "matched": 1,
      "score_sum": 0.6618690490722656,
      "conversation_count": 1,
      "avg_score": 0.6618690490722656
    }
  }
}