{
  "conversation_id": 648,
  "matched": 11,
  "total_reference": 11,
  "avg_score": 0.24681818181818185,
  "avg_point_diff": 6.909090909090909,
  "axis_stats": {
    "completeness": {
      "matched": 3,
      "score_sum": 0.5904726982116699,
      "conversation_count": 1,
      "avg_score": 0.1968242327372233
    },
    "accuracy": {
      "matched": 0,
      "score_sum": 0.0,
      "conversation_count": 0
    },
    "context_awareness": {
      "matched": 4,
      "score_sum": 1.0992880463600159,
      "conversation_count": 1,
      "avg_score": 0.27482201159000397
    },
    "communication_quality": {
      "matched": 2,
      "score_sum": 0.4496525451540947,
      "conversation_count": 1,
      "avg_score": 0.22482627257704735
    },
    "instruction_following": {
      "matched": 2,
      "score_sum": 0.5750948786735535,
      "conversation_count": 1,
      "avg_score": 0.28754743933677673
    }
  }
}