{
  "conversation_id": 383,
  "matched": 11,
  "total_reference": 11,
  "avg_score": 0.36690909090909085,
  "avg_point_diff": 5.0,
  "axis_stats": {
    "completeness": {
      "matched": 3,
      "score_sum": 1.878897249698639,
      "conversation_count": 1,
      "avg_score": 0.6262990832328796
    },
    "accuracy": {
      "matched": 6,
      "score_sum": 1.5765889883041382,
      "conversation_count": 1,
      "avg_score": 0.262764831384023
    },
    "context_awareness": {
      "matched": 1,
      "score_sum": 0.27583006024360657,
      "conversation_count": 1,
      "avg_score": 0.27583006024360657
    },
    "communication_quality": {
      "matched": 1,
      "score_sum": 0.3048955202102661,
      "conversation_count": 1,
      "avg_score": 0.3048955202102661
    },
    "instruction_following": {
      "matched": 0,
      "score_sum": 0.0,
      "conversation_count": 0
    }
  }
}