{
  "conversation_id": 620,
  "matched": 15,
  "total_reference": 15,
  "avg_score": 0.20206666666666664,
  "avg_point_diff": 7.933333333333334,
  "axis_stats": {
    "completeness": {
      "matched": 2,
      "score_sum": 0.7524459362030029,
      "conversation_count": 1,
      "avg_score": 0.37622296810150146
    },
    "accuracy": {
      "matched": 7,
      "score_sum": 1.292718529701233,
      "conversation_count": 1,
      "avg_score": 0.1846740756716047
    },
    "context_awareness": {
      "matched": 5,
      "score_sum": 0.8058263659477234,
      "conversation_count": 1,
      "avg_score": 0.16116527318954468
    },
    "communication_quality": {
      "matched": 1,
      "score_sum": 0.17941820621490479,
      "conversation_count": 1,
      "avg_score": 0.17941820621490479
    },
    "instruction_following": {
      "matched": 0,
      "score_sum": 0.0,
      "conversation_count": 0
    }
  }
}