{
  "conversation_id": 35,
  "matched": 11,
  "total_reference": 11,
  "avg_score": 0.22990909090909095,
  "avg_point_diff": 6.090909090909091,
  "axis_stats": {
    "completeness": {
      "matched": 1,
      "score_sum": 0.39149829745292664,
      "conversation_count": 1,
      "avg_score": 0.39149829745292664
    },
    "accuracy": {
      "matched": 7,
      "score_sum": 1.2881019562482834,
      "conversation_count": 1,
      "avg_score": 0.1840145651783262
    },
    "context_awareness": {
      "matched": 1,
      "score_sum": 0.4991750717163086,
      "conversation_count": 1,
      "avg_score": 0.4991750717163086
    },
    "communication_quality": {
      "matched": 0,
      "score_sum": 0.0,
      "conversation_count": 0
    },
    "instruction_following": {
      "matched": 2,
      "score_sum": 0.35096627473831177,
      "conversation_count": 1,
      "avg_score": 0.17548313736915588
    }
  }
}