{
  "conversation_id": 50,
  "matched": 14,
  "total_reference": 14,
  "avg_score": 0.16964285714285715,
  "avg_point_diff": 7.785714285714286,
  "axis_stats": {
    "completeness": {
      "matched": 0,
      "score_sum": 0.0,
      "conversation_count": 0
    },
    "accuracy": {
      "matched": 10,
      "score_sum": 1.6775380671024323,
      "conversation_count": 1,
      "avg_score": 0.16775380671024323
    },
    "context_awareness": {
      "matched": 2,
      "score_sum": 0.4631761908531189,
      "conversation_count": 1,
      "avg_score": 0.23158809542655945
    },
    "communication_quality": {
      "matched": 0,
      "score_sum": 0.0,
      "conversation_count": 0
    },
    "instruction_following": {
      "matched": 2,
      "score_sum": 0.2338282585144043,
      "conversation_count": 1,
      "avg_score": 0.11691412925720215
    }
  }
}