{
  "conversation_id": 148,
  "matched": 10,
  "total_reference": 10,
  "avg_score": 0.2406,
  "avg_point_diff": 5.8,
  "axis_stats": {
    "completeness": {
      "matched": 4,
      "score_sum": 0.9712639153003693,
      "conversation_count": 1,
      "avg_score": 0.24281597882509232
    },
    "accuracy": {
      "matched": 2,
      "score_sum": 0.28106850385665894,
      "conversation_count": 1,
      "avg_score": 0.14053425192832947
    },
    "context_awareness": {
      "matched": 3,
      "score_sum": 0.8995850086212158,
      "conversation_count": 1,
      "avg_score": 0.2998616695404053
    },
    "communication_quality": {
      "matched": 0,
      "score_sum": 0.0,
      "conversation_count": 0
    },
    "instruction_following": {
      "matched": 1,
      "score_sum": 0.25507688522338867,
      "conversation_count": 1,
      "avg_score": 0.25507688522338867
    }
  }
}