{
  "conversation_id": 297,
  "matched": 15,
  "total_reference": 15,
  "avg_score": 0.12873333333333334,
  "avg_point_diff": 10.733333333333333,
  "axis_stats": {
    "completeness": {
      "matched": 7,
      "score_sum": 0.2768460512161255,
      "conversation_count": 1,
      "avg_score": 0.039549435888017924
    },
    "accuracy": {
      "matched": 4,
      "score_sum": 0.23439708352088928,
      "conversation_count": 1,
      "avg_score": 0.05859927088022232
    },
    "context_awareness": {
      "matched": 3,
      "score_sum": 0.44340211153030396,
      "conversation_count": 1,
      "avg_score": 0.14780070384343466
    },
    "communication_quality": {
      "matched": 1,
      "score_sum": 0.9773571491241455,
      "conversation_count": 1,
      "avg_score": 0.9773571491241455
    },
    "instruction_following": {
      "matched": 0,
      "score_sum": 0.0,
      "conversation_count": 0
    }
  }
}