{
  "conversation_id": 717,
  "matched": 14,
  "total_reference": 14,
  "avg_score": 0.3736428571428571,
  "avg_point_diff": 3.5,
  "axis_stats": {
    "completeness": {
      "matched": 3,
      "score_sum": 1.025664746761322,
      "conversation_count": 1,
      "avg_score": 0.3418882489204407
    },
    "accuracy": {
      "matched": 3,
      "score_sum": 1.0608898401260376,
      "conversation_count": 1,
      "avg_score": 0.3536299467086792
    },
    "context_awareness": {
      "matched": 5,
      "score_sum": 2.2058154940605164,
      "conversation_count": 1,
      "avg_score": 0.44116309881210325
    },
    "communication_quality": {
      "matched": 0,
      "score_sum": 0.0,
      "conversation_count": 0
    },
    "instruction_following": {
      "matched": 3,
      "score_sum": 0.9379924237728119,
      "conversation_count": 1,
      "avg_score": 0.31266414125760394
    }
  }
}