{
  "conversation_id": 75,
  "matched": 11,
  "total_reference": 11,
  "avg_score": 0.4075454545454545,
  "avg_point_diff": 3.909090909090909,
  "axis_stats": {
    "completeness": {
      "matched": 3,
      "score_sum": 1.8758199214935303,
      "conversation_count": 1,
      "avg_score": 0.6252733071645101
    },
    "accuracy": {
      "matched": 5,
      "score_sum": 2.0426329135894776,
      "conversation_count": 1,
      "avg_score": 0.40852658271789555
    },
    "context_awareness": {
      "matched": 2,
      "score_sum": 0.35260748863220215,
      "conversation_count": 1,
      "avg_score": 0.17630374431610107
    },
    "communication_quality": {
      "matched": 1,
      "score_sum": 0.2117161899805069,
      "conversation_count": 1,
      "avg_score": 0.2117161899805069
    },
    "instruction_following": {
      "matched": 0,
      "score_sum": 0.0,
      "conversation_count": 0
    }
  }
}