{
  "conversation_id": 1447,
  "matched": 8,
  "total_reference": 8,
  "avg_score": 0.1975,
  "avg_point_diff": 3.375,
  "axis_stats": {
    "completeness": {
      "matched": 2,
      "score_sum": 0.29517245292663574,
      "conversation_count": 1,
      "avg_score": 0.14758622646331787
    },
    "accuracy": {
      "matched": 4,
      "score_sum": 0.8588003814220428,
      "conversation_count": 1,
      "avg_score": 0.2147000953555107
    },
    "context_awareness": {
      "matched": 0,
      "score_sum": 0.0,
      "conversation_count": 0
    },
    "communication_quality": {
      "matched": 1,
      "score_sum": 0.22489085793495178,
      "conversation_count": 1,
      "avg_score": 0.22489085793495178
    },
    "instruction_following": {
      "matched": 1,
      "score_sum": 0.20132464170455933,
      "conversation_count": 1,
      "avg_score": 0.20132464170455933
    }
  }
}