{
  "conversation_id": 1341,
  "matched": 12,
  "total_reference": 12,
  "avg_score": 0.43158333333333326,
  "avg_point_diff": 2.9166666666666665,
  "axis_stats": {
    "completeness": {
      "matched": 4,
      "score_sum": 2.46415576338768,
      "conversation_count": 1,
      "avg_score": 0.61603894084692
    },
    "accuracy": {
      "matched": 5,
      "score_sum": 1.6039252281188965,
      "conversation_count": 1,
      "avg_score": 0.3207850456237793
    },
    "context_awareness": {
      "matched": 1,
      "score_sum": 0.41469576954841614,
      "conversation_count": 1,
      "avg_score": 0.41469576954841614
    },
    "communication_quality": {
      "matched": 1,
      "score_sum": 0.3328012228012085,
      "conversation_count": 1,
      "avg_score": 0.3328012228012085
    },
    "instruction_following": {
      "matched": 1,
      "score_sum": 0.36104099750518803,
      "conversation_count": 1,
      "avg_score": 0.36104099750518803
    }
  }
}