{
  "conversation_id": 1399,
  "matched": 13,
  "total_reference": 13,
  "avg_score": 0.3856153846153846,
  "avg_point_diff": 4.6923076923076925,
  "axis_stats": {
    "completeness": {
      "matched": 0,
      "score_sum": 0.0,
      "conversation_count": 0
    },
    "accuracy": {
      "matched": 11,
      "score_sum": 4.2167083621025085,
      "conversation_count": 1,
      "avg_score": 0.3833371238275008
    },
    "context_awareness": {
      "matched": 1,
      "score_sum": 0.31386704444885255,
      "conversation_count": 1,
      "avg_score": 0.31386704444885255
    },
    "communication_quality": {
      "matched": 0,
      "score_sum": 0.0,
      "conversation_count": 0
    },
    "instruction_following": {
      "matched": 1,
      "score_sum": 0.48353344202041626,
      "conversation_count": 1,
      "avg_score": 0.48353344202041626
    }
  }
}