{
  "conversation_id": 1366,
  "matched": 8,
  "total_reference": 8,
  "avg_score": 0.18025000000000002,
  "avg_point_diff": 6.625,
  "axis_stats": {
    "completeness": {
      "matched": 2,
      "score_sum": 0.4003605246543884,
      "conversation_count": 1,
      "avg_score": 0.2001802623271942
    },
    "accuracy": {
      "matched": 1,
      "score_sum": 0.0,
      "conversation_count": 1,
      "avg_score": 0.0
    },
    "context_awareness": {
      "matched": 1,
      "score_sum": 0.5262402296066284,
      "conversation_count": 1,
      "avg_score": 0.5262402296066284
    },
    "communication_quality": {
      "matched": 3,
      "score_sum": 0.12804416418075562,
      "conversation_count": 1,
      "avg_score": 0.042681388060251874
    },
    "instruction_following": {
      "matched": 1,
      "score_sum": 0.3884362936019898,
      "conversation_count": 1,
      "avg_score": 0.3884362936019898
    }
  }
}