{
  "conversation_id": 1655,
  "matched": 10,
  "total_reference": 10,
  "avg_score": 0.2771,
  "avg_point_diff": 3.9,
  "axis_stats": {
    "completeness": {
      "matched": 2,
      "score_sum": 0.3183024674654007,
      "conversation_count": 1,
      "avg_score": 0.15915123373270035
    },
    "accuracy": {
      "matched": 1,
      "score_sum": 0.3878055810928345,
      "conversation_count": 1,
      "avg_score": 0.3878055810928345
    },
    "context_awareness": {
      "matched": 5,
      "score_sum": 1.2173166573047638,
      "conversation_count": 1,
      "avg_score": 0.24346333146095275
    },
    "communication_quality": {
      "matched": 0,
      "score_sum": 0.0,
      "conversation_count": 0
    },
    "instruction_following": {
      "matched": 2,
      "score_sum": 0.8481926321983337,
      "conversation_count": 1,
      "avg_score": 0.42409631609916687
    }
  }
}