{
  "conversation_id": 1370,
  "matched": 13,
  "total_reference": 13,
  "avg_score": 0.21984615384615386,
  "avg_point_diff": 6.6923076923076925,
  "axis_stats": {
    "completeness": {
      "matched": 2,
      "score_sum": 0.4971042275428772,
      "conversation_count": 1,
      "avg_score": 0.2485521137714386
    },
    "accuracy": {
      "matched": 10,
      "score_sum": 1.8627571523189546,
      "conversation_count": 1,
      "avg_score": 0.18627571523189546
    },
    "context_awareness": {
      "matched": 1,
      "score_sum": 0.4991750717163086,
      "conversation_count": 1,
      "avg_score": 0.4991750717163086
    },
    "communication_quality": {
      "matched": 0,
      "score_sum": 0.0,
      "conversation_count": 0
    },
    "instruction_following": {
      "matched": 0,
      "score_sum": 0.0,
      "conversation_count": 0
    }
  }
}