{
  "conversation_id": 1088,
  "matched": 13,
  "total_reference": 13,
  "avg_score": 0.47330769230769226,
  "avg_point_diff": 4.461538461538462,
  "axis_stats": {
    "completeness": {
      "matched": 7,
      "score_sum": 3.4568782448768616,
      "conversation_count": 1,
      "avg_score": 0.4938397492681231
    },
    "accuracy": {
      "matched": 3,
      "score_sum": 0.970918744802475,
      "conversation_count": 1,
      "avg_score": 0.323639581600825
    },
    "context_awareness": {
      "matched": 2,
      "score_sum": 1.3832857608795166,
      "conversation_count": 1,
      "avg_score": 0.6916428804397583
    },
    "communication_quality": {
      "matched": 1,
      "score_sum": 0.3421827256679535,
      "conversation_count": 1,
      "avg_score": 0.3421827256679535
    },
    "instruction_following": {
      "matched": 0,
      "score_sum": 0.0,
      "conversation_count": 0
    }
  }
}