{
  "conversation_id": 619,
  "matched": 8,
  "total_reference": 8,
  "avg_score": 0.40462499999999996,
  "avg_point_diff": 3.25,
  "axis_stats": {
    "completeness": {
      "matched": 4,
      "score_sum": 2.2878325283527374,
      "conversation_count": 1,
      "avg_score": 0.5719581320881844
    },
    "accuracy": {
      "matched": 2,
      "score_sum": 0.3549111485481262,
      "conversation_count": 1,
      "avg_score": 0.1774555742740631
    },
    "context_awareness": {
      "matched": 1,
      "score_sum": 0.2158776819705963,
      "conversation_count": 1,
      "avg_score": 0.2158776819705963
    },
    "communication_quality": {
      "matched": 1,
      "score_sum": 0.3789701461791992,
      "conversation_count": 1,
      "avg_score": 0.3789701461791992
    },
    "instruction_following": {
      "matched": 0,
      "score_sum": 0.0,
      "conversation_count": 0
    }
  }
}