{
  "conversation_id": 2193,
  "matched": 15,
  "total_reference": 15,
  "avg_score": 0.3032666666666667,
  "avg_point_diff": 5.333333333333333,
  "axis_stats": {
    "completeness": {
      "matched": 2,
      "score_sum": 0.40542536973953247,
      "conversation_count": 1,
      "avg_score": 0.20271268486976624
    },
    "accuracy": {
      "matched": 10,
      "score_sum": 3.589177167415619,
      "conversation_count": 1,
      "avg_score": 0.3589177167415619
    },
    "context_awareness": {
      "matched": 1,
      "score_sum": 0.2151690125465393,
      "conversation_count": 1,
      "avg_score": 0.2151690125465393
    },
    "communication_quality": {
      "matched": 1,
      "score_sum": 0.3391709327697754,
      "conversation_count": 1,
      "avg_score": 0.3391709327697754
    },
    "instruction_following": {
      "matched": 1,
      "score_sum": 0.0,
      "conversation_count": 1,
      "avg_score": 0.0
    }
  }
}