{
  "conversation_id": 1934,
  "matched": 12,
  "total_reference": 12,
  "avg_score": 0.46433333333333326,
  "avg_point_diff": 4.333333333333333,
  "axis_stats": {
    "completeness": {
      "matched": 6,
      "score_sum": 2.2208065509796144,
      "conversation_count": 1,
      "avg_score": 0.37013442516326905
    },
    "accuracy": {
      "matched": 2,
      "score_sum": 1.1801526248455048,
      "conversation_count": 1,
      "avg_score": 0.5900763124227524
    },
    "context_awareness": {
      "matched": 3,
      "score_sum": 1.5615886926651001,
      "conversation_count": 1,
      "avg_score": 0.5205295642217
    },
    "communication_quality": {
      "matched": 0,
      "score_sum": 0.0,
      "conversation_count": 0
    },
    "instruction_following": {
      "matched": 1,
      "score_sum": 0.6114874482154846,
      "conversation_count": 1,
      "avg_score": 0.6114874482154846
    }
  }
}