{
  "conversation_id": 1434,
  "matched": 11,
  "total_reference": 11,
  "avg_score": 0.26772727272727276,
  "avg_point_diff": 5.0,
  "axis_stats": {
    "completeness": {
      "matched": 2,
      "score_sum": 0.9975339531898499,
      "conversation_count": 1,
      "avg_score": 0.49876697659492497
    },
    "accuracy": {
      "matched": 5,
      "score_sum": 1.2273202240467072,
      "conversation_count": 1,
      "avg_score": 0.24546404480934142
    },
    "context_awareness": {
      "matched": 1,
      "score_sum": 0.2617238163948059,
      "conversation_count": 1,
      "avg_score": 0.2617238163948059
    },
    "communication_quality": {
      "matched": 2,
      "score_sum": 0.0,
      "conversation_count": 1,
      "avg_score": 0.0
    },
    "instruction_following": {
      "matched": 1,
      "score_sum": 0.45652031898498535,
      "conversation_count": 1,
      "avg_score": 0.45652031898498535
    }
  }
}