{
  "conversation_id": 2180,
  "matched": 13,
  "total_reference": 13,
  "avg_score": 0.42238461538461536,
  "avg_point_diff": 5.384615384615385,
  "axis_stats": {
    "completeness": {
      "matched": 5,
      "score_sum": 2.761073410511017,
      "conversation_count": 1,
      "avg_score": 0.5522146821022034
    },
    "accuracy": {
      "matched": 3,
      "score_sum": 1.1565043687820435,
      "conversation_count": 1,
      "avg_score": 0.38550145626068116
    },
    "context_awareness": {
      "matched": 1,
      "score_sum": 0.0,
      "conversation_count": 1,
      "avg_score": 0.0
    },
    "communication_quality": {
      "matched": 3,
      "score_sum": 1.1972085237503052,
      "conversation_count": 1,
      "avg_score": 0.3990695079167684
    },
    "instruction_following": {
      "matched": 1,
      "score_sum": 0.37430986762046814,
      "conversation_count": 1,
      "avg_score": 0.37430986762046814
    }
  }
}