{
  "conversation_id": 1108,
  "matched": 8,
  "total_reference": 8,
  "avg_score": 0.47137500000000004,
  "avg_point_diff": 4.375,
  "axis_stats": {
    "completeness": {
      "matched": 1,
      "score_sum": 0.712885320186615,
      "conversation_count": 1,
      "avg_score": 0.712885320186615
    },
    "accuracy": {
      "matched": 4,
      "score_sum": 1.2932739853858948,
      "conversation_count": 1,
      "avg_score": 0.3233184963464737
    },
    "context_awareness": {
      "matched": 1,
      "score_sum": 0.5429690480232239,
      "conversation_count": 1,
      "avg_score": 0.5429690480232239
    },
    "communication_quality": {
      "matched": 2,
      "score_sum": 1.2212867736816406,
      "conversation_count": 1,
      "avg_score": 0.6106433868408203
    },
    "instruction_following": {
      "matched": 0,
      "score_sum": 0.0,
      "conversation_count": 0
    }
  }
}