{
  "conversation_id": 734,
  "matched": 9,
  "total_reference": 9,
  "avg_score": 0.2917777777777778,
  "avg_point_diff": 4.444444444444445,
  "axis_stats": {
    "completeness": {
      "matched": 2,
      "score_sum": 0.8147457242012024,
      "conversation_count": 1,
      "avg_score": 0.4073728621006012
    },
    "accuracy": {
      "matched": 1,
      "score_sum": 0.32570481300354004,
      "conversation_count": 1,
      "avg_score": 0.32570481300354004
    },
    "context_awareness": {
      "matched": 3,
      "score_sum": 1.1853714525699615,
      "conversation_count": 1,
      "avg_score": 0.3951238175233205
    },
    "communication_quality": {
      "matched": 1,
      "score_sum": 0.0,
      "conversation_count": 1,
      "avg_score": 0.0
    },
    "instruction_following": {
      "matched": 2,
      "score_sum": 0.2995445132255554,
      "conversation_count": 1,
      "avg_score": 0.1497722566127777
    }
  }
}