{
  "conversation_id": 1393,
  "matched": 14,
  "total_reference": 14,
  "avg_score": 0.261,
  "avg_point_diff": 7.285714285714286,
  "axis_stats": {
    "completeness": {
      "matched": 8,
      "score_sum": 2.294845163822174,
      "conversation_count": 1,
      "avg_score": 0.28685564547777176
    },
    "accuracy": {
      "matched": 3,
      "score_sum": 0.3557891249656677,
      "conversation_count": 1,
      "avg_score": 0.11859637498855591
    },
    "context_awareness": {
      "matched": 1,
      "score_sum": 0.5321954488754272,
      "conversation_count": 1,
      "avg_score": 0.5321954488754272
    },
    "communication_quality": {
      "matched": 2,
      "score_sum": 0.47125905752182007,
      "conversation_count": 1,
      "avg_score": 0.23562952876091003
    },
    "instruction_following": {
      "matched": 0,
      "score_sum": 0.0,
      "conversation_count": 0
    }
  }
}