{
  "conversation_id": 866,
  "matched": 14,
  "total_reference": 14,
  "avg_score": 0.45999999999999996,
  "avg_point_diff": 3.2857142857142856,
  "axis_stats": {
    "completeness": {
      "matched": 4,
      "score_sum": 1.5970434099435806,
      "conversation_count": 1,
      "avg_score": 0.39926085248589516
    },
    "accuracy": {
      "matched": 6,
      "score_sum": 3.0883077681064606,
      "conversation_count": 1,
      "avg_score": 0.5147179613510767
    },
    "context_awareness": {
      "matched": 3,
      "score_sum": 1.2555078864097595,
      "conversation_count": 1,
      "avg_score": 0.4185026288032532
    },
    "communication_quality": {
      "matched": 1,
      "score_sum": 0.49900010228157043,
      "conversation_count": 1,
      "avg_score": 0.49900010228157043
    },
    "instruction_following": {
      "matched": 0,
      "score_sum": 0.0,
      "conversation_count": 0
    }
  }
}