{
  "conversation_id": 2321,
  "matched": 15,
  "total_reference": 15,
  "avg_score": 0.19720000000000001,
  "avg_point_diff": 5.333333333333333,
  "axis_stats": {
    "completeness": {
      "matched": 3,
      "score_sum": 0.6178009510040283,
      "conversation_count": 1,
      "avg_score": 0.20593365033467612
    },
    "accuracy": {
      "matched": 9,
      "score_sum": 1.6239755302667618,
      "conversation_count": 1,
      "avg_score": 0.18044172558519575
    },
    "context_awareness": {
      "matched": 1,
      "score_sum": 0.3059670031070709,
      "conversation_count": 1,
      "avg_score": 0.3059670031070709
    },
    "communication_quality": {
      "matched": 2,
      "score_sum": 0.4100051522254944,
      "conversation_count": 1,
      "avg_score": 0.2050025761127472
    },
    "instruction_following": {
      "matched": 0,
      "score_sum": 0.0,
      "conversation_count": 0
    }
  }
}