{
  "conversation_id": 1830,
  "matched": 14,
  "total_reference": 14,
  "avg_score": 0.4645714285714286,
  "avg_point_diff": 4.928571428571429,
  "axis_stats": {
    "completeness": {
      "matched": 3,
      "score_sum": 2.0679599940776825,
      "conversation_count": 1,
      "avg_score": 0.6893199980258942
    },
    "accuracy": {
      "matched": 8,
      "score_sum": 3.571524143218994,
      "conversation_count": 1,
      "avg_score": 0.44644051790237427
    },
    "context_awareness": {
      "matched": 2,
      "score_sum": 0.4926409125328064,
      "conversation_count": 1,
      "avg_score": 0.2463204562664032
    },
    "communication_quality": {
      "matched": 1,
      "score_sum": 0.37321789264678956,
      "conversation_count": 1,
      "avg_score": 0.37321789264678956
    },
    "instruction_following": {
      "matched": 0,
      "score_sum": 0.0,
      "conversation_count": 0
    }
  }
}