{
  "conversation_id": 1742,
  "matched": 9,
  "total_reference": 9,
  "avg_score": 0.3263333333333333,
  "avg_point_diff": 4.222222222222222,
  "axis_stats": {
    "completeness": {
      "matched": 1,
      "score_sum": 0.6449604034423828,
      "conversation_count": 1,
      "avg_score": 0.6449604034423828
    },
    "accuracy": {
      "matched": 3,
      "score_sum": 0.9216887354850769,
      "conversation_count": 1,
      "avg_score": 0.30722957849502563
    },
    "context_awareness": {
      "matched": 3,
      "score_sum": 1.0184541046619415,
      "conversation_count": 1,
      "avg_score": 0.33948470155398053
    },
    "communication_quality": {
      "matched": 2,
      "score_sum": 0.3527849018573761,
      "conversation_count": 1,
      "avg_score": 0.17639245092868805
    },
    "instruction_following": {
      "matched": 0,
      "score_sum": 0.0,
      "conversation_count": 0
    }
  }
}