{
  "conversation_id": 72,
  "matched": 12,
  "total_reference": 12,
  "avg_score": 0.12766666666666668,
  "avg_point_diff": 9.75,
  "axis_stats": {
    "completeness": {
      "matched": 5,
      "score_sum": 0.3453985929489136,
      "conversation_count": 1,
      "avg_score": 0.06907971858978272
    },
    "accuracy": {
      "matched": 2,
      "score_sum": 0.49699386954307556,
      "conversation_count": 1,
      "avg_score": 0.24849693477153778
    },
    "context_awareness": {
      "matched": 3,
      "score_sum": 0.3143978595733643,
      "conversation_count": 1,
      "avg_score": 0.10479928652445476
    },
    "communication_quality": {
      "matched": 2,
      "score_sum": 0.3755790591239929,
      "conversation_count": 1,
      "avg_score": 0.18778952956199646
    },
    "instruction_following": {
      "matched": 0,
      "score_sum": 0.0,
      "conversation_count": 0
    }
  }
}