{
  "conversation_id": 1217,
  "matched": 9,
  "total_reference": 9,
  "avg_score": 0.35500000000000004,
  "avg_point_diff": 6.222222222222222,
  "axis_stats": {
    "completeness": {
      "matched": 4,
      "score_sum": 1.0556784570217133,
      "conversation_count": 1,
      "avg_score": 0.2639196142554283
    },
    "accuracy": {
      "matched": 3,
      "score_sum": 1.0477756261825562,
      "conversation_count": 1,
      "avg_score": 0.34925854206085205
    },
    "context_awareness": {
      "matched": 1,
      "score_sum": 0.6198124885559082,
      "conversation_count": 1,
      "avg_score": 0.6198124885559082
    },
    "communication_quality": {
      "matched": 1,
      "score_sum": 0.47133225202560425,
      "conversation_count": 1,
      "avg_score": 0.47133225202560425
    },
    "instruction_following": {
      "matched": 0,
      "score_sum": 0.0,
      "conversation_count": 0
    }
  }
}