{
  "conversation_id": 1849,
  "matched": 15,
  "total_reference": 15,
  "avg_score": 0.2659333333333333,
  "avg_point_diff": 6.6,
  "axis_stats": {
    "completeness": {
      "matched": 6,
      "score_sum": 1.1497071981430054,
      "conversation_count": 1,
      "avg_score": 0.19161786635716757
    },
    "accuracy": {
      "matched": 5,
      "score_sum": 1.7456378638744354,
      "conversation_count": 1,
      "avg_score": 0.3491275727748871
    },
    "context_awareness": {
      "matched": 2,
      "score_sum": 0.7320762515068054,
      "conversation_count": 1,
      "avg_score": 0.3660381257534027
    },
    "communication_quality": {
      "matched": 1,
      "score_sum": 0.0,
      "conversation_count": 1,
      "avg_score": 0.0
    },
    "instruction_following": {
      "matched": 1,
      "score_sum": 0.3622441589832306,
      "conversation_count": 1,
      "avg_score": 0.3622441589832306
    }
  }
}