{
  "conversation_id": 112,
  "matched": 11,
  "total_reference": 11,
  "avg_score": 0.3772727272727273,
  "avg_point_diff": 4.7272727272727275,
  "axis_stats": {
    "completeness": {
      "matched": 6,
      "score_sum": 2.4174240231513977,
      "conversation_count": 1,
      "avg_score": 0.4029040038585663
    },
    "accuracy": {
      "matched": 3,
      "score_sum": 0.7336473286151886,
      "conversation_count": 1,
      "avg_score": 0.24454910953839618
    },
    "context_awareness": {
      "matched": 1,
      "score_sum": 0.5000404119491577,
      "conversation_count": 1,
      "avg_score": 0.5000404119491577
    },
    "communication_quality": {
      "matched": 1,
      "score_sum": 0.49776023626327515,
      "conversation_count": 1,
      "avg_score": 0.49776023626327515
    },
    "instruction_following": {
      "matched": 0,
      "score_sum": 0.0,
      "conversation_count": 0
    }
  }
}