{
  "conversation_id": 2109,
  "matched": 10,
  "total_reference": 10,
  "avg_score": 0.3216,
  "avg_point_diff": 4.0,
  "axis_stats": {
    "completeness": {
      "matched": 5,
      "score_sum": 1.2637710869312286,
      "conversation_count": 1,
      "avg_score": 0.2527542173862457
    },
    "accuracy": {
      "matched": 1,
      "score_sum": 0.34899136424064636,
      "conversation_count": 1,
      "avg_score": 0.34899136424064636
    },
    "context_awareness": {
      "matched": 1,
      "score_sum": 0.3910977125167847,
      "conversation_count": 1,
      "avg_score": 0.3910977125167847
    },
    "communication_quality": {
      "matched": 3,
      "score_sum": 1.2122742533683777,
      "conversation_count": 1,
      "avg_score": 0.40409141778945923
    },
    "instruction_following": {
      "matched": 0,
      "score_sum": 0.0,
      "conversation_count": 0
    }
  }
}