{
  "conversation_id": 694,
  "matched": 12,
  "total_reference": 12,
  "avg_score": 0.25225000000000003,
  "avg_point_diff": 6.5,
  "axis_stats": {
    "completeness": {
      "matched": 1,
      "score_sum": 0.0,
      "conversation_count": 1,
      "avg_score": 0.0
    },
    "accuracy": {
      "matched": 3,
      "score_sum": 1.3054385483264923,
      "conversation_count": 1,
      "avg_score": 0.43514618277549744
    },
    "context_awareness": {
      "matched": 5,
      "score_sum": 1.2149869501590729,
      "conversation_count": 1,
      "avg_score": 0.2429973900318146
    },
    "communication_quality": {
      "matched": 1,
      "score_sum": 0.2581912875175476,
      "conversation_count": 1,
      "avg_score": 0.2581912875175476
    },
    "instruction_following": {
      "matched": 2,
      "score_sum": 0.2482239007949829,
      "conversation_count": 1,
      "avg_score": 0.12411195039749146
    }
  }
}