{
  "conversation_id": 1637,
  "matched": 15,
  "total_reference": 15,
  "avg_score": 0.37739999999999996,
  "avg_point_diff": 3.466666666666667,
  "axis_stats": {
    "completeness": {
      "matched": 8,
      "score_sum": 3.8439131319522857,
      "conversation_count": 1,
      "avg_score": 0.4804891414940357
    },
    "accuracy": {
      "matched": 3,
      "score_sum": 0.7297053337097168,
      "conversation_count": 1,
      "avg_score": 0.24323511123657227
    },
    "context_awareness": {
      "matched": 3,
      "score_sum": 0.47173163294792175,
      "conversation_count": 1,
      "avg_score": 0.15724387764930725
    },
    "communication_quality": {
      "matched": 1,
      "score_sum": 0.6149269938468933,
      "conversation_count": 1,
      "avg_score": 0.6149269938468933
    },
    "instruction_following": {
      "matched": 0,
      "score_sum": 0.0,
      "conversation_count": 0
    }
  }
}