{
  "conversation_id": 1566,
  "matched": 11,
  "total_reference": 11,
  "avg_score": 0.24090909090909093,
  "avg_point_diff": 5.454545454545454,
  "axis_stats": {
    "completeness": {
      "matched": 0,
      "score_sum": 0.0,
      "conversation_count": 0
    },
    "accuracy": {
      "matched": 4,
      "score_sum": 1.6706950306892394,
      "conversation_count": 1,
      "avg_score": 0.41767375767230985
    },
    "context_awareness": {
      "matched": 3,
      "score_sum": 0.8241864442825317,
      "conversation_count": 1,
      "avg_score": 0.27472881476084393
    },
    "communication_quality": {
      "matched": 0,
      "score_sum": 0.0,
      "conversation_count": 0
    },
    "instruction_following": {
      "matched": 4,
      "score_sum": 0.15461641550064087,
      "conversation_count": 1,
      "avg_score": 0.03865410387516022
    }
  }
}