{
  "conversation_id": 1786,
  "matched": 14,
  "total_reference": 14,
  "avg_score": 0.3891428571428572,
  "avg_point_diff": 4.714285714285714,
  "axis_stats": {
    "completeness": {
      "matched": 5,
      "score_sum": 1.541271150112152,
      "conversation_count": 1,
      "avg_score": 0.3082542300224304
    },
    "accuracy": {
      "matched": 4,
      "score_sum": 2.171288341283798,
      "conversation_count": 1,
      "avg_score": 0.5428220853209496
    },
    "context_awareness": {
      "matched": 3,
      "score_sum": 1.487337052822113,
      "conversation_count": 1,
      "avg_score": 0.49577901760737103
    },
    "communication_quality": {
      "matched": 2,
      "score_sum": 0.24792194366455078,
      "conversation_count": 1,
      "avg_score": 0.12396097183227539
    },
    "instruction_following": {
      "matched": 0,
      "score_sum": 0.0,
      "conversation_count": 0
    }
  }
}