{
  "conversation_id": 2203,
  "matched": 10,
  "total_reference": 10,
  "avg_score": 0.3404,
  "avg_point_diff": 5.0,
  "axis_stats": {
    "completeness": {
      "matched": 2,
      "score_sum": 0.7630417943000793,
      "conversation_count": 1,
      "avg_score": 0.3815208971500397
    },
    "accuracy": {
      "matched": 2,
      "score_sum": 0.9586307346820832,
      "conversation_count": 1,
      "avg_score": 0.4793153673410416
    },
    "context_awareness": {
      "matched": 2,
      "score_sum": 0.7396738231182098,
      "conversation_count": 1,
      "avg_score": 0.3698369115591049
    },
    "communication_quality": {
      "matched": 2,
      "score_sum": 0.43599901199340824,
      "conversation_count": 1,
      "avg_score": 0.21799950599670412
    },
    "instruction_following": {
      "matched": 2,
      "score_sum": 0.5078005909919738,
      "conversation_count": 1,
      "avg_score": 0.2539002954959869
    }
  }
}