{
  "conversation_id": 2090,
  "matched": 12,
  "total_reference": 12,
  "avg_score": 0.30350000000000005,
  "avg_point_diff": 5.0,
  "axis_stats": {
    "completeness": {
      "matched": 4,
      "score_sum": 1.208787590265274,
      "conversation_count": 1,
      "avg_score": 0.3021968975663185
    },
    "accuracy": {
      "matched": 1,
      "score_sum": 0.6019886493682862,
      "conversation_count": 1,
      "avg_score": 0.6019886493682862
    },
    "context_awareness": {
      "matched": 4,
      "score_sum": 0.878101220726967,
      "conversation_count": 1,
      "avg_score": 0.21952530518174174
    },
    "communication_quality": {
      "matched": 3,
      "score_sum": 0.9543782770633698,
      "conversation_count": 1,
      "avg_score": 0.3181260923544566
    },
    "instruction_following": {
      "matched": 0,
      "score_sum": 0.0,
      "conversation_count": 0
    }
  }
}