{
  "conversation_id": 1191,
  "matched": 15,
  "total_reference": 15,
  "avg_score": 0.33573333333333333,
  "avg_point_diff": 5.733333333333333,
  "axis_stats": {
    "completeness": {
      "matched": 7,
      "score_sum": 3.068884551525116,
      "conversation_count": 1,
      "avg_score": 0.4384120787893023
    },
    "accuracy": {
      "matched": 1,
      "score_sum": 0.236276775598526,
      "conversation_count": 1,
      "avg_score": 0.236276775598526
    },
    "context_awareness": {
      "matched": 5,
      "score_sum": 1.4627242386341095,
      "conversation_count": 1,
      "avg_score": 0.2925448477268219
    },
    "communication_quality": {
      "matched": 2,
      "score_sum": 0.26789501309394836,
      "conversation_count": 1,
      "avg_score": 0.13394750654697418
    },
    "instruction_following": {
      "matched": 0,
      "score_sum": 0.0,
      "conversation_count": 0
    }
  }
}