{
  "conversation_id": 1633,
  "matched": 9,
  "total_reference": 9,
  "avg_score": 0.4114444444444445,
  "avg_point_diff": 3.6666666666666665,
  "axis_stats": {
    "completeness": {
      "matched": 3,
      "score_sum": 1.8333462476730347,
      "conversation_count": 1,
      "avg_score": 0.6111154158910116
    },
    "accuracy": {
      "matched": 4,
      "score_sum": 0.8455733954906464,
      "conversation_count": 1,
      "avg_score": 0.2113933488726616
    },
    "context_awareness": {
      "matched": 1,
      "score_sum": 0.5363115668296814,
      "conversation_count": 1,
      "avg_score": 0.5363115668296814
    },
    "communication_quality": {
      "matched": 1,
      "score_sum": 0.48791438341140747,
      "conversation_count": 1,
      "avg_score": 0.48791438341140747
    },
    "instruction_following": {
      "matched": 0,
      "score_sum": 0.0,
      "conversation_count": 0
    }
  }
}