{
  "conversation_id": 483,
  "matched": 11,
  "total_reference": 11,
  "avg_score": 0.27572727272727277,
  "avg_point_diff": 4.454545454545454,
  "axis_stats": {
    "completeness": {
      "matched": 1,
      "score_sum": 0.38574546575546265,
      "conversation_count": 1,
      "avg_score": 0.38574546575546265
    },
    "accuracy": {
      "matched": 4,
      "score_sum": 0.8474605977535248,
      "conversation_count": 1,
      "avg_score": 0.2118651494383812
    },
    "context_awareness": {
      "matched": 5,
      "score_sum": 1.4015638828277588,
      "conversation_count": 1,
      "avg_score": 0.28031277656555176
    },
    "communication_quality": {
      "matched": 1,
      "score_sum": 0.3976873457431793,
      "conversation_count": 1,
      "avg_score": 0.3976873457431793
    },
    "instruction_following": {
      "matched": 0,
      "score_sum": 0.0,
      "conversation_count": 0
    }
  }
}