{
  "conversation_id": 1367,
  "matched": 11,
  "total_reference": 11,
  "avg_score": 0.2601818181818182,
  "avg_point_diff": 6.636363636363637,
  "axis_stats": {
    "completeness": {
      "matched": 2,
      "score_sum": 0.8735764920711517,
      "conversation_count": 1,
      "avg_score": 0.43678824603557587
    },
    "accuracy": {
      "matched": 4,
      "score_sum": 0.4602543115615845,
      "conversation_count": 1,
      "avg_score": 0.11506357789039612
    },
    "context_awareness": {
      "matched": 3,
      "score_sum": 1.27969229221344,
      "conversation_count": 1,
      "avg_score": 0.42656409740448
    },
    "communication_quality": {
      "matched": 2,
      "score_sum": 0.24956812858581545,
      "conversation_count": 1,
      "avg_score": 0.12478406429290773
    },
    "instruction_following": {
      "matched": 0,
      "score_sum": 0.0,
      "conversation_count": 0
    }
  }
}