{
  "conversation_id": 136,
  "matched": 15,
  "total_reference": 15,
  "avg_score": 0.38773333333333326,
  "avg_point_diff": 5.266666666666667,
  "axis_stats": {
    "completeness": {
      "matched": 8,
      "score_sum": 3.6479925990104674,
      "conversation_count": 1,
      "avg_score": 0.4559990748763084
    },
    "accuracy": {
      "matched": 4,
      "score_sum": 0.5411297082901001,
      "conversation_count": 1,
      "avg_score": 0.13528242707252502
    },
    "context_awareness": {
      "matched": 2,
      "score_sum": 1.0935412645339966,
      "conversation_count": 1,
      "avg_score": 0.5467706322669983
    },
    "communication_quality": {
      "matched": 1,
      "score_sum": 0.5325029373168946,
      "conversation_count": 1,
      "avg_score": 0.5325029373168946
    },
    "instruction_following": {
      "matched": 0,
      "score_sum": 0.0,
      "conversation_count": 0
    }
  }
}