{
  "conversation_id": 2412,
  "matched": 15,
  "total_reference": 15,
  "avg_score": 0.30419999999999997,
  "avg_point_diff": 4.266666666666667,
  "axis_stats": {
    "completeness": {
      "matched": 2,
      "score_sum": 0.9641391932964325,
      "conversation_count": 1,
      "avg_score": 0.48206959664821625
    },
    "accuracy": {
      "matched": 6,
      "score_sum": 1.266863375902176,
      "conversation_count": 1,
      "avg_score": 0.21114389598369598
    },
    "context_awareness": {
      "matched": 3,
      "score_sum": 1.39152792096138,
      "conversation_count": 1,
      "avg_score": 0.46384264032046
    },
    "communication_quality": {
      "matched": 1,
      "score_sum": 0.0,
      "conversation_count": 1,
      "avg_score": 0.0
    },
    "instruction_following": {
      "matched": 3,
      "score_sum": 0.9393102489411831,
      "conversation_count": 1,
      "avg_score": 0.3131034163137277
    }
  }
}