{
  "conversation_id": 1923,
  "matched": 14,
  "total_reference": 14,
  "avg_score": 0.4082142857142857,
  "avg_point_diff": 4.5,
  "axis_stats": {
    "completeness": {
      "matched": 9,
      "score_sum": 3.588065242767334,
      "conversation_count": 1,
      "avg_score": 0.39867391586303713
    },
    "accuracy": {
      "matched": 2,
      "score_sum": 1.1092435121536255,
      "conversation_count": 1,
      "avg_score": 0.5546217560768127
    },
    "context_awareness": {
      "matched": 1,
      "score_sum": 0.3827723264694214,
      "conversation_count": 1,
      "avg_score": 0.3827723264694214
    },
    "communication_quality": {
      "matched": 1,
      "score_sum": 0.3180328905582428,
      "conversation_count": 1,
      "avg_score": 0.3180328905582428
    },
    "instruction_following": {
      "matched": 1,
      "score_sum": 0.315443217754364,
      "conversation_count": 1,
      "avg_score": 0.315443217754364
    }
  }
}