{
  "conversation_id": 1419,
  "matched": 11,
  "total_reference": 11,
  "avg_score": 0.27981818181818185,
  "avg_point_diff": 5.545454545454546,
  "axis_stats": {
    "completeness": {
      "matched": 5,
      "score_sum": 1.3071660548448563,
      "conversation_count": 1,
      "avg_score": 0.26143321096897126
    },
    "accuracy": {
      "matched": 4,
      "score_sum": 0.8674646019935608,
      "conversation_count": 1,
      "avg_score": 0.2168661504983902
    },
    "context_awareness": {
      "matched": 0,
      "score_sum": 0.0,
      "conversation_count": 0
    },
    "communication_quality": {
      "matched": 2,
      "score_sum": 0.9039522409439087,
      "conversation_count": 1,
      "avg_score": 0.45197612047195435
    },
    "instruction_following": {
      "matched": 0,
      "score_sum": 0.0,
      "conversation_count": 0
    }
  }
}