{
  "conversation_id": 2428,
  "matched": 14,
  "total_reference": 14,
  "avg_score": 0.3507857142857143,
  "avg_point_diff": 6.214285714285714,
  "axis_stats": {
    "completeness": {
      "matched": 3,
      "score_sum": 0.7198875546455383,
      "conversation_count": 1,
      "avg_score": 0.23996251821517944
    },
    "accuracy": {
      "matched": 4,
      "score_sum": 0.9716038703918457,
      "conversation_count": 1,
      "avg_score": 0.24290096759796143
    },
    "context_awareness": {
      "matched": 5,
      "score_sum": 1.967756062746048,
      "conversation_count": 1,
      "avg_score": 0.3935512125492096
    },
    "communication_quality": {
      "matched": 2,
      "score_sum": 1.2514595985412598,
      "conversation_count": 1,
      "avg_score": 0.6257297992706299
    },
    "instruction_following": {
      "matched": 0,
      "score_sum": 0.0,
      "conversation_count": 0
    }
  }
}