{
  "conversation_id": 726,
  "matched": 9,
  "total_reference": 9,
  "avg_score": 0.38033333333333336,
  "avg_point_diff": 4.888888888888889,
  "axis_stats": {
    "completeness": {
      "matched": 1,
      "score_sum": 0.48444290161132814,
      "conversation_count": 1,
      "avg_score": 0.48444290161132814
    },
    "accuracy": {
      "matched": 2,
      "score_sum": 0.6537484169006348,
      "conversation_count": 1,
      "avg_score": 0.3268742084503174
    },
    "context_awareness": {
      "matched": 0,
      "score_sum": 0.0,
      "conversation_count": 0
    },
    "communication_quality": {
      "matched": 3,
      "score_sum": 0.8434237241744995,
      "conversation_count": 1,
      "avg_score": 0.2811412413914998
    },
    "instruction_following": {
      "matched": 3,
      "score_sum": 1.4421489834785461,
      "conversation_count": 1,
      "avg_score": 0.48071632782618207
    }
  }
}