{
  "conversation_id": 128,
  "matched": 13,
  "total_reference": 13,
  "avg_score": 0.4431538461538462,
  "avg_point_diff": 5.0,
  "axis_stats": {
    "completeness": {
      "matched": 7,
      "score_sum": 2.6819550514221193,
      "conversation_count": 1,
      "avg_score": 0.3831364359174456
    },
    "accuracy": {
      "matched": 1,
      "score_sum": 0.7071625590324402,
      "conversation_count": 1,
      "avg_score": 0.7071625590324402
    },
    "context_awareness": {
      "matched": 4,
      "score_sum": 1.6467761516571047,
      "conversation_count": 1,
      "avg_score": 0.41169403791427617
    },
    "communication_quality": {
      "matched": 1,
      "score_sum": 0.7267529964447021,
      "conversation_count": 1,
      "avg_score": 0.7267529964447021
    },
    "instruction_following": {
      "matched": 0,
      "score_sum": 0.0,
      "conversation_count": 0
    }
  }
}