{
  "conversation_id": 1809,
  "matched": 15,
  "total_reference": 15,
  "avg_score": 0.3398,
  "avg_point_diff": 5.466666666666667,
  "axis_stats": {
    "completeness": {
      "matched": 4,
      "score_sum": 1.364650309085846,
      "conversation_count": 1,
      "avg_score": 0.3411625772714615
    },
    "accuracy": {
      "matched": 6,
      "score_sum": 1.4313564479351044,
      "conversation_count": 1,
      "avg_score": 0.23855940798918407
    },
    "context_awareness": {
      "matched": 2,
      "score_sum": 0.709608793258667,
      "conversation_count": 1,
      "avg_score": 0.3548043966293335
    },
    "communication_quality": {
      "matched": 3,
      "score_sum": 1.5912260711193085,
      "conversation_count": 1,
      "avg_score": 0.5304086903731028
    },
    "instruction_following": {
      "matched": 0,
      "score_sum": 0.0,
      "conversation_count": 0
    }
  }
}