{
  "conversation_id": 2094,
  "matched": 14,
  "total_reference": 14,
  "avg_score": 0.21121428571428574,
  "avg_point_diff": 5.785714285714286,
  "axis_stats": {
    "completeness": {
      "matched": 5,
      "score_sum": 0.46519162058830266,
      "conversation_count": 1,
      "avg_score": 0.09303832411766053
    },
    "accuracy": {
      "matched": 6,
      "score_sum": 1.6518505483865737,
      "conversation_count": 1,
      "avg_score": 0.2753084247310956
    },
    "context_awareness": {
      "matched": 3,
      "score_sum": 0.8396480679512024,
      "conversation_count": 1,
      "avg_score": 0.27988268931706745
    },
    "communication_quality": {
      "matched": 0,
      "score_sum": 0.0,
      "conversation_count": 0
    },
    "instruction_following": {
      "matched": 0,
      "score_sum": 0.0,
      "conversation_count": 0
    }
  }
}