{
  "conversation_id": 212,
  "matched": 11,
  "total_reference": 11,
  "avg_score": 0.532,
  "avg_point_diff": 2.3636363636363638,
  "axis_stats": {
    "completeness": {
      "matched": 6,
      "score_sum": 3.5322366654872894,
      "conversation_count": 1,
      "avg_score": 0.5887061109145483
    },
    "accuracy": {
      "matched": 3,
      "score_sum": 1.3154016733169556,
      "conversation_count": 1,
      "avg_score": 0.43846722443898517
    },
    "context_awareness": {
      "matched": 1,
      "score_sum": 0.7485511302947998,
      "conversation_count": 1,
      "avg_score": 0.7485511302947998
    },
    "communication_quality": {
      "matched": 0,
      "score_sum": 0.0,
      "conversation_count": 0
    },
    "instruction_following": {
      "matched": 1,
      "score_sum": 0.25599193572998047,
      "conversation_count": 1,
      "avg_score": 0.25599193572998047
    }
  }
}