{
  "conversation_id": 1925,
  "matched": 10,
  "total_reference": 10,
  "avg_score": 0.2311,
  "avg_point_diff": 7.5,
  "axis_stats": {
    "completeness": {
      "matched": 3,
      "score_sum": 0.47793040275573734,
      "conversation_count": 1,
      "avg_score": 0.15931013425191246
    },
    "accuracy": {
      "matched": 4,
      "score_sum": 1.293469786643982,
      "conversation_count": 1,
      "avg_score": 0.3233674466609955
    },
    "context_awareness": {
      "matched": 0,
      "score_sum": 0.0,
      "conversation_count": 0
    },
    "communication_quality": {
      "matched": 2,
      "score_sum": 0.13180775940418243,
      "conversation_count": 1,
      "avg_score": 0.06590387970209122
    },
    "instruction_following": {
      "matched": 1,
      "score_sum": 0.40849846601486206,
      "conversation_count": 1,
      "avg_score": 0.40849846601486206
    }
  }
}