{
  "conversation_id": 1998,
  "matched": 11,
  "total_reference": 11,
  "avg_score": 0.1551818181818182,
  "avg_point_diff": 7.7272727272727275,
  "axis_stats": {
    "completeness": {
      "matched": 3,
      "score_sum": 0.49739712476730347,
      "conversation_count": 1,
      "avg_score": 0.16579904158910116
    },
    "accuracy": {
      "matched": 6,
      "score_sum": 0.816152960062027,
      "conversation_count": 1,
      "avg_score": 0.13602549334367117
    },
    "context_awareness": {
      "matched": 2,
      "score_sum": 0.3942486643791199,
      "conversation_count": 1,
      "avg_score": 0.19712433218955994
    },
    "communication_quality": {
      "matched": 0,
      "score_sum": 0.0,
      "conversation_count": 0
    },
    "instruction_following": {
      "matched": 0,
      "score_sum": 0.0,
      "conversation_count": 0
    }
  }
}