{
  "conversation_id": 2346,
  "matched": 14,
  "total_reference": 14,
  "avg_score": 0.24307142857142858,
  "avg_point_diff": 5.714285714285714,
  "axis_stats": {
    "completeness": {
      "matched": 6,
      "score_sum": 1.1499402672052383,
      "conversation_count": 1,
      "avg_score": 0.19165671120087305
    },
    "accuracy": {
      "matched": 2,
      "score_sum": 0.4476065933704376,
      "conversation_count": 1,
      "avg_score": 0.2238032966852188
    },
    "context_awareness": {
      "matched": 4,
      "score_sum": 0.8300514817237854,
      "conversation_count": 1,
      "avg_score": 0.20751287043094635
    },
    "communication_quality": {
      "matched": 2,
      "score_sum": 0.9773571491241455,
      "conversation_count": 1,
      "avg_score": 0.48867857456207275
    },
    "instruction_following": {
      "matched": 0,
      "score_sum": 0.0,
      "conversation_count": 0
    }
  }
}