{
  "conversation_id": 1314,
  "matched": 11,
  "total_reference": 11,
  "avg_score": 0.19327272727272726,
  "avg_point_diff": 8.454545454545455,
  "axis_stats": {
    "completeness": {
      "matched": 1,
      "score_sum": 0.3298707604408264,
      "conversation_count": 1,
      "avg_score": 0.3298707604408264
    },
    "accuracy": {
      "matched": 6,
      "score_sum": 1.2121699452400208,
      "conversation_count": 1,
      "avg_score": 0.20202832420667013
    },
    "context_awareness": {
      "matched": 4,
      "score_sum": 0.5840160846710205,
      "conversation_count": 1,
      "avg_score": 0.14600402116775513
    },
    "communication_quality": {
      "matched": 0,
      "score_sum": 0.0,
      "conversation_count": 0
    },
    "instruction_following": {
      "matched": 0,
      "score_sum": 0.0,
      "conversation_count": 0
    }
  }
}