{
  "conversation_id": 2281,
  "matched": 14,
  "total_reference": 14,
  "avg_score": 0.4470714285714286,
  "avg_point_diff": 5.285714285714286,
  "axis_stats": {
    "completeness": {
      "matched": 2,
      "score_sum": 0.7200738787651062,
      "conversation_count": 1,
      "avg_score": 0.3600369393825531
    },
    "accuracy": {
      "matched": 9,
      "score_sum": 4.284571027755737,
      "conversation_count": 1,
      "avg_score": 0.47606344752841523
    },
    "context_awareness": {
      "matched": 1,
      "score_sum": 0.7499465346336365,
      "conversation_count": 1,
      "avg_score": 0.7499465346336365
    },
    "communication_quality": {
      "matched": 2,
      "score_sum": 0.5039182186126709,
      "conversation_count": 1,
      "avg_score": 0.25195910930633547
    },
    "instruction_following": {
      "matched": 0,
      "score_sum": 0.0,
      "conversation_count": 0
    }
  }
}