{
  "conversation_id": 2372,
  "matched": 14,
  "total_reference": 14,
  "avg_score": 0.23007142857142857,
  "avg_point_diff": 8.285714285714286,
  "axis_stats": {
    "completeness": {
      "matched": 1,
      "score_sum": 0.34407979249954224,
      "conversation_count": 1,
      "avg_score": 0.34407979249954224
    },
    "accuracy": {
      "matched": 10,
      "score_sum": 2.068487286567688,
      "conversation_count": 1,
      "avg_score": 0.2068487286567688
    },
    "context_awareness": {
      "matched": 1,
      "score_sum": 0.13145729899406433,
      "conversation_count": 1,
      "avg_score": 0.13145729899406433
    },
    "communication_quality": {
      "matched": 1,
      "score_sum": 0.2579829216003418,
      "conversation_count": 1,
      "avg_score": 0.2579829216003418
    },
    "instruction_following": {
      "matched": 1,
      "score_sum": 0.41857171058654785,
      "conversation_count": 1,
      "avg_score": 0.41857171058654785
    }
  }
}