{
  "conversation_id": 2655,
  "matched": 11,
  "total_reference": 11,
  "avg_score": 0.4244545454545454,
  "avg_point_diff": 3.6363636363636362,
  "axis_stats": {
    "completeness": {
      "matched": 3,
      "score_sum": 1.9455503225326538,
      "conversation_count": 1,
      "avg_score": 0.6485167741775513
    },
    "accuracy": {
      "matched": 0,
      "score_sum": 0.0,
      "conversation_count": 0
    },
    "context_awareness": {
      "matched": 6,
      "score_sum": 2.5226543247699738,
      "conversation_count": 1,
      "avg_score": 0.4204423874616623
    },
    "communication_quality": {
      "matched": 2,
      "score_sum": 0.20192526280879974,
      "conversation_count": 1,
      "avg_score": 0.10096263140439987
    },
    "instruction_following": {
      "matched": 0,
      "score_sum": 0.0,
      "conversation_count": 0
    }
  }
}