{
  "conversation_id": 1644,
  "matched": 10,
  "total_reference": 10,
  "avg_score": 0.426,
  "avg_point_diff": 5.4,
  "axis_stats": {
    "completeness": {
      "matched": 1,
      "score_sum": 0.5939877033233643,
      "conversation_count": 1,
      "avg_score": 0.5939877033233643
    },
    "accuracy": {
      "matched": 3,
      "score_sum": 1.2600109577178955,
      "conversation_count": 1,
      "avg_score": 0.42000365257263184
    },
    "context_awareness": {
      "matched": 4,
      "score_sum": 1.5960772514343262,
      "conversation_count": 1,
      "avg_score": 0.39901931285858155
    },
    "communication_quality": {
      "matched": 1,
      "score_sum": 0.27978023886680603,
      "conversation_count": 1,
      "avg_score": 0.27978023886680603
    },
    "instruction_following": {
      "matched": 1,
      "score_sum": 0.5302064418792725,
      "conversation_count": 1,
      "avg_score": 0.5302064418792725
    }
  }
}