{
  "conversation_id": 7,
  "matched": 9,
  "total_reference": 9,
  "avg_score": 0.4318888888888889,
  "avg_point_diff": 4.444444444444445,
  "axis_stats": {
    "completeness": {
      "matched": 2,
      "score_sum": 1.4676678657531739,
      "conversation_count": 1,
      "avg_score": 0.7338339328765869
    },
    "accuracy": {
      "matched": 3,
      "score_sum": 1.31781467795372,
      "conversation_count": 1,
      "avg_score": 0.4392715593179067
    },
    "context_awareness": {
      "matched": 1,
      "score_sum": 0.5478300452232361,
      "conversation_count": 1,
      "avg_score": 0.5478300452232361
    },
    "communication_quality": {
      "matched": 1,
      "score_sum": 0.4382421374320984,
      "conversation_count": 1,
      "avg_score": 0.4382421374320984
    },
    "instruction_following": {
      "matched": 2,
      "score_sum": 0.11507841944694519,
      "conversation_count": 1,
      "avg_score": 0.057539209723472595
    }
  }
}