{
  "conversation_id": 692,
  "matched": 14,
  "total_reference": 14,
  "avg_score": 0.5462857142857143,
  "avg_point_diff": 4.571428571428571,
  "axis_stats": {
    "completeness": {
      "matched": 10,
      "score_sum": 5.988483667373657,
      "conversation_count": 1,
      "avg_score": 0.5988483667373657
    },
    "accuracy": {
      "matched": 1,
      "score_sum": 0.0,
      "conversation_count": 1,
      "avg_score": 0.0
    },
    "context_awareness": {
      "matched": 1,
      "score_sum": 0.6230137348175049,
      "conversation_count": 1,
      "avg_score": 0.6230137348175049
    },
    "communication_quality": {
      "matched": 1,
      "score_sum": 0.7133638858795166,
      "conversation_count": 1,
      "avg_score": 0.7133638858795166
    },
    "instruction_following": {
      "matched": 1,
      "score_sum": 0.3223852217197418,
      "conversation_count": 1,
      "avg_score": 0.3223852217197418
    }
  }
}