{
  "conversation_id": 714,
  "matched": 9,
  "total_reference": 9,
  "avg_score": 0.29344444444444445,
  "avg_point_diff": 5.555555555555555,
  "axis_stats": {
    "completeness": {
      "matched": 1,
      "score_sum": 0.0,
      "conversation_count": 1,
      "avg_score": 0.0
    },
    "accuracy": {
      "matched": 2,
      "score_sum": 0.8413859307765961,
      "conversation_count": 1,
      "avg_score": 0.42069296538829803
    },
    "context_awareness": {
      "matched": 2,
      "score_sum": 0.5778908133506775,
      "conversation_count": 1,
      "avg_score": 0.28894540667533875
    },
    "communication_quality": {
      "matched": 1,
      "score_sum": 0.41651564836502075,
      "conversation_count": 1,
      "avg_score": 0.41651564836502075
    },
    "instruction_following": {
      "matched": 3,
      "score_sum": 0.8041820079088211,
      "conversation_count": 1,
      "avg_score": 0.26806066930294037
    }
  }
}