{
  "conversation_id": 1129,
  "matched": 12,
  "total_reference": 12,
  "avg_score": 0.29350000000000004,
  "avg_point_diff": 6.333333333333333,
  "axis_stats": {
    "completeness": {
      "matched": 4,
      "score_sum": 1.6184463500976562,
      "conversation_count": 1,
      "avg_score": 0.40461158752441406
    },
    "accuracy": {
      "matched": 1,
      "score_sum": 0.3974790573120117,
      "conversation_count": 1,
      "avg_score": 0.3974790573120117
    },
    "context_awareness": {
      "matched": 2,
      "score_sum": 0.54326993227005,
      "conversation_count": 1,
      "avg_score": 0.271634966135025
    },
    "communication_quality": {
      "matched": 4,
      "score_sum": 0.9642467021942138,
      "conversation_count": 1,
      "avg_score": 0.24106167554855346
    },
    "instruction_following": {
      "matched": 1,
      "score_sum": 0.0,
      "conversation_count": 1,
      "avg_score": 0.0
    }
  }
}