{
  "conversation_id": 2675,
  "matched": 11,
  "total_reference": 11,
  "avg_score": 0.24290909090909088,
  "avg_point_diff": 7.909090909090909,
  "axis_stats": {
    "completeness": {
      "matched": 0,
      "score_sum": 0.0,
      "conversation_count": 0
    },
    "accuracy": {
      "matched": 6,
      "score_sum": 1.0072939991950989,
      "conversation_count": 1,
      "avg_score": 0.16788233319918314
    },
    "context_awareness": {
      "matched": 0,
      "score_sum": 0.0,
      "conversation_count": 0
    },
    "communication_quality": {
      "matched": 1,
      "score_sum": 0.2651521682739258,
      "conversation_count": 1,
      "avg_score": 0.2651521682739258
    },
    "instruction_following": {
      "matched": 4,
      "score_sum": 1.3989406824111938,
      "conversation_count": 1,
      "avg_score": 0.34973517060279846
    }
  }
}