{
  "conversation_id": 2312,
  "matched": 12,
  "total_reference": 12,
  "avg_score": 0.3011666666666667,
  "avg_point_diff": 6.833333333333333,
  "axis_stats": {
    "completeness": {
      "matched": 2,
      "score_sum": 0.556297779083252,
      "conversation_count": 1,
      "avg_score": 0.278148889541626
    },
    "accuracy": {
      "matched": 5,
      "score_sum": 0.3685670793056488,
      "conversation_count": 1,
      "avg_score": 0.07371341586112976
    },
    "context_awareness": {
      "matched": 3,
      "score_sum": 1.6479634642601013,
      "conversation_count": 1,
      "avg_score": 0.5493211547533671
    },
    "communication_quality": {
      "matched": 1,
      "score_sum": 0.46262475848197937,
      "conversation_count": 1,
      "avg_score": 0.46262475848197937
    },
    "instruction_following": {
      "matched": 1,
      "score_sum": 0.5781196355819702,
      "conversation_count": 1,
      "avg_score": 0.5781196355819702
    }
  }
}