{
  "conversation_id": 1884,
  "matched": 11,
  "total_reference": 11,
  "avg_score": 0.24354545454545454,
  "avg_point_diff": 5.7272727272727275,
  "axis_stats": {
    "completeness": {
      "matched": 3,
      "score_sum": 0.5517047643661499,
      "conversation_count": 1,
      "avg_score": 0.18390158812204996
    },
    "accuracy": {
      "matched": 6,
      "score_sum": 1.259134754538536,
      "conversation_count": 1,
      "avg_score": 0.20985579242308935
    },
    "context_awareness": {
      "matched": 2,
      "score_sum": 0.8682312965393066,
      "conversation_count": 1,
      "avg_score": 0.4341156482696533
    },
    "communication_quality": {
      "matched": 0,
      "score_sum": 0.0,
      "conversation_count": 0
    },
    "instruction_following": {
      "matched": 0,
      "score_sum": 0.0,
      "conversation_count": 0
    }
  }
}