{
  "conversation_id": 2609,
  "matched": 13,
  "total_reference": 13,
  "avg_score": 0.3066923076923077,
  "avg_point_diff": 6.615384615384615,
  "axis_stats": {
    "completeness": {
      "matched": 10,
      "score_sum": 2.5791523456573486,
      "conversation_count": 1,
      "avg_score": 0.25791523456573484
    },
    "accuracy": {
      "matched": 1,
      "score_sum": 0.4358649253845215,
      "conversation_count": 1,
      "avg_score": 0.4358649253845215
    },
    "context_awareness": {
      "matched": 1,
      "score_sum": 0.6296764612197876,
      "conversation_count": 1,
      "avg_score": 0.6296764612197876
    },
    "communication_quality": {
      "matched": 1,
      "score_sum": 0.3415420949459076,
      "conversation_count": 1,
      "avg_score": 0.3415420949459076
    },
    "instruction_following": {
      "matched": 0,
      "score_sum": 0.0,
      "conversation_count": 0
    }
  }
}