{
  "conversation_id": 1962,
  "matched": 15,
  "total_reference": 15,
  "avg_score": 0.34539999999999993,
  "avg_point_diff": 4.8,
  "axis_stats": {
    "completeness": {
      "matched": 6,
      "score_sum": 2.381643033027649,
      "conversation_count": 1,
      "avg_score": 0.3969405055046082
    },
    "accuracy": {
      "matched": 4,
      "score_sum": 0.9458064436912537,
      "conversation_count": 1,
      "avg_score": 0.23645161092281342
    },
    "context_awareness": {
      "matched": 4,
      "score_sum": 1.4440936148166656,
      "conversation_count": 1,
      "avg_score": 0.3610234037041664
    },
    "communication_quality": {
      "matched": 1,
      "score_sum": 0.40901798009872437,
      "conversation_count": 1,
      "avg_score": 0.40901798009872437
    },
    "instruction_following": {
      "matched": 0,
      "score_sum": 0.0,
      "conversation_count": 0
    }
  }
}