{
  "conversation_id": 2155,
  "matched": 10,
  "total_reference": 10,
  "avg_score": 0.3101,
  "avg_point_diff": 5.0,
  "axis_stats": {
    "completeness": {
      "matched": 1,
      "score_sum": 0.0,
      "conversation_count": 1,
      "avg_score": 0.0
    },
    "accuracy": {
      "matched": 6,
      "score_sum": 2.111623066663742,
      "conversation_count": 1,
      "avg_score": 0.35193717777729033
    },
    "context_awareness": {
      "matched": 1,
      "score_sum": 0.5047958850860595,
      "conversation_count": 1,
      "avg_score": 0.5047958850860595
    },
    "communication_quality": {
      "matched": 1,
      "score_sum": 0.17814987897872925,
      "conversation_count": 1,
      "avg_score": 0.17814987897872925
    },
    "instruction_following": {
      "matched": 1,
      "score_sum": 0.30710893869400024,
      "conversation_count": 1,
      "avg_score": 0.30710893869400024
    }
  }
}