{
  "conversation_id": 2001,
  "matched": 13,
  "total_reference": 13,
  "avg_score": 0.3396923076923076,
  "avg_point_diff": 4.6923076923076925,
  "axis_stats": {
    "completeness": {
      "matched": 11,
      "score_sum": 3.5846748769283296,
      "conversation_count": 1,
      "avg_score": 0.3258795342662118
    },
    "accuracy": {
      "matched": 0,
      "score_sum": 0.0,
      "conversation_count": 0
    },
    "context_awareness": {
      "matched": 1,
      "score_sum": 0.43112242221832275,
      "conversation_count": 1,
      "avg_score": 0.43112242221832275
    },
    "communication_quality": {
      "matched": 0,
      "score_sum": 0.0,
      "conversation_count": 0
    },
    "instruction_following": {
      "matched": 1,
      "score_sum": 0.39963636398315433,
      "conversation_count": 1,
      "avg_score": 0.39963636398315433
    }
  }
}