{
  "conversation_id": 1155,
  "matched": 11,
  "total_reference": 11,
  "avg_score": 0.13445454545454547,
  "avg_point_diff": 9.363636363636363,
  "axis_stats": {
    "completeness": {
      "matched": 1,
      "score_sum": 0.5470650672912598,
      "conversation_count": 1,
      "avg_score": 0.5470650672912598
    },
    "accuracy": {
      "matched": 6,
      "score_sum": 0.5564326643943787,
      "conversation_count": 1,
      "avg_score": 0.09273877739906311
    },
    "context_awareness": {
      "matched": 1,
      "score_sum": 0.0,
      "conversation_count": 1,
      "avg_score": 0.0
    },
    "communication_quality": {
      "matched": 2,
      "score_sum": 0.27311044931411743,
      "conversation_count": 1,
      "avg_score": 0.13655522465705872
    },
    "instruction_following": {
      "matched": 1,
      "score_sum": 0.10333925485610962,
      "conversation_count": 1,
      "avg_score": 0.10333925485610962
    }
  }
}