{
  "conversation_id": 525,
  "matched": 12,
  "total_reference": 12,
  "avg_score": 0.23849999999999996,
  "avg_point_diff": 5.666666666666667,
  "axis_stats": {
    "completeness": {
      "matched": 2,
      "score_sum": 0.8231314122676849,
      "conversation_count": 1,
      "avg_score": 0.41156570613384247
    },
    "accuracy": {
      "matched": 6,
      "score_sum": 1.1001322865486145,
      "conversation_count": 1,
      "avg_score": 0.18335538109143576
    },
    "context_awareness": {
      "matched": 2,
      "score_sum": 0.47681331634521484,
      "conversation_count": 1,
      "avg_score": 0.23840665817260742
    },
    "communication_quality": {
      "matched": 2,
      "score_sum": 0.46087258458137514,
      "conversation_count": 1,
      "avg_score": 0.23043629229068757
    },
    "instruction_following": {
      "matched": 0,
      "score_sum": 0.0,
      "conversation_count": 0
    }
  }
}