{
  "conversation_id": 279,
  "matched": 12,
  "total_reference": 12,
  "avg_score": 0.21783333333333332,
  "avg_point_diff": 7.25,
  "axis_stats": {
    "completeness": {
      "matched": 1,
      "score_sum": 0.8728087544441223,
      "conversation_count": 1,
      "avg_score": 0.8728087544441223
    },
    "accuracy": {
      "matched": 7,
      "score_sum": 0.6186358451843262,
      "conversation_count": 1,
      "avg_score": 0.08837654931204661
    },
    "context_awareness": {
      "matched": 2,
      "score_sum": 0.8000076413154602,
      "conversation_count": 1,
      "avg_score": 0.4000038206577301
    },
    "communication_quality": {
      "matched": 1,
      "score_sum": 0.0,
      "conversation_count": 1,
      "avg_score": 0.0
    },
    "instruction_following": {
      "matched": 1,
      "score_sum": 0.32242998480796814,
      "conversation_count": 1,
      "avg_score": 0.32242998480796814
    }
  }
}