{
  "conversation_id": 316,
  "matched": 9,
  "total_reference": 9,
  "avg_score": 0.24944444444444447,
  "avg_point_diff": 7.0,
  "axis_stats": {
    "completeness": {
      "matched": 1,
      "score_sum": 0.5270818471908569,
      "conversation_count": 1,
      "avg_score": 0.5270818471908569
    },
    "accuracy": {
      "matched": 1,
      "score_sum": 0.5382716655731201,
      "conversation_count": 1,
      "avg_score": 0.5382716655731201
    },
    "context_awareness": {
      "matched": 3,
      "score_sum": 0.5822033882141113,
      "conversation_count": 1,
      "avg_score": 0.19406779607137045
    },
    "communication_quality": {
      "matched": 0,
      "score_sum": 0.0,
      "conversation_count": 0
    },
    "instruction_following": {
      "matched": 4,
      "score_sum": 0.5972969353199005,
      "conversation_count": 1,
      "avg_score": 0.14932423382997512
    }
  }
}