{
  "conversation_id": 892,
  "matched": 12,
  "total_reference": 12,
  "avg_score": 0.19758333333333333,
  "avg_point_diff": 8.416666666666666,
  "axis_stats": {
    "completeness": {
      "matched": 6,
      "score_sum": 1.4925947189331055,
      "conversation_count": 1,
      "avg_score": 0.24876578648885092
    },
    "accuracy": {
      "matched": 3,
      "score_sum": 0.43920767307281494,
      "conversation_count": 1,
      "avg_score": 0.14640255769093832
    },
    "context_awareness": {
      "matched": 3,
      "score_sum": 0.43920767307281494,
      "conversation_count": 1,
      "avg_score": 0.14640255769093832
    },
    "communication_quality": {
      "matched": 0,
      "score_sum": 0.0,
      "conversation_count": 0
    },
    "instruction_following": {
      "matched": 0,
      "score_sum": 0.0,
      "conversation_count": 0
    }
  }
}