{
  "conversation_id": 1473,
  "matched": 15,
  "total_reference": 15,
  "avg_score": 0.16953333333333334,
  "avg_point_diff": 9.333333333333334,
  "axis_stats": {
    "completeness": {
      "matched": 4,
      "score_sum": 0.6911240518093109,
      "conversation_count": 1,
      "avg_score": 0.17278101295232773
    },
    "accuracy": {
      "matched": 8,
      "score_sum": 0.9416622519493103,
      "conversation_count": 1,
      "avg_score": 0.11770778149366379
    },
    "context_awareness": {
      "matched": 1,
      "score_sum": 0.4762054681777954,
      "conversation_count": 1,
      "avg_score": 0.4762054681777954
    },
    "communication_quality": {
      "matched": 1,
      "score_sum": 0.43366689682006837,
      "conversation_count": 1,
      "avg_score": 0.43366689682006837
    },
    "instruction_following": {
      "matched": 1,
      "score_sum": 0.0,
      "conversation_count": 1,
      "avg_score": 0.0
    }
  }
}