{
  "conversation_id": 1094,
  "matched": 11,
  "total_reference": 11,
  "avg_score": 0.5033636363636363,
  "avg_point_diff": 1.6363636363636365,
  "axis_stats": {
    "completeness": {
      "matched": 4,
      "score_sum": 2.161358118057251,
      "conversation_count": 1,
      "avg_score": 0.5403395295143127
    },
    "accuracy": {
      "matched": 1,
      "score_sum": 0.4367227852344513,
      "conversation_count": 1,
      "avg_score": 0.4367227852344513
    },
    "context_awareness": {
      "matched": 5,
      "score_sum": 2.416892099380493,
      "conversation_count": 1,
      "avg_score": 0.4833784198760986
    },
    "communication_quality": {
      "matched": 1,
      "score_sum": 0.5228853225708008,
      "conversation_count": 1,
      "avg_score": 0.5228853225708008
    },
    "instruction_following": {
      "matched": 0,
      "score_sum": 0.0,
      "conversation_count": 0
    }
  }
}