{
  "conversation_id": 2125,
  "matched": 14,
  "total_reference": 14,
  "avg_score": 0.23149999999999998,
  "avg_point_diff": 7.285714285714286,
  "axis_stats": {
    "completeness": {
      "matched": 6,
      "score_sum": 1.2709446549415588,
      "conversation_count": 1,
      "avg_score": 0.21182410915692648
    },
    "accuracy": {
      "matched": 6,
      "score_sum": 1.2228588461875916,
      "conversation_count": 1,
      "avg_score": 0.20380980769793192
    },
    "context_awareness": {
      "matched": 1,
      "score_sum": 0.25926995277404785,
      "conversation_count": 1,
      "avg_score": 0.25926995277404785
    },
    "communication_quality": {
      "matched": 0,
      "score_sum": 0.0,
      "conversation_count": 0
    },
    "instruction_following": {
      "matched": 1,
      "score_sum": 0.48879890441894536,
      "conversation_count": 1,
      "avg_score": 0.48879890441894536
    }
  }
}