{
  "conversation_id": 743,
  "matched": 10,
  "total_reference": 10,
  "avg_score": 0.29000000000000004,
  "avg_point_diff": 6.6,
  "axis_stats": {
    "completeness": {
      "matched": 2,
      "score_sum": 1.5430465340614319,
      "conversation_count": 1,
      "avg_score": 0.7715232670307159
    },
    "accuracy": {
      "matched": 2,
      "score_sum": 0.6709429025650024,
      "conversation_count": 1,
      "avg_score": 0.3354714512825012
    },
    "context_awareness": {
      "matched": 4,
      "score_sum": 0.0,
      "conversation_count": 1,
      "avg_score": 0.0
    },
    "communication_quality": {
      "matched": 1,
      "score_sum": 0.32921290397644043,
      "conversation_count": 1,
      "avg_score": 0.32921290397644043
    },
    "instruction_following": {
      "matched": 1,
      "score_sum": 0.3568206071853638,
      "conversation_count": 1,
      "avg_score": 0.3568206071853638
    }
  }
}