{
  "conversation_id": 799,
  "matched": 15,
  "total_reference": 15,
  "avg_score": 0.4822666666666667,
  "avg_point_diff": 3.1333333333333333,
  "axis_stats": {
    "completeness": {
      "matched": 7,
      "score_sum": 3.0773281872272493,
      "conversation_count": 1,
      "avg_score": 0.4396183124610356
    },
    "accuracy": {
      "matched": 5,
      "score_sum": 2.631781816482544,
      "conversation_count": 1,
      "avg_score": 0.5263563632965088
    },
    "context_awareness": {
      "matched": 1,
      "score_sum": 0.6078086495399475,
      "conversation_count": 1,
      "avg_score": 0.6078086495399475
    },
    "communication_quality": {
      "matched": 2,
      "score_sum": 0.9178023934364319,
      "conversation_count": 1,
      "avg_score": 0.45890119671821594
    },
    "instruction_following": {
      "matched": 0,
      "score_sum": 0.0,
      "conversation_count": 0
    }
  }
}