{
  "conversation_id": 1710,
  "matched": 12,
  "total_reference": 12,
  "avg_score": 0.25266666666666665,
  "avg_point_diff": 6.75,
  "axis_stats": {
    "completeness": {
      "matched": 3,
      "score_sum": 0.9049206972122192,
      "conversation_count": 1,
      "avg_score": 0.30164023240407306
    },
    "accuracy": {
      "matched": 1,
      "score_sum": 0.47133293747901917,
      "conversation_count": 1,
      "avg_score": 0.47133293747901917
    },
    "context_awareness": {
      "matched": 5,
      "score_sum": 1.141519832611084,
      "conversation_count": 1,
      "avg_score": 0.2283039665222168
    },
    "communication_quality": {
      "matched": 0,
      "score_sum": 0.0,
      "conversation_count": 0
    },
    "instruction_following": {
      "matched": 3,
      "score_sum": 0.5136635303497314,
      "conversation_count": 1,
      "avg_score": 0.1712211767832438
    }
  }
}