{
  "conversation_id": 2041,
  "matched": 14,
  "total_reference": 14,
  "avg_score": 0.19635714285714287,
  "avg_point_diff": 10.142857142857142,
  "axis_stats": {
    "completeness": {
      "matched": 11,
      "score_sum": 1.7275664061307907,
      "conversation_count": 1,
      "avg_score": 0.15705149146643552
    },
    "accuracy": {
      "matched": 0,
      "score_sum": 0.0,
      "conversation_count": 0
    },
    "context_awareness": {
      "matched": 1,
      "score_sum": 0.5469757318496704,
      "conversation_count": 1,
      "avg_score": 0.5469757318496704
    },
    "communication_quality": {
      "matched": 1,
      "score_sum": 0.0,
      "conversation_count": 1,
      "avg_score": 0.0
    },
    "instruction_following": {
      "matched": 1,
      "score_sum": 0.47476816177368164,
      "conversation_count": 1,
      "avg_score": 0.47476816177368164
    }
  }
}