{
  "conversation_id": 39,
  "matched": 9,
  "total_reference": 9,
  "avg_score": 0.249,
  "avg_point_diff": 7.333333333333333,
  "axis_stats": {
    "completeness": {
      "matched": 1,
      "score_sum": 0.5793097019195557,
      "conversation_count": 1,
      "avg_score": 0.5793097019195557
    },
    "accuracy": {
      "matched": 5,
      "score_sum": 0.8801729679107666,
      "conversation_count": 1,
      "avg_score": 0.17603459358215331
    },
    "context_awareness": {
      "matched": 2,
      "score_sum": 0.3751022219657898,
      "conversation_count": 1,
      "avg_score": 0.1875511109828949
    },
    "communication_quality": {
      "matched": 0,
      "score_sum": 0.0,
      "conversation_count": 0
    },
    "instruction_following": {
      "matched": 1,
      "score_sum": 0.40598878264427185,
      "conversation_count": 1,
      "avg_score": 0.40598878264427185
    }
  }
}