{
  "conversation_id": 2729,
  "matched": 14,
  "total_reference": 14,
  "avg_score": 0.3775714285714286,
  "avg_point_diff": 4.714285714285714,
  "axis_stats": {
    "completeness": {
      "matched": 5,
      "score_sum": 2.2315993428230287,
      "conversation_count": 1,
      "avg_score": 0.44631986856460576
    },
    "accuracy": {
      "matched": 6,
      "score_sum": 1.8816949009895325,
      "conversation_count": 1,
      "avg_score": 0.31361581683158873
    },
    "context_awareness": {
      "matched": 1,
      "score_sum": 0.36449262499809265,
      "conversation_count": 1,
      "avg_score": 0.36449262499809265
    },
    "communication_quality": {
      "matched": 2,
      "score_sum": 0.8079058676958084,
      "conversation_count": 1,
      "avg_score": 0.4039529338479042
    },
    "instruction_following": {
      "matched": 0,
      "score_sum": 0.0,
      "conversation_count": 0
    }
  }
}