{
  "conversation_id": 1910,
  "matched": 11,
  "total_reference": 11,
  "avg_score": 0.41981818181818187,
  "avg_point_diff": 3.6363636363636362,
  "axis_stats": {
    "completeness": {
      "matched": 6,
      "score_sum": 1.8004812002182007,
      "conversation_count": 1,
      "avg_score": 0.30008020003636676
    },
    "accuracy": {
      "matched": 1,
      "score_sum": 0.7261990308761597,
      "conversation_count": 1,
      "avg_score": 0.7261990308761597
    },
    "context_awareness": {
      "matched": 3,
      "score_sum": 1.5773872137069702,
      "conversation_count": 1,
      "avg_score": 0.5257957379023234
    },
    "communication_quality": {
      "matched": 1,
      "score_sum": 0.5136852860450745,
      "conversation_count": 1,
      "avg_score": 0.5136852860450745
    },
    "instruction_following": {
      "matched": 0,
      "score_sum": 0.0,
      "conversation_count": 0
    }
  }
}