{
  "conversation_id": 2178,
  "matched": 12,
  "total_reference": 12,
  "avg_score": 0.33158333333333334,
  "avg_point_diff": 5.416666666666667,
  "axis_stats": {
    "completeness": {
      "matched": 1,
      "score_sum": 0.37292954325675964,
      "conversation_count": 1,
      "avg_score": 0.37292954325675964
    },
    "accuracy": {
      "matched": 10,
      "score_sum": 3.2883119523525237,
      "conversation_count": 1,
      "avg_score": 0.3288311952352524
    },
    "context_awareness": {
      "matched": 1,
      "score_sum": 0.31815096735954285,
      "conversation_count": 1,
      "avg_score": 0.31815096735954285
    },
    "communication_quality": {
      "matched": 0,
      "score_sum": 0.0,
      "conversation_count": 0
    },
    "instruction_following": {
      "matched": 0,
      "score_sum": 0.0,
      "conversation_count": 0
    }
  }
}