{
  "conversation_id": 1865,
  "matched": 11,
  "total_reference": 11,
  "avg_score": 0.4511818181818183,
  "avg_point_diff": 6.090909090909091,
  "axis_stats": {
    "completeness": {
      "matched": 4,
      "score_sum": 3.2046931385993958,
      "conversation_count": 1,
      "avg_score": 0.8011732846498489
    },
    "accuracy": {
      "matched": 1,
      "score_sum": 0.7574170231819153,
      "conversation_count": 1,
      "avg_score": 0.7574170231819153
    },
    "context_awareness": {
      "matched": 3,
      "score_sum": 0.694155752658844,
      "conversation_count": 1,
      "avg_score": 0.23138525088628134
    },
    "communication_quality": {
      "matched": 1,
      "score_sum": 0.3066720962524414,
      "conversation_count": 1,
      "avg_score": 0.3066720962524414
    },
    "instruction_following": {
      "matched": 2,
      "score_sum": 0.0,
      "conversation_count": 1,
      "avg_score": 0.0
    }
  }
}