{
  "conversation_id": 1072,
  "matched": 13,
  "total_reference": 13,
  "avg_score": 0.3135384615384615,
  "avg_point_diff": 5.461538461538462,
  "axis_stats": {
    "completeness": {
      "matched": 6,
      "score_sum": 2.7836299002170564,
      "conversation_count": 1,
      "avg_score": 0.46393831670284275
    },
    "accuracy": {
      "matched": 4,
      "score_sum": 0.3099396824836731,
      "conversation_count": 1,
      "avg_score": 0.07748492062091827
    },
    "context_awareness": {
      "matched": 2,
      "score_sum": 0.489188551902771,
      "conversation_count": 1,
      "avg_score": 0.2445942759513855
    },
    "communication_quality": {
      "matched": 1,
      "score_sum": 0.4925119876861572,
      "conversation_count": 1,
      "avg_score": 0.4925119876861572
    },
    "instruction_following": {
      "matched": 0,
      "score_sum": 0.0,
      "conversation_count": 0
    }
  }
}