{
  "conversation_id": 2295,
  "matched": 13,
  "total_reference": 13,
  "avg_score": 0.16969230769230773,
  "avg_point_diff": 7.384615384615385,
  "axis_stats": {
    "completeness": {
      "matched": 7,
      "score_sum": 1.3209558129310608,
      "conversation_count": 1,
      "avg_score": 0.18870797327586583
    },
    "accuracy": {
      "matched": 2,
      "score_sum": 0.3394334018230438,
      "conversation_count": 1,
      "avg_score": 0.1697167009115219
    },
    "context_awareness": {
      "matched": 1,
      "score_sum": 0.3693965971469879,
      "conversation_count": 1,
      "avg_score": 0.3693965971469879
    },
    "communication_quality": {
      "matched": 1,
      "score_sum": 0.0,
      "conversation_count": 1,
      "avg_score": 0.0
    },
    "instruction_following": {
      "matched": 2,
      "score_sum": 0.17741838097572327,
      "conversation_count": 1,
      "avg_score": 0.08870919048786163
    }
  }
}