{
  "conversation_id": 1635,
  "matched": 15,
  "total_reference": 15,
  "avg_score": 0.3804666666666667,
  "avg_point_diff": 4.933333333333334,
  "axis_stats": {
    "completeness": {
      "matched": 5,
      "score_sum": 2.1099150657653807,
      "conversation_count": 1,
      "avg_score": 0.4219830131530761
    },
    "accuracy": {
      "matched": 8,
      "score_sum": 2.5047975718975066,
      "conversation_count": 1,
      "avg_score": 0.31309969648718833
    },
    "context_awareness": {
      "matched": 1,
      "score_sum": 0.6714003682136536,
      "conversation_count": 1,
      "avg_score": 0.6714003682136536
    },
    "communication_quality": {
      "matched": 1,
      "score_sum": 0.42083901166915894,
      "conversation_count": 1,
      "avg_score": 0.42083901166915894
    },
    "instruction_following": {
      "matched": 0,
      "score_sum": 0.0,
      "conversation_count": 0
    }
  }
}