{
  "conversation_id": 436,
  "matched": 14,
  "total_reference": 14,
  "avg_score": 0.5462142857142857,
  "avg_point_diff": 3.0714285714285716,
  "axis_stats": {
    "completeness": {
      "matched": 10,
      "score_sum": 5.245260924100876,
      "conversation_count": 1,
      "avg_score": 0.5245260924100876
    },
    "accuracy": {
      "matched": 2,
      "score_sum": 1.2381821870803833,
      "conversation_count": 1,
      "avg_score": 0.6190910935401917
    },
    "context_awareness": {
      "matched": 1,
      "score_sum": 0.6115900278091431,
      "conversation_count": 1,
      "avg_score": 0.6115900278091431
    },
    "communication_quality": {
      "matched": 1,
      "score_sum": 0.5519518256187439,
      "conversation_count": 1,
      "avg_score": 0.5519518256187439
    },
    "instruction_following": {
      "matched": 0,
      "score_sum": 0.0,
      "conversation_count": 0
    }
  }
}