{
  "conversation_id": 2260,
  "matched": 9,
  "total_reference": 9,
  "avg_score": 0.33988888888888885,
  "avg_point_diff": 4.666666666666667,
  "axis_stats": {
    "completeness": {
      "matched": 0,
      "score_sum": 0.0,
      "conversation_count": 0
    },
    "accuracy": {
      "matched": 2,
      "score_sum": 0.5747759819030762,
      "conversation_count": 1,
      "avg_score": 0.2873879909515381
    },
    "context_awareness": {
      "matched": 2,
      "score_sum": 0.8766049146652222,
      "conversation_count": 1,
      "avg_score": 0.4383024573326111
    },
    "communication_quality": {
      "matched": 3,
      "score_sum": 0.802237331867218,
      "conversation_count": 1,
      "avg_score": 0.2674124439557393
    },
    "instruction_following": {
      "matched": 2,
      "score_sum": 0.8046870529651642,
      "conversation_count": 1,
      "avg_score": 0.4023435264825821
    }
  }
}