{
  "conversation_id": 291,
  "matched": 13,
  "total_reference": 13,
  "avg_score": 0.3400769230769231,
  "avg_point_diff": 4.615384615384615,
  "axis_stats": {
    "completeness": {
      "matched": 10,
      "score_sum": 3.7865182757377625,
      "conversation_count": 1,
      "avg_score": 0.37865182757377625
    },
    "accuracy": {
      "matched": 2,
      "score_sum": 0.2469324767589569,
      "conversation_count": 1,
      "avg_score": 0.12346623837947845
    },
    "context_awareness": {
      "matched": 1,
      "score_sum": 0.38819847106933597,
      "conversation_count": 1,
      "avg_score": 0.38819847106933597
    },
    "communication_quality": {
      "matched": 0,
      "score_sum": 0.0,
      "conversation_count": 0
    },
    "instruction_following": {
      "matched": 0,
      "score_sum": 0.0,
      "conversation_count": 0
    }
  }
}