{
  "conversation_id": 1013,
  "matched": 13,
  "total_reference": 13,
  "avg_score": 0.3848461538461538,
  "avg_point_diff": 5.615384615384615,
  "axis_stats": {
    "completeness": {
      "matched": 7,
      "score_sum": 2.8566563725471497,
      "conversation_count": 1,
      "avg_score": 0.40809376750673565
    },
    "accuracy": {
      "matched": 5,
      "score_sum": 1.8886989593505858,
      "conversation_count": 1,
      "avg_score": 0.3777397918701172
    },
    "context_awareness": {
      "matched": 1,
      "score_sum": 0.25768389701843264,
      "conversation_count": 1,
      "avg_score": 0.25768389701843264
    },
    "communication_quality": {
      "matched": 0,
      "score_sum": 0.0,
      "conversation_count": 0
    },
    "instruction_following": {
      "matched": 0,
      "score_sum": 0.0,
      "conversation_count": 0
    }
  }
}