{
  "conversation_id": 1536,
  "matched": 13,
  "total_reference": 13,
  "avg_score": 0.26176923076923075,
  "avg_point_diff": 6.0,
  "axis_stats": {
    "completeness": {
      "matched": 3,
      "score_sum": 0.8578216433525085,
      "conversation_count": 1,
      "avg_score": 0.2859405477841695
    },
    "accuracy": {
      "matched": 4,
      "score_sum": 1.3278672397136688,
      "conversation_count": 1,
      "avg_score": 0.3319668099284172
    },
    "context_awareness": {
      "matched": 1,
      "score_sum": 0.270028293132782,
      "conversation_count": 1,
      "avg_score": 0.270028293132782
    },
    "communication_quality": {
      "matched": 5,
      "score_sum": 0.9473156630992889,
      "conversation_count": 1,
      "avg_score": 0.18946313261985778
    },
    "instruction_following": {
      "matched": 0,
      "score_sum": 0.0,
      "conversation_count": 0
    }
  }
}