{
  "conversation_id": 2037,
  "matched": 15,
  "total_reference": 15,
  "avg_score": 0.2366666666666667,
  "avg_point_diff": 8.533333333333333,
  "axis_stats": {
    "completeness": {
      "matched": 2,
      "score_sum": 0.728676974773407,
      "conversation_count": 1,
      "avg_score": 0.3643384873867035
    },
    "accuracy": {
      "matched": 10,
      "score_sum": 2.5510354042053223,
      "conversation_count": 1,
      "avg_score": 0.25510354042053224
    },
    "context_awareness": {
      "matched": 0,
      "score_sum": 0.0,
      "conversation_count": 0
    },
    "communication_quality": {
      "matched": 3,
      "score_sum": 0.26985204219818115,
      "conversation_count": 1,
      "avg_score": 0.08995068073272705
    },
    "instruction_following": {
      "matched": 0,
      "score_sum": 0.0,
      "conversation_count": 0
    }
  }
}