{
  "conversation_id": 2400,
  "matched": 13,
  "total_reference": 13,
  "avg_score": 0.44999999999999996,
  "avg_point_diff": 4.384615384615385,
  "axis_stats": {
    "completeness": {
      "matched": 7,
      "score_sum": 3.677317827939987,
      "conversation_count": 1,
      "avg_score": 0.5253311182771411
    },
    "accuracy": {
      "matched": 4,
      "score_sum": 1.2339789271354675,
      "conversation_count": 1,
      "avg_score": 0.3084947317838669
    },
    "context_awareness": {
      "matched": 1,
      "score_sum": 0.3605440557003021,
      "conversation_count": 1,
      "avg_score": 0.3605440557003021
    },
    "communication_quality": {
      "matched": 0,
      "score_sum": 0.0,
      "conversation_count": 0
    },
    "instruction_following": {
      "matched": 1,
      "score_sum": 0.5776880383491516,
      "conversation_count": 1,
      "avg_score": 0.5776880383491516
    }
  }
}