{
  "conversation_id": 1181,
  "matched": 14,
  "total_reference": 14,
  "avg_score": 0.26507142857142857,
  "avg_point_diff": 6.214285714285714,
  "axis_stats": {
    "completeness": {
      "matched": 0,
      "score_sum": 0.0,
      "conversation_count": 0
    },
    "accuracy": {
      "matched": 9,
      "score_sum": 2.4081125438213347,
      "conversation_count": 1,
      "avg_score": 0.26756806042459275
    },
    "context_awareness": {
      "matched": 1,
      "score_sum": 0.3926543712615967,
      "conversation_count": 1,
      "avg_score": 0.3926543712615967
    },
    "communication_quality": {
      "matched": 3,
      "score_sum": 0.31304043531417847,
      "conversation_count": 1,
      "avg_score": 0.10434681177139282
    },
    "instruction_following": {
      "matched": 1,
      "score_sum": 0.5968731641769409,
      "conversation_count": 1,
      "avg_score": 0.5968731641769409
    }
  }
}