{
  "conversation_id": 613,
  "matched": 14,
  "total_reference": 14,
  "avg_score": 0.4216428571428571,
  "avg_point_diff": 2.7142857142857144,
  "axis_stats": {
    "completeness": {
      "matched": 7,
      "score_sum": 2.781748503446579,
      "conversation_count": 1,
      "avg_score": 0.3973926433495113
    },
    "accuracy": {
      "matched": 4,
      "score_sum": 2.0261765122413635,
      "conversation_count": 1,
      "avg_score": 0.5065441280603409
    },
    "context_awareness": {
      "matched": 2,
      "score_sum": 0.7287136018276215,
      "conversation_count": 1,
      "avg_score": 0.36435680091381073
    },
    "communication_quality": {
      "matched": 1,
      "score_sum": 0.36670830845832825,
      "conversation_count": 1,
      "avg_score": 0.36670830845832825
    },
    "instruction_following": {
      "matched": 0,
      "score_sum": 0.0,
      "conversation_count": 0
    }
  }
}