{
  "conversation_id": 1512,
  "matched": 11,
  "total_reference": 11,
  "avg_score": 0.30518181818181817,
  "avg_point_diff": 3.727272727272727,
  "axis_stats": {
    "completeness": {
      "matched": 3,
      "score_sum": 0.624610036611557,
      "conversation_count": 1,
      "avg_score": 0.20820334553718567
    },
    "accuracy": {
      "matched": 2,
      "score_sum": 0.5408948361873627,
      "conversation_count": 1,
      "avg_score": 0.27044741809368134
    },
    "context_awareness": {
      "matched": 2,
      "score_sum": 0.8267087936401367,
      "conversation_count": 1,
      "avg_score": 0.41335439682006836
    },
    "communication_quality": {
      "matched": 2,
      "score_sum": 1.3657565593719483,
      "conversation_count": 1,
      "avg_score": 0.6828782796859741
    },
    "instruction_following": {
      "matched": 2,
      "score_sum": 0.0,
      "conversation_count": 1,
      "avg_score": 0.0
    }
  }
}