{
  "conversation_id": 1939,
  "matched": 13,
  "total_reference": 13,
  "avg_score": 0.36046153846153844,
  "avg_point_diff": 5.076923076923077,
  "axis_stats": {
    "completeness": {
      "matched": 1,
      "score_sum": 0.2163911819458008,
      "conversation_count": 1,
      "avg_score": 0.2163911819458008
    },
    "accuracy": {
      "matched": 3,
      "score_sum": 0.6227713823318481,
      "conversation_count": 1,
      "avg_score": 0.20759046077728271
    },
    "context_awareness": {
      "matched": 6,
      "score_sum": 2.5642563700675964,
      "conversation_count": 1,
      "avg_score": 0.42737606167793274
    },
    "communication_quality": {
      "matched": 0,
      "score_sum": 0.0,
      "conversation_count": 0
    },
    "instruction_following": {
      "matched": 3,
      "score_sum": 1.281798779964447,
      "conversation_count": 1,
      "avg_score": 0.427266259988149
    }
  }
}