{
  "conversation_id": 951,
  "matched": 13,
  "total_reference": 13,
  "avg_score": 0.22661538461538464,
  "avg_point_diff": 6.538461538461538,
  "axis_stats": {
    "completeness": {
      "matched": 2,
      "score_sum": 0.7981570363044739,
      "conversation_count": 1,
      "avg_score": 0.39907851815223694
    },
    "accuracy": {
      "matched": 3,
      "score_sum": 0.9638542830944061,
      "conversation_count": 1,
      "avg_score": 0.3212847610314687
    },
    "context_awareness": {
      "matched": 4,
      "score_sum": 0.5128065824508667,
      "conversation_count": 1,
      "avg_score": 0.12820164561271669
    },
    "communication_quality": {
      "matched": 4,
      "score_sum": 0.6711270958185196,
      "conversation_count": 1,
      "avg_score": 0.1677817739546299
    },
    "instruction_following": {
      "matched": 0,
      "score_sum": 0.0,
      "conversation_count": 0
    }
  }
}