{
  "conversation_id": 1164,
  "matched": 10,
  "total_reference": 10,
  "avg_score": 0.46230000000000004,
  "avg_point_diff": 2.7,
  "axis_stats": {
    "completeness": {
      "matched": 5,
      "score_sum": 1.724372673034668,
      "conversation_count": 1,
      "avg_score": 0.3448745346069336
    },
    "accuracy": {
      "matched": 3,
      "score_sum": 2.2503685355186462,
      "conversation_count": 1,
      "avg_score": 0.7501228451728821
    },
    "context_awareness": {
      "matched": 1,
      "score_sum": 0.4001753330230713,
      "conversation_count": 1,
      "avg_score": 0.4001753330230713
    },
    "communication_quality": {
      "matched": 1,
      "score_sum": 0.2465655654668808,
      "conversation_count": 1,
      "avg_score": 0.2465655654668808
    },
    "instruction_following": {
      "matched": 0,
      "score_sum": 0.0,
      "conversation_count": 0
    }
  }
}