{
  "conversation_id": 1555,
  "matched": 10,
  "total_reference": 10,
  "avg_score": 0.263,
  "avg_point_diff": 7.4,
  "axis_stats": {
    "completeness": {
      "matched": 2,
      "score_sum": 0.7712822556495667,
      "conversation_count": 1,
      "avg_score": 0.3856411278247833
    },
    "accuracy": {
      "matched": 5,
      "score_sum": 1.0456295609474182,
      "conversation_count": 1,
      "avg_score": 0.20912591218948365
    },
    "context_awareness": {
      "matched": 1,
      "score_sum": 0.30473568439483645,
      "conversation_count": 1,
      "avg_score": 0.30473568439483645
    },
    "communication_quality": {
      "matched": 1,
      "score_sum": 0.1792551577091217,
      "conversation_count": 1,
      "avg_score": 0.1792551577091217
    },
    "instruction_following": {
      "matched": 1,
      "score_sum": 0.3289038181304932,
      "conversation_count": 1,
      "avg_score": 0.3289038181304932
    }
  }
}