{
  "conversation_id": 641,
  "matched": 9,
  "total_reference": 9,
  "avg_score": 0.21977777777777774,
  "avg_point_diff": 5.777777777777778,
  "axis_stats": {
    "completeness": {
      "matched": 3,
      "score_sum": 0.5129247903823853,
      "conversation_count": 1,
      "avg_score": 0.17097493012746176
    },
    "accuracy": {
      "matched": 3,
      "score_sum": 0.4576081335544586,
      "conversation_count": 1,
      "avg_score": 0.15253604451815286
    },
    "context_awareness": {
      "matched": 1,
      "score_sum": 0.5449475049972534,
      "conversation_count": 1,
      "avg_score": 0.5449475049972534
    },
    "communication_quality": {
      "matched": 0,
      "score_sum": 0.0,
      "conversation_count": 0
    },
    "instruction_following": {
      "matched": 2,
      "score_sum": 0.4624848544597626,
      "conversation_count": 1,
      "avg_score": 0.2312424272298813
    }
  }
}