{
  "conversation_id": 495,
  "matched": 14,
  "total_reference": 14,
  "avg_score": 0.28814285714285715,
  "avg_point_diff": 7.714285714285714,
  "axis_stats": {
    "completeness": {
      "matched": 7,
      "score_sum": 1.4652201890945435,
      "conversation_count": 1,
      "avg_score": 0.20931716987064908
    },
    "accuracy": {
      "matched": 4,
      "score_sum": 1.3746892213821411,
      "conversation_count": 1,
      "avg_score": 0.3436723053455353
    },
    "context_awareness": {
      "matched": 1,
      "score_sum": 0.4885108768939972,
      "conversation_count": 1,
      "avg_score": 0.4885108768939972
    },
    "communication_quality": {
      "matched": 0,
      "score_sum": 0.0,
      "conversation_count": 0
    },
    "instruction_following": {
      "matched": 2,
      "score_sum": 0.7054080963134766,
      "conversation_count": 1,
      "avg_score": 0.3527040481567383
    }
  }
}