{
  "conversation_id": 2433,
  "matched": 15,
  "total_reference": 15,
  "avg_score": 0.2656,
  "avg_point_diff": 6.333333333333333,
  "axis_stats": {
    "completeness": {
      "matched": 8,
      "score_sum": 2.3001081526279448,
      "conversation_count": 1,
      "avg_score": 0.2875135190784931
    },
    "accuracy": {
      "matched": 4,
      "score_sum": 0.9053413450717926,
      "conversation_count": 1,
      "avg_score": 0.22633533626794816
    },
    "context_awareness": {
      "matched": 1,
      "score_sum": 0.45170658826828003,
      "conversation_count": 1,
      "avg_score": 0.45170658826828003
    },
    "communication_quality": {
      "matched": 1,
      "score_sum": 0.3261783719062805,
      "conversation_count": 1,
      "avg_score": 0.3261783719062805
    },
    "instruction_following": {
      "matched": 1,
      "score_sum": 0.0,
      "conversation_count": 1,
      "avg_score": 0.0
    }
  }
}