{
  "conversation_id": 1117,
  "matched": 11,
  "total_reference": 11,
  "avg_score": 0.27918181818181825,
  "avg_point_diff": 5.090909090909091,
  "axis_stats": {
    "completeness": {
      "matched": 3,
      "score_sum": 0.4548479914665222,
      "conversation_count": 1,
      "avg_score": 0.15161599715550741
    },
    "accuracy": {
      "matched": 6,
      "score_sum": 2.1335749685764314,
      "conversation_count": 1,
      "avg_score": 0.3555958280960719
    },
    "context_awareness": {
      "matched": 1,
      "score_sum": 0.2822812795639038,
      "conversation_count": 1,
      "avg_score": 0.2822812795639038
    },
    "communication_quality": {
      "matched": 1,
      "score_sum": 0.20036746561527252,
      "conversation_count": 1,
      "avg_score": 0.20036746561527252
    },
    "instruction_following": {
      "matched": 0,
      "score_sum": 0.0,
      "conversation_count": 0
    }
  }
}