{
  "conversation_id": 2031,
  "matched": 12,
  "total_reference": 12,
  "avg_score": 0.3365833333333333,
  "avg_point_diff": 5.0,
  "axis_stats": {
    "completeness": {
      "matched": 1,
      "score_sum": 0.5354472398757935,
      "conversation_count": 1,
      "avg_score": 0.5354472398757935
    },
    "accuracy": {
      "matched": 7,
      "score_sum": 2.15227073431015,
      "conversation_count": 1,
      "avg_score": 0.30746724775859285
    },
    "context_awareness": {
      "matched": 2,
      "score_sum": 1.1470638513565063,
      "conversation_count": 1,
      "avg_score": 0.5735319256782532
    },
    "communication_quality": {
      "matched": 0,
      "score_sum": 0.0,
      "conversation_count": 0
    },
    "instruction_following": {
      "matched": 2,
      "score_sum": 0.2041729211807251,
      "conversation_count": 1,
      "avg_score": 0.10208646059036255
    }
  }
}