{
  "conversation_id": 2139,
  "matched": 8,
  "total_reference": 8,
  "avg_score": 0.33899999999999997,
  "avg_point_diff": 7.0,
  "axis_stats": {
    "completeness": {
      "matched": 1,
      "score_sum": 0.4387989044189453,
      "conversation_count": 1,
      "avg_score": 0.4387989044189453
    },
    "accuracy": {
      "matched": 2,
      "score_sum": 0.4662376344203949,
      "conversation_count": 1,
      "avg_score": 0.23311881721019745
    },
    "context_awareness": {
      "matched": 1,
      "score_sum": 0.84427410364151,
      "conversation_count": 1,
      "avg_score": 0.84427410364151
    },
    "communication_quality": {
      "matched": 1,
      "score_sum": 0.5109114646911621,
      "conversation_count": 1,
      "avg_score": 0.5109114646911621
    },
    "instruction_following": {
      "matched": 3,
      "score_sum": 0.452460914850235,
      "conversation_count": 1,
      "avg_score": 0.15082030495007834
    }
  }
}