{
  "conversation_id": 13,
  "matched": 11,
  "total_reference": 11,
  "avg_score": 0.16109090909090912,
  "avg_point_diff": 7.181818181818182,
  "axis_stats": {
    "completeness": {
      "matched": 1,
      "score_sum": 0.7318851351737976,
      "conversation_count": 1,
      "avg_score": 0.7318851351737976
    },
    "accuracy": {
      "matched": 2,
      "score_sum": 0.0,
      "conversation_count": 1,
      "avg_score": 0.0
    },
    "context_awareness": {
      "matched": 2,
      "score_sum": 0.3756788372993469,
      "conversation_count": 1,
      "avg_score": 0.18783941864967346
    },
    "communication_quality": {
      "matched": 2,
      "score_sum": 0.28587454557418823,
      "conversation_count": 1,
      "avg_score": 0.14293727278709412
    },
    "instruction_following": {
      "matched": 4,
      "score_sum": 0.3780669212341309,
      "conversation_count": 1,
      "avg_score": 0.09451673030853272
    }
  }
}