{
  "conversation_id": 538,
  "matched": 15,
  "total_reference": 15,
  "avg_score": 0.40513333333333335,
  "avg_point_diff": 6.066666666666666,
  "axis_stats": {
    "completeness": {
      "matched": 8,
      "score_sum": 3.1971975922584535,
      "conversation_count": 1,
      "avg_score": 0.3996496990323067
    },
    "accuracy": {
      "matched": 5,
      "score_sum": 1.6653675615787507,
      "conversation_count": 1,
      "avg_score": 0.3330735123157501
    },
    "context_awareness": {
      "matched": 1,
      "score_sum": 0.5890429019927979,
      "conversation_count": 1,
      "avg_score": 0.5890429019927979
    },
    "communication_quality": {
      "matched": 1,
      "score_sum": 0.6271570920944214,
      "conversation_count": 1,
      "avg_score": 0.6271570920944214
    },
    "instruction_following": {
      "matched": 0,
      "score_sum": 0.0,
      "conversation_count": 0
    }
  }
}