{
  "conversation_id": 2382,
  "matched": 10,
  "total_reference": 10,
  "avg_score": 0.41869999999999996,
  "avg_point_diff": 4.6,
  "axis_stats": {
    "completeness": {
      "matched": 1,
      "score_sum": 0.33079269528388977,
      "conversation_count": 1,
      "avg_score": 0.33079269528388977
    },
    "accuracy": {
      "matched": 5,
      "score_sum": 2.0745417922735214,
      "conversation_count": 1,
      "avg_score": 0.4149083584547043
    },
    "context_awareness": {
      "matched": 1,
      "score_sum": 0.30043837428092957,
      "conversation_count": 1,
      "avg_score": 0.30043837428092957
    },
    "communication_quality": {
      "matched": 2,
      "score_sum": 0.7790315747261047,
      "conversation_count": 1,
      "avg_score": 0.38951578736305237
    },
    "instruction_following": {
      "matched": 1,
      "score_sum": 0.702799916267395,
      "conversation_count": 1,
      "avg_score": 0.702799916267395
    }
  }
}