{
  "conversation_id": 2621,
  "matched": 10,
  "total_reference": 10,
  "avg_score": 0.5049000000000001,
  "avg_point_diff": 4.8,
  "axis_stats": {
    "completeness": {
      "matched": 4,
      "score_sum": 1.3798359632492065,
      "conversation_count": 1,
      "avg_score": 0.34495899081230164
    },
    "accuracy": {
      "matched": 4,
      "score_sum": 2.6191695630550385,
      "conversation_count": 1,
      "avg_score": 0.6547923907637596
    },
    "context_awareness": {
      "matched": 1,
      "score_sum": 0.49294283986091614,
      "conversation_count": 1,
      "avg_score": 0.49294283986091614
    },
    "communication_quality": {
      "matched": 1,
      "score_sum": 0.5568035840988159,
      "conversation_count": 1,
      "avg_score": 0.5568035840988159
    },
    "instruction_following": {
      "matched": 0,
      "score_sum": 0.0,
      "conversation_count": 0
    }
  }
}