{
  "conversation_id": 1687,
  "matched": 11,
  "total_reference": 11,
  "avg_score": 0.16736363636363638,
  "avg_point_diff": 10.545454545454545,
  "axis_stats": {
    "completeness": {
      "matched": 4,
      "score_sum": 0.7499333024024963,
      "conversation_count": 1,
      "avg_score": 0.18748332560062408
    },
    "accuracy": {
      "matched": 4,
      "score_sum": 0.311603593826294,
      "conversation_count": 1,
      "avg_score": 0.0779008984565735
    },
    "context_awareness": {
      "matched": 1,
      "score_sum": 0.5507271885871887,
      "conversation_count": 1,
      "avg_score": 0.5507271885871887
    },
    "communication_quality": {
      "matched": 1,
      "score_sum": 0.22812700271606445,
      "conversation_count": 1,
      "avg_score": 0.22812700271606445
    },
    "instruction_following": {
      "matched": 1,
      "score_sum": 0.0,
      "conversation_count": 1,
      "avg_score": 0.0
    }
  }
}