{
  "conversation_id": 2468,
  "matched": 13,
  "total_reference": 13,
  "avg_score": 0.25976923076923075,
  "avg_point_diff": 8.461538461538462,
  "axis_stats": {
    "completeness": {
      "matched": 4,
      "score_sum": 0.7414227724075317,
      "conversation_count": 1,
      "avg_score": 0.18535569310188293
    },
    "accuracy": {
      "matched": 6,
      "score_sum": 1.7240869998931885,
      "conversation_count": 1,
      "avg_score": 0.28734783331553143
    },
    "context_awareness": {
      "matched": 3,
      "score_sum": 0.9120410978794098,
      "conversation_count": 1,
      "avg_score": 0.3040136992931366
    },
    "communication_quality": {
      "matched": 0,
      "score_sum": 0.0,
      "conversation_count": 0
    },
    "instruction_following": {
      "matched": 0,
      "score_sum": 0.0,
      "conversation_count": 0
    }
  }
}