{
  "conversation_id": 2154,
  "matched": 13,
  "total_reference": 13,
  "avg_score": 0.30392307692307696,
  "avg_point_diff": 5.923076923076923,
  "axis_stats": {
    "completeness": {
      "matched": 6,
      "score_sum": 1.2721896767616272,
      "conversation_count": 1,
      "avg_score": 0.21203161279360452
    },
    "accuracy": {
      "matched": 2,
      "score_sum": 1.27653968334198,
      "conversation_count": 1,
      "avg_score": 0.63826984167099
    },
    "context_awareness": {
      "matched": 2,
      "score_sum": 0.49731457233428955,
      "conversation_count": 1,
      "avg_score": 0.24865728616714478
    },
    "communication_quality": {
      "matched": 1,
      "score_sum": 0.3809618353843689,
      "conversation_count": 1,
      "avg_score": 0.3809618353843689
    },
    "instruction_following": {
      "matched": 2,
      "score_sum": 0.5247513055801392,
      "conversation_count": 1,
      "avg_score": 0.2623756527900696
    }
  }
}