{
  "conversation_id": 1114,
  "matched": 15,
  "total_reference": 15,
  "avg_score": 0.31460000000000005,
  "avg_point_diff": 5.933333333333334,
  "axis_stats": {
    "completeness": {
      "matched": 10,
      "score_sum": 3.4610468804836274,
      "conversation_count": 1,
      "avg_score": 0.34610468804836275
    },
    "accuracy": {
      "matched": 2,
      "score_sum": 0.6318509578704834,
      "conversation_count": 1,
      "avg_score": 0.3159254789352417
    },
    "context_awareness": {
      "matched": 1,
      "score_sum": 0.43529659509658813,
      "conversation_count": 1,
      "avg_score": 0.43529659509658813
    },
    "communication_quality": {
      "matched": 2,
      "score_sum": 0.19043068885803224,
      "conversation_count": 1,
      "avg_score": 0.09521534442901612
    },
    "instruction_following": {
      "matched": 0,
      "score_sum": 0.0,
      "conversation_count": 0
    }
  }
}