{
  "conversation_id": 2058,
  "matched": 12,
  "total_reference": 12,
  "avg_score": 0.27458333333333335,
  "avg_point_diff": 6.666666666666667,
  "axis_stats": {
    "completeness": {
      "matched": 5,
      "score_sum": 1.985312044620514,
      "conversation_count": 1,
      "avg_score": 0.39706240892410277
    },
    "accuracy": {
      "matched": 3,
      "score_sum": 0.3753926753997803,
      "conversation_count": 1,
      "avg_score": 0.12513089179992676
    },
    "context_awareness": {
      "matched": 2,
      "score_sum": 0.474844753742218,
      "conversation_count": 1,
      "avg_score": 0.237422376871109
    },
    "communication_quality": {
      "matched": 0,
      "score_sum": 0.0,
      "conversation_count": 0
    },
    "instruction_following": {
      "matched": 2,
      "score_sum": 0.45867568254470825,
      "conversation_count": 1,
      "avg_score": 0.22933784127235413
    }
  }
}