{
  "conversation_id": 34,
  "matched": 13,
  "total_reference": 13,
  "avg_score": 0.2732307692307692,
  "avg_point_diff": 4.538461538461538,
  "axis_stats": {
    "completeness": {
      "matched": 5,
      "score_sum": 0.9551747441291809,
      "conversation_count": 1,
      "avg_score": 0.1910349488258362
    },
    "accuracy": {
      "matched": 4,
      "score_sum": 1.2536288797855377,
      "conversation_count": 1,
      "avg_score": 0.31340721994638443
    },
    "context_awareness": {
      "matched": 2,
      "score_sum": 0.6099151968955994,
      "conversation_count": 1,
      "avg_score": 0.3049575984477997
    },
    "communication_quality": {
      "matched": 1,
      "score_sum": 0.40674346685409546,
      "conversation_count": 1,
      "avg_score": 0.40674346685409546
    },
    "instruction_following": {
      "matched": 1,
      "score_sum": 0.3269258737564087,
      "conversation_count": 1,
      "avg_score": 0.3269258737564087
    }
  }
}