{
  "conversation_id": 1012,
  "matched": 13,
  "total_reference": 13,
  "avg_score": 0.3793076923076923,
  "avg_point_diff": 6.538461538461538,
  "axis_stats": {
    "completeness": {
      "matched": 1,
      "score_sum": 0.6598037481307983,
      "conversation_count": 1,
      "avg_score": 0.6598037481307983
    },
    "accuracy": {
      "matched": 4,
      "score_sum": 0.9529475569725037,
      "conversation_count": 1,
      "avg_score": 0.23823688924312592
    },
    "context_awareness": {
      "matched": 6,
      "score_sum": 2.9640632271766663,
      "conversation_count": 1,
      "avg_score": 0.4940105378627777
    },
    "communication_quality": {
      "matched": 2,
      "score_sum": 0.3537222445011139,
      "conversation_count": 1,
      "avg_score": 0.17686112225055695
    },
    "instruction_following": {
      "matched": 0,
      "score_sum": 0.0,
      "conversation_count": 0
    }
  }
}