{
  "conversation_id": 1395,
  "matched": 13,
  "total_reference": 13,
  "avg_score": 0.4563076923076924,
  "avg_point_diff": 3.6153846153846154,
  "axis_stats": {
    "completeness": {
      "matched": 4,
      "score_sum": 1.9291494488716125,
      "conversation_count": 1,
      "avg_score": 0.48228736221790314
    },
    "accuracy": {
      "matched": 8,
      "score_sum": 3.4405479192733766,
      "conversation_count": 1,
      "avg_score": 0.43006848990917207
    },
    "context_awareness": {
      "matched": 1,
      "score_sum": 0.5616310238838196,
      "conversation_count": 1,
      "avg_score": 0.5616310238838196
    },
    "communication_quality": {
      "matched": 0,
      "score_sum": 0.0,
      "conversation_count": 0
    },
    "instruction_following": {
      "matched": 0,
      "score_sum": 0.0,
      "conversation_count": 0
    }
  }
}