{
  "conversation_id": 1798,
  "matched": 9,
  "total_reference": 9,
  "avg_score": 0.2518888888888889,
  "avg_point_diff": 6.666666666666667,
  "axis_stats": {
    "completeness": {
      "matched": 4,
      "score_sum": 0.8236302137374878,
      "conversation_count": 1,
      "avg_score": 0.20590755343437195
    },
    "accuracy": {
      "matched": 3,
      "score_sum": 0.5649805545806885,
      "conversation_count": 1,
      "avg_score": 0.18832685152689618
    },
    "context_awareness": {
      "matched": 1,
      "score_sum": 0.454332560300827,
      "conversation_count": 1,
      "avg_score": 0.454332560300827
    },
    "communication_quality": {
      "matched": 1,
      "score_sum": 0.4249710440635681,
      "conversation_count": 1,
      "avg_score": 0.4249710440635681
    },
    "instruction_following": {
      "matched": 0,
      "score_sum": 0.0,
      "conversation_count": 0
    }
  }
}