{
  "conversation_id": 792,
  "matched": 8,
  "total_reference": 8,
  "avg_score": 0.360375,
  "avg_point_diff": 4.875,
  "axis_stats": {
    "completeness": {
      "matched": 2,
      "score_sum": 0.4439386367797852,
      "conversation_count": 1,
      "avg_score": 0.2219693183898926
    },
    "accuracy": {
      "matched": 3,
      "score_sum": 1.1347158551216125,
      "conversation_count": 1,
      "avg_score": 0.37823861837387085
    },
    "context_awareness": {
      "matched": 2,
      "score_sum": 1.0233663022518158,
      "conversation_count": 1,
      "avg_score": 0.5116831511259079
    },
    "communication_quality": {
      "matched": 1,
      "score_sum": 0.28103119134902954,
      "conversation_count": 1,
      "avg_score": 0.28103119134902954
    },
    "instruction_following": {
      "matched": 0,
      "score_sum": 0.0,
      "conversation_count": 0
    }
  }
}