{
  "conversation_id": 2259,
  "matched": 13,
  "total_reference": 13,
  "avg_score": 0.24023076923076925,
  "avg_point_diff": 7.3076923076923075,
  "axis_stats": {
    "completeness": {
      "matched": 3,
      "score_sum": 0.20009881258010864,
      "conversation_count": 1,
      "avg_score": 0.06669960419336955
    },
    "accuracy": {
      "matched": 3,
      "score_sum": 0.40467074513435364,
      "conversation_count": 1,
      "avg_score": 0.1348902483781179
    },
    "context_awareness": {
      "matched": 2,
      "score_sum": 1.0272536277770996,
      "conversation_count": 1,
      "avg_score": 0.5136268138885498
    },
    "communication_quality": {
      "matched": 5,
      "score_sum": 1.4914425492286683,
      "conversation_count": 1,
      "avg_score": 0.29828850984573363
    },
    "instruction_following": {
      "matched": 0,
      "score_sum": 0.0,
      "conversation_count": 0
    }
  }
}