{
  "conversation_id": 896,
  "matched": 14,
  "total_reference": 14,
  "avg_score": 0.37928571428571434,
  "avg_point_diff": 5.714285714285714,
  "axis_stats": {
    "completeness": {
      "matched": 3,
      "score_sum": 0.5971360802650452,
      "conversation_count": 1,
      "avg_score": 0.1990453600883484
    },
    "accuracy": {
      "matched": 8,
      "score_sum": 3.482628971338272,
      "conversation_count": 1,
      "avg_score": 0.435328621417284
    },
    "context_awareness": {
      "matched": 1,
      "score_sum": 0.5060508251190186,
      "conversation_count": 1,
      "avg_score": 0.5060508251190186
    },
    "communication_quality": {
      "matched": 2,
      "score_sum": 0.7258058786392212,
      "conversation_count": 1,
      "avg_score": 0.3629029393196106
    },
    "instruction_following": {
      "matched": 0,
      "score_sum": 0.0,
      "conversation_count": 0
    }
  }
}