{
  "conversation_id": 974,
  "matched": 11,
  "total_reference": 11,
  "avg_score": 0.3350909090909091,
  "avg_point_diff": 5.363636363636363,
  "axis_stats": {
    "completeness": {
      "matched": 7,
      "score_sum": 1.6511761546134949,
      "conversation_count": 1,
      "avg_score": 0.23588230780192784
    },
    "accuracy": {
      "matched": 2,
      "score_sum": 1.4857420325279236,
      "conversation_count": 1,
      "avg_score": 0.7428710162639618
    },
    "context_awareness": {
      "matched": 1,
      "score_sum": 0.27233678102493286,
      "conversation_count": 1,
      "avg_score": 0.27233678102493286
    },
    "communication_quality": {
      "matched": 1,
      "score_sum": 0.2756612300872803,
      "conversation_count": 1,
      "avg_score": 0.2756612300872803
    },
    "instruction_following": {
      "matched": 0,
      "score_sum": 0.0,
      "conversation_count": 0
    }
  }
}