{
  "conversation_id": 869,
  "matched": 14,
  "total_reference": 14,
  "avg_score": 0.34864285714285714,
  "avg_point_diff": 5.285714285714286,
  "axis_stats": {
    "completeness": {
      "matched": 5,
      "score_sum": 2.114091455936432,
      "conversation_count": 1,
      "avg_score": 0.42281829118728637
    },
    "accuracy": {
      "matched": 2,
      "score_sum": 0.4633554518222809,
      "conversation_count": 1,
      "avg_score": 0.23167772591114044
    },
    "context_awareness": {
      "matched": 3,
      "score_sum": 1.0515576303005219,
      "conversation_count": 1,
      "avg_score": 0.35051921010017395
    },
    "communication_quality": {
      "matched": 2,
      "score_sum": 0.49592092633247375,
      "conversation_count": 1,
      "avg_score": 0.24796046316623688
    },
    "instruction_following": {
      "matched": 2,
      "score_sum": 0.7555393576622009,
      "conversation_count": 1,
      "avg_score": 0.37776967883110046
    }
  }
}