{
  "conversation_id": 390,
  "matched": 14,
  "total_reference": 14,
  "avg_score": 0.3228571428571429,
  "avg_point_diff": 4.928571428571429,
  "axis_stats": {
    "completeness": {
      "matched": 2,
      "score_sum": 1.0269460678100586,
      "conversation_count": 1,
      "avg_score": 0.5134730339050293
    },
    "accuracy": {
      "matched": 5,
      "score_sum": 0.7974827289581299,
      "conversation_count": 1,
      "avg_score": 0.15949654579162598
    },
    "context_awareness": {
      "matched": 2,
      "score_sum": 0.8432259559631348,
      "conversation_count": 1,
      "avg_score": 0.4216129779815674
    },
    "communication_quality": {
      "matched": 2,
      "score_sum": 0.3990730047225952,
      "conversation_count": 1,
      "avg_score": 0.1995365023612976
    },
    "instruction_following": {
      "matched": 3,
      "score_sum": 1.453419417142868,
      "conversation_count": 1,
      "avg_score": 0.4844731390476227
    }
  }
}