{
  "conversation_id": 949,
  "matched": 11,
  "total_reference": 11,
  "avg_score": 0.2240909090909091,
  "avg_point_diff": 7.181818181818182,
  "axis_stats": {
    "completeness": {
      "matched": 4,
      "score_sum": 0.4288717329502106,
      "conversation_count": 1,
      "avg_score": 0.10721793323755265
    },
    "accuracy": {
      "matched": 3,
      "score_sum": 0.7195171117782593,
      "conversation_count": 1,
      "avg_score": 0.23983903725941977
    },
    "context_awareness": {
      "matched": 2,
      "score_sum": 0.351135790348053,
      "conversation_count": 1,
      "avg_score": 0.1755678951740265
    },
    "communication_quality": {
      "matched": 1,
      "score_sum": 0.9650365114212036,
      "conversation_count": 1,
      "avg_score": 0.9650365114212036
    },
    "instruction_following": {
      "matched": 1,
      "score_sum": 0.0,
      "conversation_count": 1,
      "avg_score": 0.0
    }
  }
}