{
  "conversation_id": 1640,
  "matched": 14,
  "total_reference": 14,
  "avg_score": 0.223,
  "avg_point_diff": 7.071428571428571,
  "axis_stats": {
    "completeness": {
      "matched": 6,
      "score_sum": 1.0981902331113815,
      "conversation_count": 1,
      "avg_score": 0.1830317055185636
    },
    "accuracy": {
      "matched": 4,
      "score_sum": 0.6970104575157166,
      "conversation_count": 1,
      "avg_score": 0.17425261437892914
    },
    "context_awareness": {
      "matched": 3,
      "score_sum": 0.9203104376792908,
      "conversation_count": 1,
      "avg_score": 0.3067701458930969
    },
    "communication_quality": {
      "matched": 0,
      "score_sum": 0.0,
      "conversation_count": 0
    },
    "instruction_following": {
      "matched": 1,
      "score_sum": 0.40511640906333923,
      "conversation_count": 1,
      "avg_score": 0.40511640906333923
    }
  }
}