{
  "conversation_id": 703,
  "matched": 13,
  "total_reference": 13,
  "avg_score": 0.222,
  "avg_point_diff": 7.769230769230769,
  "axis_stats": {
    "completeness": {
      "matched": 4,
      "score_sum": 0.684922605752945,
      "conversation_count": 1,
      "avg_score": 0.17123065143823624
    },
    "accuracy": {
      "matched": 2,
      "score_sum": 1.06593656539917,
      "conversation_count": 1,
      "avg_score": 0.532968282699585
    },
    "context_awareness": {
      "matched": 3,
      "score_sum": 0.2866538166999817,
      "conversation_count": 1,
      "avg_score": 0.09555127223332723
    },
    "communication_quality": {
      "matched": 0,
      "score_sum": 0.0,
      "conversation_count": 0
    },
    "instruction_following": {
      "matched": 4,
      "score_sum": 0.8481926321983337,
      "conversation_count": 1,
      "avg_score": 0.21204815804958344
    }
  }
}