{
  "conversation_id": 2626,
  "matched": 14,
  "total_reference": 14,
  "avg_score": 0.176,
  "avg_point_diff": 7.357142857142857,
  "axis_stats": {
    "completeness": {
      "matched": 9,
      "score_sum": 1.6193468093872072,
      "conversation_count": 1,
      "avg_score": 0.17992742326524525
    },
    "accuracy": {
      "matched": 1,
      "score_sum": 0.1378229260444641,
      "conversation_count": 1,
      "avg_score": 0.1378229260444641
    },
    "context_awareness": {
      "matched": 1,
      "score_sum": 0.3507912755012512,
      "conversation_count": 1,
      "avg_score": 0.3507912755012512
    },
    "communication_quality": {
      "matched": 3,
      "score_sum": 0.35521042346954346,
      "conversation_count": 1,
      "avg_score": 0.11840347448984782
    },
    "instruction_following": {
      "matched": 0,
      "score_sum": 0.0,
      "conversation_count": 0
    }
  }
}