{
  "conversation_id": 1662,
  "matched": 13,
  "total_reference": 13,
  "avg_score": 0.2946153846153846,
  "avg_point_diff": 5.6923076923076925,
  "axis_stats": {
    "completeness": {
      "matched": 7,
      "score_sum": 2.7207289338111877,
      "conversation_count": 1,
      "avg_score": 0.38867556197302683
    },
    "accuracy": {
      "matched": 2,
      "score_sum": 0.47320855855941774,
      "conversation_count": 1,
      "avg_score": 0.23660427927970887
    },
    "context_awareness": {
      "matched": 1,
      "score_sum": 0.35020434856414795,
      "conversation_count": 1,
      "avg_score": 0.35020434856414795
    },
    "communication_quality": {
      "matched": 2,
      "score_sum": 0.2859785556793213,
      "conversation_count": 1,
      "avg_score": 0.14298927783966064
    },
    "instruction_following": {
      "matched": 1,
      "score_sum": 0.0,
      "conversation_count": 1,
      "avg_score": 0.0
    }
  }
}