{
  "conversation_id": 368,
  "matched": 8,
  "total_reference": 8,
  "avg_score": 0.44137499999999996,
  "avg_point_diff": 3.125,
  "axis_stats": {
    "completeness": {
      "matched": 1,
      "score_sum": 0.7848074436187744,
      "conversation_count": 1,
      "avg_score": 0.7848074436187744
    },
    "accuracy": {
      "matched": 3,
      "score_sum": 1.9788487255573273,
      "conversation_count": 1,
      "avg_score": 0.6596162418524424
    },
    "context_awareness": {
      "matched": 0,
      "score_sum": 0.0,
      "conversation_count": 0
    },
    "communication_quality": {
      "matched": 3,
      "score_sum": 0.5627619028091431,
      "conversation_count": 1,
      "avg_score": 0.187587300936381
    },
    "instruction_following": {
      "matched": 1,
      "score_sum": 0.20382221043109894,
      "conversation_count": 1,
      "avg_score": 0.20382221043109894
    }
  }
}