{
  "conversation_id": 1438,
  "matched": 13,
  "total_reference": 13,
  "avg_score": 0.2796923076923077,
  "avg_point_diff": 6.615384615384615,
  "axis_stats": {
    "completeness": {
      "matched": 4,
      "score_sum": 1.8006561398506165,
      "conversation_count": 1,
      "avg_score": 0.4501640349626541
    },
    "accuracy": {
      "matched": 6,
      "score_sum": 1.1602864563465118,
      "conversation_count": 1,
      "avg_score": 0.19338107605775198
    },
    "context_awareness": {
      "matched": 2,
      "score_sum": 0.44759705662727356,
      "conversation_count": 1,
      "avg_score": 0.22379852831363678
    },
    "communication_quality": {
      "matched": 1,
      "score_sum": 0.22754423320293427,
      "conversation_count": 1,
      "avg_score": 0.22754423320293427
    },
    "instruction_following": {
      "matched": 0,
      "score_sum": 0.0,
      "conversation_count": 0
    }
  }
}