{
  "conversation_id": 1420,
  "matched": 11,
  "total_reference": 11,
  "avg_score": 0.3190909090909091,
  "avg_point_diff": 5.0,
  "axis_stats": {
    "completeness": {
      "matched": 4,
      "score_sum": 2.0749595165252686,
      "conversation_count": 1,
      "avg_score": 0.5187398791313171
    },
    "accuracy": {
      "matched": 5,
      "score_sum": 0.40817707777023315,
      "conversation_count": 1,
      "avg_score": 0.08163541555404663
    },
    "context_awareness": {
      "matched": 1,
      "score_sum": 0.6036464214324951,
      "conversation_count": 1,
      "avg_score": 0.6036464214324951
    },
    "communication_quality": {
      "matched": 1,
      "score_sum": 0.4234834611415863,
      "conversation_count": 1,
      "avg_score": 0.4234834611415863
    },
    "instruction_following": {
      "matched": 0,
      "score_sum": 0.0,
      "conversation_count": 0
    }
  }
}