{
  "conversation_id": 2597,
  "matched": 15,
  "total_reference": 15,
  "avg_score": 0.2702,
  "avg_point_diff": 5.266666666666667,
  "axis_stats": {
    "completeness": {
      "matched": 4,
      "score_sum": 0.6229792237281799,
      "conversation_count": 1,
      "avg_score": 0.15574480593204498
    },
    "accuracy": {
      "matched": 5,
      "score_sum": 1.2358465492725372,
      "conversation_count": 1,
      "avg_score": 0.24716930985450744
    },
    "context_awareness": {
      "matched": 3,
      "score_sum": 1.1392502188682556,
      "conversation_count": 1,
      "avg_score": 0.3797500729560852
    },
    "communication_quality": {
      "matched": 1,
      "score_sum": 0.44319742918014526,
      "conversation_count": 1,
      "avg_score": 0.44319742918014526
    },
    "instruction_following": {
      "matched": 2,
      "score_sum": 0.6121254771947862,
      "conversation_count": 1,
      "avg_score": 0.3060627385973931
    }
  }
}