{
  "conversation_id": 2004,
  "matched": 12,
  "total_reference": 12,
  "avg_score": 0.26366666666666666,
  "avg_point_diff": 5.666666666666667,
  "axis_stats": {
    "completeness": {
      "matched": 3,
      "score_sum": 1.711139976978302,
      "conversation_count": 1,
      "avg_score": 0.5703799923261007
    },
    "accuracy": {
      "matched": 4,
      "score_sum": 0.5714594125747681,
      "conversation_count": 1,
      "avg_score": 0.14286485314369202
    },
    "context_awareness": {
      "matched": 2,
      "score_sum": 0.5616139769554138,
      "conversation_count": 1,
      "avg_score": 0.2808069884777069
    },
    "communication_quality": {
      "matched": 0,
      "score_sum": 0.0,
      "conversation_count": 0
    },
    "instruction_following": {
      "matched": 3,
      "score_sum": 0.3202335238456726,
      "conversation_count": 1,
      "avg_score": 0.10674450794855754
    }
  }
}