{
  "conversation_id": 1763,
  "matched": 15,
  "total_reference": 15,
  "avg_score": 0.21580000000000002,
  "avg_point_diff": 7.733333333333333,
  "axis_stats": {
    "completeness": {
      "matched": 1,
      "score_sum": 0.0,
      "conversation_count": 1,
      "avg_score": 0.0
    },
    "accuracy": {
      "matched": 5,
      "score_sum": 0.6852399230003356,
      "conversation_count": 1,
      "avg_score": 0.13704798460006712
    },
    "context_awareness": {
      "matched": 3,
      "score_sum": 0.8634901642799377,
      "conversation_count": 1,
      "avg_score": 0.28783005475997925
    },
    "communication_quality": {
      "matched": 3,
      "score_sum": 0.7119673788547516,
      "conversation_count": 1,
      "avg_score": 0.23732245961825052
    },
    "instruction_following": {
      "matched": 3,
      "score_sum": 0.9765498638153076,
      "conversation_count": 1,
      "avg_score": 0.3255166212717692
    }
  }
}