{
  "conversation_id": 589,
  "matched": 13,
  "total_reference": 13,
  "avg_score": 0.19661538461538458,
  "avg_point_diff": 7.3076923076923075,
  "axis_stats": {
    "completeness": {
      "matched": 6,
      "score_sum": 1.9482557088136672,
      "conversation_count": 1,
      "avg_score": 0.32470928480227784
    },
    "accuracy": {
      "matched": 6,
      "score_sum": 0.3002883791923523,
      "conversation_count": 1,
      "avg_score": 0.05004806319872538
    },
    "context_awareness": {
      "matched": 0,
      "score_sum": 0.0,
      "conversation_count": 0
    },
    "communication_quality": {
      "matched": 1,
      "score_sum": 0.3084852695465088,
      "conversation_count": 1,
      "avg_score": 0.3084852695465088
    },
    "instruction_following": {
      "matched": 0,
      "score_sum": 0.0,
      "conversation_count": 0
    }
  }
}