{
  "conversation_id": 2028,
  "matched": 11,
  "total_reference": 11,
  "avg_score": 0.221,
  "avg_point_diff": 6.636363636363637,
  "axis_stats": {
    "completeness": {
      "matched": 1,
      "score_sum": 0.4416722059249878,
      "conversation_count": 1,
      "avg_score": 0.4416722059249878
    },
    "accuracy": {
      "matched": 5,
      "score_sum": 1.163239550590515,
      "conversation_count": 1,
      "avg_score": 0.232647910118103
    },
    "context_awareness": {
      "matched": 1,
      "score_sum": 0.38639310002326965,
      "conversation_count": 1,
      "avg_score": 0.38639310002326965
    },
    "communication_quality": {
      "matched": 2,
      "score_sum": 0.0,
      "conversation_count": 1,
      "avg_score": 0.0
    },
    "instruction_following": {
      "matched": 2,
      "score_sum": 0.4395761787891388,
      "conversation_count": 1,
      "avg_score": 0.2197880893945694
    }
  }
}