{
  "conversation_id": 1792,
  "matched": 12,
  "total_reference": 12,
  "avg_score": 0.456,
  "avg_point_diff": 3.3333333333333335,
  "axis_stats": {
    "completeness": {
      "matched": 4,
      "score_sum": 2.303572803735733,
      "conversation_count": 1,
      "avg_score": 0.5758932009339333
    },
    "accuracy": {
      "matched": 5,
      "score_sum": 2.4027245342731476,
      "conversation_count": 1,
      "avg_score": 0.4805449068546295
    },
    "context_awareness": {
      "matched": 1,
      "score_sum": 0.2199733853340149,
      "conversation_count": 1,
      "avg_score": 0.2199733853340149
    },
    "communication_quality": {
      "matched": 2,
      "score_sum": 0.5462369322776794,
      "conversation_count": 1,
      "avg_score": 0.2731184661388397
    },
    "instruction_following": {
      "matched": 0,
      "score_sum": 0.0,
      "conversation_count": 0
    }
  }
}