{
  "conversation_id": 450,
  "matched": 15,
  "total_reference": 15,
  "avg_score": 0.3122,
  "avg_point_diff": 6.066666666666666,
  "axis_stats": {
    "completeness": {
      "matched": 7,
      "score_sum": 1.5931522250175476,
      "conversation_count": 1,
      "avg_score": 0.2275931750025068
    },
    "accuracy": {
      "matched": 2,
      "score_sum": 1.3869565725326538,
      "conversation_count": 1,
      "avg_score": 0.6934782862663269
    },
    "context_awareness": {
      "matched": 5,
      "score_sum": 1.4145137667655945,
      "conversation_count": 1,
      "avg_score": 0.2829027533531189
    },
    "communication_quality": {
      "matched": 1,
      "score_sum": 0.2876158356666565,
      "conversation_count": 1,
      "avg_score": 0.2876158356666565
    },
    "instruction_following": {
      "matched": 0,
      "score_sum": 0.0,
      "conversation_count": 0
    }
  }
}