{
  "conversation_id": 2540,
  "matched": 12,
  "total_reference": 12,
  "avg_score": 0.4435833333333334,
  "avg_point_diff": 4.583333333333333,
  "axis_stats": {
    "completeness": {
      "matched": 6,
      "score_sum": 2.72544606924057,
      "conversation_count": 1,
      "avg_score": 0.454241011540095
    },
    "accuracy": {
      "matched": 4,
      "score_sum": 1.8576435446739197,
      "conversation_count": 1,
      "avg_score": 0.4644108861684799
    },
    "context_awareness": {
      "matched": 0,
      "score_sum": 0.0,
      "conversation_count": 0
    },
    "communication_quality": {
      "matched": 1,
      "score_sum": 0.509100079536438,
      "conversation_count": 1,
      "avg_score": 0.509100079536438
    },
    "instruction_following": {
      "matched": 1,
      "score_sum": 0.23240554332733154,
      "conversation_count": 1,
      "avg_score": 0.23240554332733154
    }
  }
}