{
  "conversation_id": 696,
  "matched": 9,
  "total_reference": 9,
  "avg_score": 0.19366666666666668,
  "avg_point_diff": 8.333333333333334,
  "axis_stats": {
    "completeness": {
      "matched": 2,
      "score_sum": 0.6194412708282471,
      "conversation_count": 1,
      "avg_score": 0.30972063541412354
    },
    "accuracy": {
      "matched": 3,
      "score_sum": 0.3350462675094605,
      "conversation_count": 1,
      "avg_score": 0.11168208916982016
    },
    "context_awareness": {
      "matched": 1,
      "score_sum": 0.0,
      "conversation_count": 1,
      "avg_score": 0.0
    },
    "communication_quality": {
      "matched": 2,
      "score_sum": 0.3399214267730713,
      "conversation_count": 1,
      "avg_score": 0.16996071338653565
    },
    "instruction_following": {
      "matched": 1,
      "score_sum": 0.44878797531127934,
      "conversation_count": 1,
      "avg_score": 0.44878797531127934
    }
  }
}