{
  "conversation_id": 2151,
  "matched": 14,
  "total_reference": 14,
  "avg_score": 0.20214285714285715,
  "avg_point_diff": 6.0,
  "axis_stats": {
    "completeness": {
      "matched": 5,
      "score_sum": 0.9481853246688843,
      "conversation_count": 1,
      "avg_score": 0.18963706493377686
    },
    "accuracy": {
      "matched": 4,
      "score_sum": 0.6402190774679184,
      "conversation_count": 1,
      "avg_score": 0.1600547693669796
    },
    "context_awareness": {
      "matched": 1,
      "score_sum": 0.0,
      "conversation_count": 1,
      "avg_score": 0.0
    },
    "communication_quality": {
      "matched": 2,
      "score_sum": 1.0286615490913391,
      "conversation_count": 1,
      "avg_score": 0.5143307745456696
    },
    "instruction_following": {
      "matched": 2,
      "score_sum": 0.211767315864563,
      "conversation_count": 1,
      "avg_score": 0.1058836579322815
    }
  }
}