{
  "conversation_id": 2253,
  "matched": 11,
  "total_reference": 11,
  "avg_score": 0.3201818181818182,
  "avg_point_diff": 3.6363636363636362,
  "axis_stats": {
    "completeness": {
      "matched": 4,
      "score_sum": 1.265077304840088,
      "conversation_count": 1,
      "avg_score": 0.316269326210022
    },
    "accuracy": {
      "matched": 1,
      "score_sum": 0.373798131942749,
      "conversation_count": 1,
      "avg_score": 0.373798131942749
    },
    "context_awareness": {
      "matched": 2,
      "score_sum": 0.5942132472991943,
      "conversation_count": 1,
      "avg_score": 0.29710662364959717
    },
    "communication_quality": {
      "matched": 3,
      "score_sum": 0.6132021546363831,
      "conversation_count": 1,
      "avg_score": 0.20440071821212769
    },
    "instruction_following": {
      "matched": 1,
      "score_sum": 0.6762403249740601,
      "conversation_count": 1,
      "avg_score": 0.6762403249740601
    }
  }
}