{
  "conversation_id": 266,
  "matched": 11,
  "total_reference": 11,
  "avg_score": 0.2109090909090909,
  "avg_point_diff": 4.454545454545454,
  "axis_stats": {
    "completeness": {
      "matched": 1,
      "score_sum": 0.0,
      "conversation_count": 1,
      "avg_score": 0.0
    },
    "accuracy": {
      "matched": 5,
      "score_sum": 1.1400183081626891,
      "conversation_count": 1,
      "avg_score": 0.22800366163253782
    },
    "context_awareness": {
      "matched": 1,
      "score_sum": 0.2881234884262085,
      "conversation_count": 1,
      "avg_score": 0.2881234884262085
    },
    "communication_quality": {
      "matched": 3,
      "score_sum": 0.8154306411743164,
      "conversation_count": 1,
      "avg_score": 0.27181021372477215
    },
    "instruction_following": {
      "matched": 1,
      "score_sum": 0.07683916091918946,
      "conversation_count": 1,
      "avg_score": 0.07683916091918946
    }
  }
}