{
  "conversation_id": 1907,
  "matched": 13,
  "total_reference": 13,
  "avg_score": 0.3269230769230769,
  "avg_point_diff": 8.384615384615385,
  "axis_stats": {
    "completeness": {
      "matched": 9,
      "score_sum": 2.638667941093445,
      "conversation_count": 1,
      "avg_score": 0.29318532678816056
    },
    "accuracy": {
      "matched": 2,
      "score_sum": 0.7917046546936035,
      "conversation_count": 1,
      "avg_score": 0.39585232734680176
    },
    "context_awareness": {
      "matched": 0,
      "score_sum": 0.0,
      "conversation_count": 0
    },
    "communication_quality": {
      "matched": 1,
      "score_sum": 0.3645181179046631,
      "conversation_count": 1,
      "avg_score": 0.3645181179046631
    },
    "instruction_following": {
      "matched": 1,
      "score_sum": 0.45364177227020264,
      "conversation_count": 1,
      "avg_score": 0.45364177227020264
    }
  }
}