{
  "conversation_id": 679,
  "matched": 15,
  "total_reference": 15,
  "avg_score": 0.22660000000000002,
  "avg_point_diff": 6.066666666666666,
  "axis_stats": {
    "completeness": {
      "matched": 0,
      "score_sum": 0.0,
      "conversation_count": 0
    },
    "accuracy": {
      "matched": 10,
      "score_sum": 1.3830261677503586,
      "conversation_count": 1,
      "avg_score": 0.13830261677503586
    },
    "context_awareness": {
      "matched": 2,
      "score_sum": 1.0534355640411377,
      "conversation_count": 1,
      "avg_score": 0.5267177820205688
    },
    "communication_quality": {
      "matched": 2,
      "score_sum": 0.40794646739959717,
      "conversation_count": 1,
      "avg_score": 0.20397323369979858
    },
    "instruction_following": {
      "matched": 1,
      "score_sum": 0.5555358529090881,
      "conversation_count": 1,
      "avg_score": 0.5555358529090881
    }
  }
}