{
  "conversation_id": 2252,
  "matched": 13,
  "total_reference": 13,
  "avg_score": 0.09607692307692307,
  "avg_point_diff": 10.615384615384615,
  "axis_stats": {
    "completeness": {
      "matched": 7,
      "score_sum": 0.3401681184768677,
      "conversation_count": 1,
      "avg_score": 0.04859544549669538
    },
    "accuracy": {
      "matched": 4,
      "score_sum": 0.6121319830417633,
      "conversation_count": 1,
      "avg_score": 0.15303299576044083
    },
    "context_awareness": {
      "matched": 0,
      "score_sum": 0.0,
      "conversation_count": 0
    },
    "communication_quality": {
      "matched": 2,
      "score_sum": 0.29733030796051024,
      "conversation_count": 1,
      "avg_score": 0.14866515398025512
    },
    "instruction_following": {
      "matched": 0,
      "score_sum": 0.0,
      "conversation_count": 0
    }
  }
}