{
  "conversation_id": 2715,
  "matched": 13,
  "total_reference": 13,
  "avg_score": 0.42415384615384616,
  "avg_point_diff": 4.076923076923077,
  "axis_stats": {
    "completeness": {
      "matched": 4,
      "score_sum": 1.1801323175430298,
      "conversation_count": 1,
      "avg_score": 0.29503307938575746
    },
    "accuracy": {
      "matched": 4,
      "score_sum": 1.7954712510108948,
      "conversation_count": 1,
      "avg_score": 0.4488678127527237
    },
    "context_awareness": {
      "matched": 3,
      "score_sum": 1.7941074490547182,
      "conversation_count": 1,
      "avg_score": 0.5980358163515728
    },
    "communication_quality": {
      "matched": 2,
      "score_sum": 0.7437268495559692,
      "conversation_count": 1,
      "avg_score": 0.3718634247779846
    },
    "instruction_following": {
      "matched": 0,
      "score_sum": 0.0,
      "conversation_count": 0
    }
  }
}