{
  "conversation_id": 690,
  "matched": 11,
  "total_reference": 11,
  "avg_score": 0.15709090909090911,
  "avg_point_diff": 5.636363636363637,
  "axis_stats": {
    "completeness": {
      "matched": 3,
      "score_sum": 0.5809160768985748,
      "conversation_count": 1,
      "avg_score": 0.19363869229952493
    },
    "accuracy": {
      "matched": 6,
      "score_sum": 0.6393184810876846,
      "conversation_count": 1,
      "avg_score": 0.10655308018128078
    },
    "context_awareness": {
      "matched": 1,
      "score_sum": 0.35941848158836365,
      "conversation_count": 1,
      "avg_score": 0.35941848158836365
    },
    "communication_quality": {
      "matched": 1,
      "score_sum": 0.14917725324630737,
      "conversation_count": 1,
      "avg_score": 0.14917725324630737
    },
    "instruction_following": {
      "matched": 0,
      "score_sum": 0.0,
      "conversation_count": 0
    }
  }
}