{
  "conversation_id": 2439,
  "matched": 12,
  "total_reference": 12,
  "avg_score": 0.25758333333333333,
  "avg_point_diff": 6.333333333333333,
  "axis_stats": {
    "completeness": {
      "matched": 0,
      "score_sum": 0.0,
      "conversation_count": 0
    },
    "accuracy": {
      "matched": 3,
      "score_sum": 0.7090167999267578,
      "conversation_count": 1,
      "avg_score": 0.23633893330891928
    },
    "context_awareness": {
      "matched": 2,
      "score_sum": 0.8973653316497803,
      "conversation_count": 1,
      "avg_score": 0.44868266582489014
    },
    "communication_quality": {
      "matched": 6,
      "score_sum": 1.0626912117004395,
      "conversation_count": 1,
      "avg_score": 0.17711520195007324
    },
    "instruction_following": {
      "matched": 1,
      "score_sum": 0.42224928736686707,
      "conversation_count": 1,
      "avg_score": 0.42224928736686707
    }
  }
}