{
  "conversation_id": 1343,
  "matched": 11,
  "total_reference": 11,
  "avg_score": 0.4514545454545455,
  "avg_point_diff": 2.6363636363636362,
  "axis_stats": {
    "completeness": {
      "matched": 4,
      "score_sum": 2.0397558510303497,
      "conversation_count": 1,
      "avg_score": 0.5099389627575874
    },
    "accuracy": {
      "matched": 2,
      "score_sum": 0.6815748691558838,
      "conversation_count": 1,
      "avg_score": 0.3407874345779419
    },
    "context_awareness": {
      "matched": 3,
      "score_sum": 1.1338811814785004,
      "conversation_count": 1,
      "avg_score": 0.3779603938261668
    },
    "communication_quality": {
      "matched": 1,
      "score_sum": 0.4820845127105713,
      "conversation_count": 1,
      "avg_score": 0.4820845127105713
    },
    "instruction_following": {
      "matched": 1,
      "score_sum": 0.6287121772766113,
      "conversation_count": 1,
      "avg_score": 0.6287121772766113
    }
  }
}