{
  "conversation_id": 185,
  "matched": 10,
  "total_reference": 10,
  "avg_score": 0.2854,
  "avg_point_diff": 4.9,
  "axis_stats": {
    "completeness": {
      "matched": 2,
      "score_sum": 0.45836782455444336,
      "conversation_count": 1,
      "avg_score": 0.22918391227722168
    },
    "accuracy": {
      "matched": 5,
      "score_sum": 1.2342109680175781,
      "conversation_count": 1,
      "avg_score": 0.24684219360351561
    },
    "context_awareness": {
      "matched": 1,
      "score_sum": 0.4804074764251709,
      "conversation_count": 1,
      "avg_score": 0.4804074764251709
    },
    "communication_quality": {
      "matched": 1,
      "score_sum": 0.4374912679195404,
      "conversation_count": 1,
      "avg_score": 0.4374912679195404
    },
    "instruction_following": {
      "matched": 1,
      "score_sum": 0.2450417757034302,
      "conversation_count": 1,
      "avg_score": 0.2450417757034302
    }
  }
}