{
  "conversation_id": 1152,
  "matched": 9,
  "total_reference": 9,
  "avg_score": 0.30722222222222223,
  "avg_point_diff": 5.888888888888889,
  "axis_stats": {
    "completeness": {
      "matched": 1,
      "score_sum": 0.7831445932388306,
      "conversation_count": 1,
      "avg_score": 0.7831445932388306
    },
    "accuracy": {
      "matched": 3,
      "score_sum": 0.3212060332298279,
      "conversation_count": 1,
      "avg_score": 0.10706867774327596
    },
    "context_awareness": {
      "matched": 4,
      "score_sum": 1.2794101238250732,
      "conversation_count": 1,
      "avg_score": 0.3198525309562683
    },
    "communication_quality": {
      "matched": 1,
      "score_sum": 0.381698876619339,
      "conversation_count": 1,
      "avg_score": 0.381698876619339
    },
    "instruction_following": {
      "matched": 0,
      "score_sum": 0.0,
      "conversation_count": 0
    }
  }
}