{
  "conversation_id": 1698,
  "matched": 9,
  "total_reference": 9,
  "avg_score": 0.20133333333333334,
  "avg_point_diff": 7.0,
  "axis_stats": {
    "completeness": {
      "matched": 2,
      "score_sum": 0.6856416463851929,
      "conversation_count": 1,
      "avg_score": 0.34282082319259644
    },
    "accuracy": {
      "matched": 3,
      "score_sum": 0.5613797903060913,
      "conversation_count": 1,
      "avg_score": 0.1871265967686971
    },
    "context_awareness": {
      "matched": 0,
      "score_sum": 0.0,
      "conversation_count": 0
    },
    "communication_quality": {
      "matched": 1,
      "score_sum": 0.19834811985492706,
      "conversation_count": 1,
      "avg_score": 0.19834811985492706
    },
    "instruction_following": {
      "matched": 3,
      "score_sum": 0.36724603176116943,
      "conversation_count": 1,
      "avg_score": 0.12241534392038982
    }
  }
}