{
  "conversation_id": 394,
  "matched": 15,
  "total_reference": 15,
  "avg_score": 0.36819999999999997,
  "avg_point_diff": 5.266666666666667,
  "axis_stats": {
    "completeness": {
      "matched": 2,
      "score_sum": 1.4053876399993896,
      "conversation_count": 1,
      "avg_score": 0.7026938199996948
    },
    "accuracy": {
      "matched": 6,
      "score_sum": 2.120008647441864,
      "conversation_count": 1,
      "avg_score": 0.353334774573644
    },
    "context_awareness": {
      "matched": 5,
      "score_sum": 1.3814527690410614,
      "conversation_count": 1,
      "avg_score": 0.27629055380821227
    },
    "communication_quality": {
      "matched": 2,
      "score_sum": 0.6150822639465332,
      "conversation_count": 1,
      "avg_score": 0.3075411319732666
    },
    "instruction_following": {
      "matched": 0,
      "score_sum": 0.0,
      "conversation_count": 0
    }
  }
}