{
  "conversation_id": 1556,
  "matched": 14,
  "total_reference": 14,
  "avg_score": 0.41957142857142854,
  "avg_point_diff": 4.357142857142857,
  "axis_stats": {
    "completeness": {
      "matched": 4,
      "score_sum": 1.4404681324958801,
      "conversation_count": 1,
      "avg_score": 0.36011703312397003
    },
    "accuracy": {
      "matched": 7,
      "score_sum": 3.3955573439598083,
      "conversation_count": 1,
      "avg_score": 0.48507962056568693
    },
    "context_awareness": {
      "matched": 1,
      "score_sum": 0.5167664289474487,
      "conversation_count": 1,
      "avg_score": 0.5167664289474487
    },
    "communication_quality": {
      "matched": 0,
      "score_sum": 0.0,
      "conversation_count": 0
    },
    "instruction_following": {
      "matched": 2,
      "score_sum": 0.5217215120792389,
      "conversation_count": 1,
      "avg_score": 0.26086075603961945
    }
  }
}