{
  "conversation_id": 2623,
  "matched": 10,
  "total_reference": 10,
  "avg_score": 0.23820000000000002,
  "avg_point_diff": 5.1,
  "axis_stats": {
    "completeness": {
      "matched": 5,
      "score_sum": 2.0673545956611634,
      "conversation_count": 1,
      "avg_score": 0.41347091913223266
    },
    "accuracy": {
      "matched": 3,
      "score_sum": 0.14947006106376648,
      "conversation_count": 1,
      "avg_score": 0.04982335368792216
    },
    "context_awareness": {
      "matched": 1,
      "score_sum": 0.09675426036119461,
      "conversation_count": 1,
      "avg_score": 0.09675426036119461
    },
    "communication_quality": {
      "matched": 0,
      "score_sum": 0.0,
      "conversation_count": 0
    },
    "instruction_following": {
      "matched": 1,
      "score_sum": 0.06908649206161499,
      "conversation_count": 1,
      "avg_score": 0.06908649206161499
    }
  }
}