{
  "conversation_id": 2170,
  "matched": 11,
  "total_reference": 11,
  "avg_score": 0.3439090909090909,
  "avg_point_diff": 5.181818181818182,
  "axis_stats": {
    "completeness": {
      "matched": 4,
      "score_sum": 1.4863704144954681,
      "conversation_count": 1,
      "avg_score": 0.37159260362386703
    },
    "accuracy": {
      "matched": 3,
      "score_sum": 0.821735429763794,
      "conversation_count": 1,
      "avg_score": 0.2739118099212647
    },
    "context_awareness": {
      "matched": 3,
      "score_sum": 0.7904449701309204,
      "conversation_count": 1,
      "avg_score": 0.2634816567103068
    },
    "communication_quality": {
      "matched": 1,
      "score_sum": 0.684418797492981,
      "conversation_count": 1,
      "avg_score": 0.684418797492981
    },
    "instruction_following": {
      "matched": 0,
      "score_sum": 0.0,
      "conversation_count": 0
    }
  }
}