{
  "conversation_id": 69,
  "matched": 15,
  "total_reference": 15,
  "avg_score": 0.32106666666666667,
  "avg_point_diff": 6.666666666666667,
  "axis_stats": {
    "completeness": {
      "matched": 2,
      "score_sum": 0.7081791162490845,
      "conversation_count": 1,
      "avg_score": 0.35408955812454224
    },
    "accuracy": {
      "matched": 0,
      "score_sum": 0.0,
      "conversation_count": 0
    },
    "context_awareness": {
      "matched": 10,
      "score_sum": 2.2024459838867188,
      "conversation_count": 1,
      "avg_score": 0.22024459838867189
    },
    "communication_quality": {
      "matched": 1,
      "score_sum": 0.7764818072319031,
      "conversation_count": 1,
      "avg_score": 0.7764818072319031
    },
    "instruction_following": {
      "matched": 2,
      "score_sum": 1.128191977739334,
      "conversation_count": 1,
      "avg_score": 0.564095988869667
    }
  }
}