{
  "conversation_id": 1351,
  "matched": 15,
  "total_reference": 15,
  "avg_score": 0.25173333333333336,
  "avg_point_diff": 7.8,
  "axis_stats": {
    "completeness": {
      "matched": 2,
      "score_sum": 1.1624594330787659,
      "conversation_count": 1,
      "avg_score": 0.5812297165393829
    },
    "accuracy": {
      "matched": 9,
      "score_sum": 1.4309749603271484,
      "conversation_count": 1,
      "avg_score": 0.1589972178141276
    },
    "context_awareness": {
      "matched": 1,
      "score_sum": 0.6406470537185669,
      "conversation_count": 1,
      "avg_score": 0.6406470537185669
    },
    "communication_quality": {
      "matched": 2,
      "score_sum": 0.5414005517959595,
      "conversation_count": 1,
      "avg_score": 0.27070027589797974
    },
    "instruction_following": {
      "matched": 1,
      "score_sum": 0.0,
      "conversation_count": 1,
      "avg_score": 0.0
    }
  }
}