{
  "conversation_id": 1486,
  "matched": 12,
  "total_reference": 12,
  "avg_score": 0.12141666666666667,
  "avg_point_diff": 9.5,
  "axis_stats": {
    "completeness": {
      "matched": 0,
      "score_sum": 0.0,
      "conversation_count": 0
    },
    "accuracy": {
      "matched": 7,
      "score_sum": 0.2654007434844971,
      "conversation_count": 1,
      "avg_score": 0.037914391926356726
    },
    "context_awareness": {
      "matched": 2,
      "score_sum": 0.6909688949584961,
      "conversation_count": 1,
      "avg_score": 0.34548444747924806
    },
    "communication_quality": {
      "matched": 1,
      "score_sum": 0.2172243595123291,
      "conversation_count": 1,
      "avg_score": 0.2172243595123291
    },
    "instruction_following": {
      "matched": 2,
      "score_sum": 0.28351160883903503,
      "conversation_count": 1,
      "avg_score": 0.14175580441951752
    }
  }
}