{
  "conversation_id": 891,
  "matched": 13,
  "total_reference": 13,
  "avg_score": 0.3043076923076923,
  "avg_point_diff": 8.461538461538462,
  "axis_stats": {
    "completeness": {
      "matched": 5,
      "score_sum": 1.2675138473510743,
      "conversation_count": 1,
      "avg_score": 0.2535027694702149
    },
    "accuracy": {
      "matched": 3,
      "score_sum": 1.1267083883285522,
      "conversation_count": 1,
      "avg_score": 0.3755694627761841
    },
    "context_awareness": {
      "matched": 4,
      "score_sum": 0.8484529554843903,
      "conversation_count": 1,
      "avg_score": 0.21211323887109756
    },
    "communication_quality": {
      "matched": 0,
      "score_sum": 0.0,
      "conversation_count": 0
    },
    "instruction_following": {
      "matched": 1,
      "score_sum": 0.7122524976730347,
      "conversation_count": 1,
      "avg_score": 0.7122524976730347
    }
  }
}