{
  "conversation_id": 1098,
  "matched": 12,
  "total_reference": 12,
  "avg_score": 0.30191666666666667,
  "avg_point_diff": 6.333333333333333,
  "axis_stats": {
    "completeness": {
      "matched": 0,
      "score_sum": 0.0,
      "conversation_count": 0
    },
    "accuracy": {
      "matched": 2,
      "score_sum": 0.3698601722717285,
      "conversation_count": 1,
      "avg_score": 0.18493008613586426
    },
    "context_awareness": {
      "matched": 2,
      "score_sum": 0.44350382685661316,
      "conversation_count": 1,
      "avg_score": 0.22175191342830658
    },
    "communication_quality": {
      "matched": 0,
      "score_sum": 0.0,
      "conversation_count": 0
    },
    "instruction_following": {
      "matched": 8,
      "score_sum": 2.810172438621521,
      "conversation_count": 1,
      "avg_score": 0.3512715548276901
    }
  }
}