{
  "conversation_id": 1718,
  "matched": 12,
  "total_reference": 12,
  "avg_score": 0.3491666666666666,
  "avg_point_diff": 5.5,
  "axis_stats": {
    "completeness": {
      "matched": 2,
      "score_sum": 0.8307654649019242,
      "conversation_count": 1,
      "avg_score": 0.4153827324509621
    },
    "accuracy": {
      "matched": 3,
      "score_sum": 0.568111777305603,
      "conversation_count": 1,
      "avg_score": 0.18937059243520102
    },
    "context_awareness": {
      "matched": 4,
      "score_sum": 1.791373610496521,
      "conversation_count": 1,
      "avg_score": 0.44784340262413025
    },
    "communication_quality": {
      "matched": 2,
      "score_sum": 0.7546934366226197,
      "conversation_count": 1,
      "avg_score": 0.37734671831130984
    },
    "instruction_following": {
      "matched": 1,
      "score_sum": 0.2440318763256073,
      "conversation_count": 1,
      "avg_score": 0.2440318763256073
    }
  }
}