{
  "conversation_id": 1362,
  "matched": 12,
  "total_reference": 12,
  "avg_score": 0.5068333333333334,
  "avg_point_diff": 3.8333333333333335,
  "axis_stats": {
    "completeness": {
      "matched": 7,
      "score_sum": 4.283503520488739,
      "conversation_count": 1,
      "avg_score": 0.6119290743555341
    },
    "accuracy": {
      "matched": 1,
      "score_sum": 0.5374401807785034,
      "conversation_count": 1,
      "avg_score": 0.5374401807785034
    },
    "context_awareness": {
      "matched": 3,
      "score_sum": 0.8289869129657745,
      "conversation_count": 1,
      "avg_score": 0.2763289709885915
    },
    "communication_quality": {
      "matched": 1,
      "score_sum": 0.4319162964820862,
      "conversation_count": 1,
      "avg_score": 0.4319162964820862
    },
    "instruction_following": {
      "matched": 0,
      "score_sum": 0.0,
      "conversation_count": 0
    }
  }
}