{
  "conversation_id": 545,
  "matched": 11,
  "total_reference": 11,
  "avg_score": 0.3268181818181818,
  "avg_point_diff": 7.818181818181818,
  "axis_stats": {
    "completeness": {
      "matched": 5,
      "score_sum": 1.3825497388839723,
      "conversation_count": 1,
      "avg_score": 0.27650994777679444
    },
    "accuracy": {
      "matched": 4,
      "score_sum": 1.1457995772361755,
      "conversation_count": 1,
      "avg_score": 0.2864498943090439
    },
    "context_awareness": {
      "matched": 1,
      "score_sum": 0.4366927742958069,
      "conversation_count": 1,
      "avg_score": 0.4366927742958069
    },
    "communication_quality": {
      "matched": 0,
      "score_sum": 0.0,
      "conversation_count": 0
    },
    "instruction_following": {
      "matched": 1,
      "score_sum": 0.6290382385253906,
      "conversation_count": 1,
      "avg_score": 0.6290382385253906
    }
  }
}