{
  "conversation_id": 1870,
  "matched": 15,
  "total_reference": 15,
  "avg_score": 0.44959999999999994,
  "avg_point_diff": 5.0,
  "axis_stats": {
    "completeness": {
      "matched": 7,
      "score_sum": 4.52137588262558,
      "conversation_count": 1,
      "avg_score": 0.6459108403750828
    },
    "accuracy": {
      "matched": 4,
      "score_sum": 0.9509377777576447,
      "conversation_count": 1,
      "avg_score": 0.23773444443941116
    },
    "context_awareness": {
      "matched": 3,
      "score_sum": 0.8940891921520233,
      "conversation_count": 1,
      "avg_score": 0.2980297307173411
    },
    "communication_quality": {
      "matched": 1,
      "score_sum": 0.37701523303985596,
      "conversation_count": 1,
      "avg_score": 0.37701523303985596
    },
    "instruction_following": {
      "matched": 0,
      "score_sum": 0.0,
      "conversation_count": 0
    }
  }
}