{
  "conversation_id": 638,
  "matched": 14,
  "total_reference": 14,
  "avg_score": 0.41328571428571437,
  "avg_point_diff": 4.214285714285714,
  "axis_stats": {
    "completeness": {
      "matched": 3,
      "score_sum": 1.7913731336593628,
      "conversation_count": 1,
      "avg_score": 0.5971243778864542
    },
    "accuracy": {
      "matched": 6,
      "score_sum": 2.5419275760650635,
      "conversation_count": 1,
      "avg_score": 0.42365459601084393
    },
    "context_awareness": {
      "matched": 2,
      "score_sum": 0.6790408790111542,
      "conversation_count": 1,
      "avg_score": 0.3395204395055771
    },
    "communication_quality": {
      "matched": 2,
      "score_sum": 0.40026384592056274,
      "conversation_count": 1,
      "avg_score": 0.20013192296028137
    },
    "instruction_following": {
      "matched": 1,
      "score_sum": 0.3730099678039551,
      "conversation_count": 1,
      "avg_score": 0.3730099678039551
    }
  }
}