{
  "conversation_id": 335,
  "matched": 12,
  "total_reference": 12,
  "avg_score": 0.29083333333333333,
  "avg_point_diff": 5.666666666666667,
  "axis_stats": {
    "completeness": {
      "matched": 6,
      "score_sum": 1.960279643535614,
      "conversation_count": 1,
      "avg_score": 0.32671327392260235
    },
    "accuracy": {
      "matched": 3,
      "score_sum": 0.8365482687950134,
      "conversation_count": 1,
      "avg_score": 0.27884942293167114
    },
    "context_awareness": {
      "matched": 1,
      "score_sum": 0.48539137840270996,
      "conversation_count": 1,
      "avg_score": 0.48539137840270996
    },
    "communication_quality": {
      "matched": 2,
      "score_sum": 0.2076667994260788,
      "conversation_count": 1,
      "avg_score": 0.1038333997130394
    },
    "instruction_following": {
      "matched": 0,
      "score_sum": 0.0,
      "conversation_count": 0
    }
  }
}