{
  "conversation_id": 1037,
  "matched": 9,
  "total_reference": 9,
  "avg_score": 0.3625555555555555,
  "avg_point_diff": 3.5555555555555554,
  "axis_stats": {
    "completeness": {
      "matched": 3,
      "score_sum": 1.1129152297973635,
      "conversation_count": 1,
      "avg_score": 0.3709717432657878
    },
    "accuracy": {
      "matched": 4,
      "score_sum": 1.3665679097175598,
      "conversation_count": 1,
      "avg_score": 0.34164197742938995
    },
    "context_awareness": {
      "matched": 1,
      "score_sum": 0.2880297899246216,
      "conversation_count": 1,
      "avg_score": 0.2880297899246216
    },
    "communication_quality": {
      "matched": 1,
      "score_sum": 0.49592604637146,
      "conversation_count": 1,
      "avg_score": 0.49592604637146
    },
    "instruction_following": {
      "matched": 0,
      "score_sum": 0.0,
      "conversation_count": 0
    }
  }
}