{
  "conversation_id": 1900,
  "matched": 11,
  "total_reference": 11,
  "avg_score": 0.20972727272727273,
  "avg_point_diff": 6.0,
  "axis_stats": {
    "completeness": {
      "matched": 5,
      "score_sum": 0.9768236637115479,
      "conversation_count": 1,
      "avg_score": 0.1953647327423096
    },
    "accuracy": {
      "matched": 3,
      "score_sum": 0.4416598677635193,
      "conversation_count": 1,
      "avg_score": 0.1472199559211731
    },
    "context_awareness": {
      "matched": 2,
      "score_sum": 0.7073476433753967,
      "conversation_count": 1,
      "avg_score": 0.35367382168769834
    },
    "communication_quality": {
      "matched": 0,
      "score_sum": 0.0,
      "conversation_count": 0
    },
    "instruction_following": {
      "matched": 1,
      "score_sum": 0.1826460212469101,
      "conversation_count": 1,
      "avg_score": 0.1826460212469101
    }
  }
}