{
  "conversation_id": 981,
  "matched": 12,
  "total_reference": 12,
  "avg_score": 0.4856666666666667,
  "avg_point_diff": 2.1666666666666665,
  "axis_stats": {
    "completeness": {
      "matched": 2,
      "score_sum": 0.9403162896633148,
      "conversation_count": 1,
      "avg_score": 0.4701581448316574
    },
    "accuracy": {
      "matched": 2,
      "score_sum": 1.0340145230293274,
      "conversation_count": 1,
      "avg_score": 0.5170072615146637
    },
    "context_awareness": {
      "matched": 6,
      "score_sum": 3.317111086845398,
      "conversation_count": 1,
      "avg_score": 0.5528518478075664
    },
    "communication_quality": {
      "matched": 0,
      "score_sum": 0.0,
      "conversation_count": 0
    },
    "instruction_following": {
      "matched": 2,
      "score_sum": 0.5363265573978424,
      "conversation_count": 1,
      "avg_score": 0.2681632786989212
    }
  }
}