{
  "conversation_id": 2324,
  "matched": 12,
  "total_reference": 12,
  "avg_score": 0.38425000000000004,
  "avg_point_diff": 3.0,
  "axis_stats": {
    "completeness": {
      "matched": 5,
      "score_sum": 0.917380154132843,
      "conversation_count": 1,
      "avg_score": 0.1834760308265686
    },
    "accuracy": {
      "matched": 5,
      "score_sum": 2.822071373462677,
      "conversation_count": 1,
      "avg_score": 0.5644142746925354
    },
    "context_awareness": {
      "matched": 1,
      "score_sum": 0.3769680857658386,
      "conversation_count": 1,
      "avg_score": 0.3769680857658386
    },
    "communication_quality": {
      "matched": 1,
      "score_sum": 0.49309542775154114,
      "conversation_count": 1,
      "avg_score": 0.49309542775154114
    },
    "instruction_following": {
      "matched": 0,
      "score_sum": 0.0,
      "conversation_count": 0
    }
  }
}