{
  "conversation_id": 801,
  "matched": 13,
  "total_reference": 13,
  "avg_score": 0.5203846153846153,
  "avg_point_diff": 3.923076923076923,
  "axis_stats": {
    "completeness": {
      "matched": 3,
      "score_sum": 1.1800142168998717,
      "conversation_count": 1,
      "avg_score": 0.39333807229995726
    },
    "accuracy": {
      "matched": 8,
      "score_sum": 4.583750903606415,
      "conversation_count": 1,
      "avg_score": 0.5729688629508018
    },
    "context_awareness": {
      "matched": 0,
      "score_sum": 0.0,
      "conversation_count": 0
    },
    "communication_quality": {
      "matched": 1,
      "score_sum": 0.26842638850212097,
      "conversation_count": 1,
      "avg_score": 0.26842638850212097
    },
    "instruction_following": {
      "matched": 1,
      "score_sum": 0.7324196696281433,
      "conversation_count": 1,
      "avg_score": 0.7324196696281433
    }
  }
}