{
  "conversation_id": 1053,
  "matched": 11,
  "total_reference": 11,
  "avg_score": 0.3779090909090908,
  "avg_point_diff": 5.545454545454546,
  "axis_stats": {
    "completeness": {
      "matched": 5,
      "score_sum": 1.3174679279327393,
      "conversation_count": 1,
      "avg_score": 0.26349358558654784
    },
    "accuracy": {
      "matched": 1,
      "score_sum": 0.4634946286678314,
      "conversation_count": 1,
      "avg_score": 0.4634946286678314
    },
    "context_awareness": {
      "matched": 3,
      "score_sum": 1.9699874520301819,
      "conversation_count": 1,
      "avg_score": 0.6566624840100607
    },
    "communication_quality": {
      "matched": 1,
      "score_sum": 0.0,
      "conversation_count": 1,
      "avg_score": 0.0
    },
    "instruction_following": {
      "matched": 1,
      "score_sum": 0.40834861993789673,
      "conversation_count": 1,
      "avg_score": 0.40834861993789673
    }
  }
}