{
  "conversation_id": 1471,
  "matched": 13,
  "total_reference": 13,
  "avg_score": 0.42076923076923084,
  "avg_point_diff": 6.153846153846154,
  "axis_stats": {
    "completeness": {
      "matched": 7,
      "score_sum": 3.4705438017845154,
      "conversation_count": 1,
      "avg_score": 0.4957919716835022
    },
    "accuracy": {
      "matched": 4,
      "score_sum": 1.0186774134635925,
      "conversation_count": 1,
      "avg_score": 0.25466935336589813
    },
    "context_awareness": {
      "matched": 1,
      "score_sum": 0.186515212059021,
      "conversation_count": 1,
      "avg_score": 0.186515212059021
    },
    "communication_quality": {
      "matched": 1,
      "score_sum": 0.7943382859230042,
      "conversation_count": 1,
      "avg_score": 0.7943382859230042
    },
    "instruction_following": {
      "matched": 0,
      "score_sum": 0.0,
      "conversation_count": 0
    }
  }
}