{
  "conversation_id": 1661,
  "matched": 13,
  "total_reference": 13,
  "avg_score": 0.2625384615384615,
  "avg_point_diff": 5.6923076923076925,
  "axis_stats": {
    "completeness": {
      "matched": 7,
      "score_sum": 2.0971016228199004,
      "conversation_count": 1,
      "avg_score": 0.29958594611712863
    },
    "accuracy": {
      "matched": 3,
      "score_sum": 0.5601573467254639,
      "conversation_count": 1,
      "avg_score": 0.18671911557515464
    },
    "context_awareness": {
      "matched": 1,
      "score_sum": 0.32325861454010013,
      "conversation_count": 1,
      "avg_score": 0.32325861454010013
    },
    "communication_quality": {
      "matched": 1,
      "score_sum": 0.0,
      "conversation_count": 1,
      "avg_score": 0.0
    },
    "instruction_following": {
      "matched": 1,
      "score_sum": 0.4332435131072998,
      "conversation_count": 1,
      "avg_score": 0.4332435131072998
    }
  }
}