{
  "conversation_id": 1608,
  "matched": 15,
  "total_reference": 15,
  "avg_score": 0.35,
  "avg_point_diff": 3.6666666666666665,
  "axis_stats": {
    "completeness": {
      "matched": 8,
      "score_sum": 2.9076585173606873,
      "conversation_count": 1,
      "avg_score": 0.3634573146700859
    },
    "accuracy": {
      "matched": 1,
      "score_sum": 0.3690689206123352,
      "conversation_count": 1,
      "avg_score": 0.3690689206123352
    },
    "context_awareness": {
      "matched": 3,
      "score_sum": 0.4591663181781769,
      "conversation_count": 1,
      "avg_score": 0.15305543939272562
    },
    "communication_quality": {
      "matched": 2,
      "score_sum": 1.1151129007339478,
      "conversation_count": 1,
      "avg_score": 0.5575564503669739
    },
    "instruction_following": {
      "matched": 1,
      "score_sum": 0.3987911343574524,
      "conversation_count": 1,
      "avg_score": 0.3987911343574524
    }
  }
}