{
  "conversation_id": 1494,
  "matched": 11,
  "total_reference": 11,
  "avg_score": 0.3710909090909091,
  "avg_point_diff": 5.545454545454546,
  "axis_stats": {
    "completeness": {
      "matched": 6,
      "score_sum": 1.5280775725841522,
      "conversation_count": 1,
      "avg_score": 0.254679595430692
    },
    "accuracy": {
      "matched": 2,
      "score_sum": 0.8772219359874726,
      "conversation_count": 1,
      "avg_score": 0.4386109679937363
    },
    "context_awareness": {
      "matched": 1,
      "score_sum": 0.6132993698120117,
      "conversation_count": 1,
      "avg_score": 0.6132993698120117
    },
    "communication_quality": {
      "matched": 2,
      "score_sum": 1.064015805721283,
      "conversation_count": 1,
      "avg_score": 0.5320079028606415
    },
    "instruction_following": {
      "matched": 0,
      "score_sum": 0.0,
      "conversation_count": 0
    }
  }
}