{
  "conversation_id": 1402,
  "matched": 13,
  "total_reference": 13,
  "avg_score": 0.29823076923076924,
  "avg_point_diff": 5.846153846153846,
  "axis_stats": {
    "completeness": {
      "matched": 2,
      "score_sum": 1.1377873420715332,
      "conversation_count": 1,
      "avg_score": 0.5688936710357666
    },
    "accuracy": {
      "matched": 3,
      "score_sum": 0.8741643130779266,
      "conversation_count": 1,
      "avg_score": 0.2913881043593089
    },
    "context_awareness": {
      "matched": 4,
      "score_sum": 0.41170926094055177,
      "conversation_count": 1,
      "avg_score": 0.10292731523513794
    },
    "communication_quality": {
      "matched": 0,
      "score_sum": 0.0,
      "conversation_count": 0
    },
    "instruction_following": {
      "matched": 4,
      "score_sum": 1.45352503657341,
      "conversation_count": 1,
      "avg_score": 0.3633812591433525
    }
  }
}