{
  "conversation_id": 2644,
  "matched": 13,
  "total_reference": 13,
  "avg_score": 0.3828461538461538,
  "avg_point_diff": 3.923076923076923,
  "axis_stats": {
    "completeness": {
      "matched": 6,
      "score_sum": 1.596342718601227,
      "conversation_count": 1,
      "avg_score": 0.26605711976687113
    },
    "accuracy": {
      "matched": 3,
      "score_sum": 1.7179283499717712,
      "conversation_count": 1,
      "avg_score": 0.5726427833239237
    },
    "context_awareness": {
      "matched": 3,
      "score_sum": 1.2965659141540526,
      "conversation_count": 1,
      "avg_score": 0.4321886380513509
    },
    "communication_quality": {
      "matched": 1,
      "score_sum": 0.3648272752761841,
      "conversation_count": 1,
      "avg_score": 0.3648272752761841
    },
    "instruction_following": {
      "matched": 0,
      "score_sum": 0.0,
      "conversation_count": 0
    }
  }
}