{
  "conversation_id": 1307,
  "matched": 14,
  "total_reference": 14,
  "avg_score": 0.2178571428571429,
  "avg_point_diff": 7.357142857142857,
  "axis_stats": {
    "completeness": {
      "matched": 4,
      "score_sum": 0.4733653664588928,
      "conversation_count": 1,
      "avg_score": 0.1183413416147232
    },
    "accuracy": {
      "matched": 6,
      "score_sum": 1.0840885937213898,
      "conversation_count": 1,
      "avg_score": 0.18068143228689829
    },
    "context_awareness": {
      "matched": 3,
      "score_sum": 0.9653744697570801,
      "conversation_count": 1,
      "avg_score": 0.3217914899190267
    },
    "communication_quality": {
      "matched": 1,
      "score_sum": 0.5277813076972961,
      "conversation_count": 1,
      "avg_score": 0.5277813076972961
    },
    "instruction_following": {
      "matched": 0,
      "score_sum": 0.0,
      "conversation_count": 0
    }
  }
}