{
  "conversation_id": 2728,
  "matched": 11,
  "total_reference": 11,
  "avg_score": 0.32990909090909093,
  "avg_point_diff": 3.3636363636363638,
  "axis_stats": {
    "completeness": {
      "matched": 4,
      "score_sum": 0.5320814847946167,
      "conversation_count": 1,
      "avg_score": 0.13302037119865417
    },
    "accuracy": {
      "matched": 3,
      "score_sum": 1.1731739342212677,
      "conversation_count": 1,
      "avg_score": 0.3910579780737559
    },
    "context_awareness": {
      "matched": 4,
      "score_sum": 1.9241462647914886,
      "conversation_count": 1,
      "avg_score": 0.48103656619787216
    },
    "communication_quality": {
      "matched": 0,
      "score_sum": 0.0,
      "conversation_count": 0
    },
    "instruction_following": {
      "matched": 0,
      "score_sum": 0.0,
      "conversation_count": 0
    }
  }
}