{
  "conversation_id": 2571,
  "matched": 12,
  "total_reference": 12,
  "avg_score": 0.36341666666666667,
  "avg_point_diff": 5.416666666666667,
  "axis_stats": {
    "completeness": {
      "matched": 5,
      "score_sum": 1.8663287162780762,
      "conversation_count": 1,
      "avg_score": 0.37326574325561523
    },
    "accuracy": {
      "matched": 4,
      "score_sum": 1.6971536874771118,
      "conversation_count": 1,
      "avg_score": 0.42428842186927795
    },
    "context_awareness": {
      "matched": 2,
      "score_sum": 0.5080915689468384,
      "conversation_count": 1,
      "avg_score": 0.2540457844734192
    },
    "communication_quality": {
      "matched": 1,
      "score_sum": 0.2885913550853729,
      "conversation_count": 1,
      "avg_score": 0.2885913550853729
    },
    "instruction_following": {
      "matched": 0,
      "score_sum": 0.0,
      "conversation_count": 0
    }
  }
}