{
  "conversation_id": 2469,
  "matched": 13,
  "total_reference": 13,
  "avg_score": 0.16053846153846155,
  "avg_point_diff": 7.461538461538462,
  "axis_stats": {
    "completeness": {
      "matched": 2,
      "score_sum": 0.1333843469619751,
      "conversation_count": 1,
      "avg_score": 0.06669217348098755
    },
    "accuracy": {
      "matched": 6,
      "score_sum": 0.7009515762329102,
      "conversation_count": 1,
      "avg_score": 0.11682526270548503
    },
    "context_awareness": {
      "matched": 3,
      "score_sum": 0.6575691998004913,
      "conversation_count": 1,
      "avg_score": 0.21918973326683044
    },
    "communication_quality": {
      "matched": 2,
      "score_sum": 0.5944744348526001,
      "conversation_count": 1,
      "avg_score": 0.29723721742630005
    },
    "instruction_following": {
      "matched": 0,
      "score_sum": 0.0,
      "conversation_count": 0
    }
  }
}