{
  "conversation_id": 1384,
  "matched": 12,
  "total_reference": 12,
  "avg_score": 0.15991666666666668,
  "avg_point_diff": 8.416666666666666,
  "axis_stats": {
    "completeness": {
      "matched": 1,
      "score_sum": 0.3001289367675781,
      "conversation_count": 1,
      "avg_score": 0.3001289367675781
    },
    "accuracy": {
      "matched": 2,
      "score_sum": 0.49721646308898926,
      "conversation_count": 1,
      "avg_score": 0.24860823154449463
    },
    "context_awareness": {
      "matched": 4,
      "score_sum": 0.3687757730484009,
      "conversation_count": 1,
      "avg_score": 0.09219394326210023
    },
    "communication_quality": {
      "matched": 3,
      "score_sum": 0.2524808645248413,
      "conversation_count": 1,
      "avg_score": 0.0841602881749471
    },
    "instruction_following": {
      "matched": 2,
      "score_sum": 0.5011997818946838,
      "conversation_count": 1,
      "avg_score": 0.2505998909473419
    }
  }
}