{
  "conversation_id": 2663,
  "matched": 9,
  "total_reference": 9,
  "avg_score": 0.3373333333333334,
  "avg_point_diff": 6.555555555555555,
  "axis_stats": {
    "completeness": {
      "matched": 2,
      "score_sum": 0.43236513137817384,
      "conversation_count": 1,
      "avg_score": 0.21618256568908692
    },
    "accuracy": {
      "matched": 4,
      "score_sum": 1.90055912733078,
      "conversation_count": 1,
      "avg_score": 0.475139781832695
    },
    "context_awareness": {
      "matched": 0,
      "score_sum": 0.0,
      "conversation_count": 0
    },
    "communication_quality": {
      "matched": 1,
      "score_sum": 0.5057100057601929,
      "conversation_count": 1,
      "avg_score": 0.5057100057601929
    },
    "instruction_following": {
      "matched": 2,
      "score_sum": 0.19736389815807343,
      "conversation_count": 1,
      "avg_score": 0.09868194907903671
    }
  }
}