{
  "conversation_id": 2466,
  "matched": 11,
  "total_reference": 11,
  "avg_score": 0.16945454545454544,
  "avg_point_diff": 6.181818181818182,
  "axis_stats": {
    "completeness": {
      "matched": 3,
      "score_sum": 0.8793888211250305,
      "conversation_count": 1,
      "avg_score": 0.29312960704167684
    },
    "accuracy": {
      "matched": 3,
      "score_sum": 0.08141423016786575,
      "conversation_count": 1,
      "avg_score": 0.027138076722621918
    },
    "context_awareness": {
      "matched": 3,
      "score_sum": 0.5795614004135132,
      "conversation_count": 1,
      "avg_score": 0.19318713347117109
    },
    "communication_quality": {
      "matched": 1,
      "score_sum": 0.0,
      "conversation_count": 1,
      "avg_score": 0.0
    },
    "instruction_following": {
      "matched": 1,
      "score_sum": 0.3240022361278534,
      "conversation_count": 1,
      "avg_score": 0.3240022361278534
    }
  }
}