{
  "conversation_id": 1953,
  "matched": 15,
  "total_reference": 15,
  "avg_score": 0.3672000000000001,
  "avg_point_diff": 5.4,
  "axis_stats": {
    "completeness": {
      "matched": 8,
      "score_sum": 3.9055448919534683,
      "conversation_count": 1,
      "avg_score": 0.48819311149418354
    },
    "accuracy": {
      "matched": 1,
      "score_sum": 0.6415609121322632,
      "conversation_count": 1,
      "avg_score": 0.6415609121322632
    },
    "context_awareness": {
      "matched": 3,
      "score_sum": 0.6059485673904419,
      "conversation_count": 1,
      "avg_score": 0.20198285579681396
    },
    "communication_quality": {
      "matched": 2,
      "score_sum": 0.3536815345287323,
      "conversation_count": 1,
      "avg_score": 0.17684076726436615
    },
    "instruction_following": {
      "matched": 1,
      "score_sum": 0.0,
      "conversation_count": 1,
      "avg_score": 0.0
    }
  }
}