{
  "conversation_id": 2067,
  "matched": 14,
  "total_reference": 14,
  "avg_score": 0.40242857142857147,
  "avg_point_diff": 2.7142857142857144,
  "axis_stats": {
    "completeness": {
      "matched": 4,
      "score_sum": 1.2192849069833755,
      "conversation_count": 1,
      "avg_score": 0.3048212267458439
    },
    "accuracy": {
      "matched": 7,
      "score_sum": 3.3659954965114594,
      "conversation_count": 1,
      "avg_score": 0.48085649950163706
    },
    "context_awareness": {
      "matched": 1,
      "score_sum": 0.5035136342048645,
      "conversation_count": 1,
      "avg_score": 0.5035136342048645
    },
    "communication_quality": {
      "matched": 0,
      "score_sum": 0.0,
      "conversation_count": 0
    },
    "instruction_following": {
      "matched": 2,
      "score_sum": 0.545958834886551,
      "conversation_count": 1,
      "avg_score": 0.2729794174432755
    }
  }
}