{
  "conversation_id": 331,
  "matched": 13,
  "total_reference": 13,
  "avg_score": 0.3871538461538461,
  "avg_point_diff": 5.153846153846154,
  "axis_stats": {
    "completeness": {
      "matched": 5,
      "score_sum": 1.9767996191978454,
      "conversation_count": 1,
      "avg_score": 0.3953599238395691
    },
    "accuracy": {
      "matched": 0,
      "score_sum": 0.0,
      "conversation_count": 0
    },
    "context_awareness": {
      "matched": 6,
      "score_sum": 2.0924943923950194,
      "conversation_count": 1,
      "avg_score": 0.3487490653991699
    },
    "communication_quality": {
      "matched": 1,
      "score_sum": 0.33357614278793335,
      "conversation_count": 1,
      "avg_score": 0.33357614278793335
    },
    "instruction_following": {
      "matched": 1,
      "score_sum": 0.6314683914184571,
      "conversation_count": 1,
      "avg_score": 0.6314683914184571
    }
  }
}