{
  "conversation_id": 1613,
  "matched": 13,
  "total_reference": 13,
  "avg_score": 0.26715384615384613,
  "avg_point_diff": 5.615384615384615,
  "axis_stats": {
    "completeness": {
      "matched": 4,
      "score_sum": 1.0614698827266693,
      "conversation_count": 1,
      "avg_score": 0.26536747068166733
    },
    "accuracy": {
      "matched": 4,
      "score_sum": 0.7089892387390138,
      "conversation_count": 1,
      "avg_score": 0.17724730968475344
    },
    "context_awareness": {
      "matched": 3,
      "score_sum": 1.1681628823280334,
      "conversation_count": 1,
      "avg_score": 0.3893876274426778
    },
    "communication_quality": {
      "matched": 2,
      "score_sum": 0.5339516997337341,
      "conversation_count": 1,
      "avg_score": 0.26697584986686707
    },
    "instruction_following": {
      "matched": 0,
      "score_sum": 0.0,
      "conversation_count": 0
    }
  }
}