{
  "conversation_id": 2479,
  "matched": 9,
  "total_reference": 9,
  "avg_score": 0.4954444444444444,
  "avg_point_diff": 4.444444444444445,
  "axis_stats": {
    "completeness": {
      "matched": 4,
      "score_sum": 3.193274974822998,
      "conversation_count": 1,
      "avg_score": 0.7983187437057495
    },
    "accuracy": {
      "matched": 1,
      "score_sum": 0.243394136428833,
      "conversation_count": 1,
      "avg_score": 0.243394136428833
    },
    "context_awareness": {
      "matched": 1,
      "score_sum": 0.6425604224205017,
      "conversation_count": 1,
      "avg_score": 0.6425604224205017
    },
    "communication_quality": {
      "matched": 3,
      "score_sum": 0.37880299091339115,
      "conversation_count": 1,
      "avg_score": 0.12626766363779704
    },
    "instruction_following": {
      "matched": 0,
      "score_sum": 0.0,
      "conversation_count": 0
    }
  }
}