{
  "conversation_id": 96,
  "matched": 12,
  "total_reference": 12,
  "avg_score": 0.29958333333333337,
  "avg_point_diff": 7.25,
  "axis_stats": {
    "completeness": {
      "matched": 6,
      "score_sum": 2.2796314358711243,
      "conversation_count": 1,
      "avg_score": 0.3799385726451874
    },
    "accuracy": {
      "matched": 2,
      "score_sum": 0.3011765241622925,
      "conversation_count": 1,
      "avg_score": 0.15058826208114626
    },
    "context_awareness": {
      "matched": 1,
      "score_sum": 0.6028400659561157,
      "conversation_count": 1,
      "avg_score": 0.6028400659561157
    },
    "communication_quality": {
      "matched": 3,
      "score_sum": 0.41210436820983887,
      "conversation_count": 1,
      "avg_score": 0.13736812273661295
    },
    "instruction_following": {
      "matched": 0,
      "score_sum": 0.0,
      "conversation_count": 0
    }
  }
}