{
  "conversation_id": 2350,
  "matched": 10,
  "total_reference": 10,
  "avg_score": 0.30430000000000007,
  "avg_point_diff": 4.7,
  "axis_stats": {
    "completeness": {
      "matched": 1,
      "score_sum": 0.7571654319763184,
      "conversation_count": 1,
      "avg_score": 0.7571654319763184
    },
    "accuracy": {
      "matched": 5,
      "score_sum": 1.2216913849115372,
      "conversation_count": 1,
      "avg_score": 0.24433827698230742
    },
    "context_awareness": {
      "matched": 2,
      "score_sum": 0.435005784034729,
      "conversation_count": 1,
      "avg_score": 0.2175028920173645
    },
    "communication_quality": {
      "matched": 1,
      "score_sum": 0.30061373114585876,
      "conversation_count": 1,
      "avg_score": 0.30061373114585876
    },
    "instruction_following": {
      "matched": 1,
      "score_sum": 0.3282096147537232,
      "conversation_count": 1,
      "avg_score": 0.3282096147537232
    }
  }
}