{
  "conversation_id": 156,
  "matched": 12,
  "total_reference": 12,
  "avg_score": 0.4439166666666667,
  "avg_point_diff": 3.8333333333333335,
  "axis_stats": {
    "completeness": {
      "matched": 6,
      "score_sum": 2.648181200027466,
      "conversation_count": 1,
      "avg_score": 0.44136353333791095
    },
    "accuracy": {
      "matched": 4,
      "score_sum": 1.675388479232788,
      "conversation_count": 1,
      "avg_score": 0.418847119808197
    },
    "context_awareness": {
      "matched": 1,
      "score_sum": 0.5912654399871826,
      "conversation_count": 1,
      "avg_score": 0.5912654399871826
    },
    "communication_quality": {
      "matched": 0,
      "score_sum": 0.0,
      "conversation_count": 0
    },
    "instruction_following": {
      "matched": 1,
      "score_sum": 0.41402549743652345,
      "conversation_count": 1,
      "avg_score": 0.41402549743652345
    }
  }
}