{
  "conversation_id": 1973,
  "matched": 9,
  "total_reference": 9,
  "avg_score": 0.2515555555555556,
  "avg_point_diff": 5.666666666666667,
  "axis_stats": {
    "completeness": {
      "matched": 1,
      "score_sum": 0.46749255061149597,
      "conversation_count": 1,
      "avg_score": 0.46749255061149597
    },
    "accuracy": {
      "matched": 7,
      "score_sum": 1.6080919802188873,
      "conversation_count": 1,
      "avg_score": 0.22972742574555532
    },
    "context_awareness": {
      "matched": 0,
      "score_sum": 0.0,
      "conversation_count": 0
    },
    "communication_quality": {
      "matched": 1,
      "score_sum": 0.18839456140995026,
      "conversation_count": 1,
      "avg_score": 0.18839456140995026
    },
    "instruction_following": {
      "matched": 0,
      "score_sum": 0.0,
      "conversation_count": 0
    }
  }
}