{
  "conversation_id": 738,
  "matched": 11,
  "total_reference": 11,
  "avg_score": 0.31163636363636366,
  "avg_point_diff": 7.181818181818182,
  "axis_stats": {
    "completeness": {
      "matched": 4,
      "score_sum": 1.7920954823493958,
      "conversation_count": 1,
      "avg_score": 0.44802387058734894
    },
    "accuracy": {
      "matched": 2,
      "score_sum": 0.6172052621841431,
      "conversation_count": 1,
      "avg_score": 0.30860263109207153
    },
    "context_awareness": {
      "matched": 4,
      "score_sum": 0.39702996611595154,
      "conversation_count": 1,
      "avg_score": 0.09925749152898788
    },
    "communication_quality": {
      "matched": 0,
      "score_sum": 0.0,
      "conversation_count": 0
    },
    "instruction_following": {
      "matched": 1,
      "score_sum": 0.6212677955627441,
      "conversation_count": 1,
      "avg_score": 0.6212677955627441
    }
  }
}