{
  "conversation_id": 1158,
  "matched": 13,
  "total_reference": 13,
  "avg_score": 0.27584615384615385,
  "avg_point_diff": 5.538461538461538,
  "axis_stats": {
    "completeness": {
      "matched": 5,
      "score_sum": 0.919611930847168,
      "conversation_count": 1,
      "avg_score": 0.1839223861694336
    },
    "accuracy": {
      "matched": 2,
      "score_sum": 0.8403381407260895,
      "conversation_count": 1,
      "avg_score": 0.42016907036304474
    },
    "context_awareness": {
      "matched": 4,
      "score_sum": 1.3706229865550994,
      "conversation_count": 1,
      "avg_score": 0.34265574663877485
    },
    "communication_quality": {
      "matched": 1,
      "score_sum": 0.1665244847536087,
      "conversation_count": 1,
      "avg_score": 0.1665244847536087
    },
    "instruction_following": {
      "matched": 1,
      "score_sum": 0.2893263339996338,
      "conversation_count": 1,
      "avg_score": 0.2893263339996338
    }
  }
}