{
  "conversation_id": 2462,
  "matched": 12,
  "total_reference": 12,
  "avg_score": 0.4051666666666667,
  "avg_point_diff": 4.5,
  "axis_stats": {
    "completeness": {
      "matched": 7,
      "score_sum": 3.418437457084656,
      "conversation_count": 1,
      "avg_score": 0.48834820815495084
    },
    "accuracy": {
      "matched": 3,
      "score_sum": 0.5032283782958985,
      "conversation_count": 1,
      "avg_score": 0.1677427927652995
    },
    "context_awareness": {
      "matched": 1,
      "score_sum": 0.4623270988464356,
      "conversation_count": 1,
      "avg_score": 0.4623270988464356
    },
    "communication_quality": {
      "matched": 1,
      "score_sum": 0.4791109263896942,
      "conversation_count": 1,
      "avg_score": 0.4791109263896942
    },
    "instruction_following": {
      "matched": 0,
      "score_sum": 0.0,
      "conversation_count": 0
    }
  }
}