{
  "conversation_id": 952,
  "matched": 9,
  "total_reference": 9,
  "avg_score": 0.36000000000000004,
  "avg_point_diff": 3.888888888888889,
  "axis_stats": {
    "completeness": {
      "matched": 2,
      "score_sum": 0.5667794942855835,
      "conversation_count": 1,
      "avg_score": 0.28338974714279175
    },
    "accuracy": {
      "matched": 5,
      "score_sum": 2.0718047320842743,
      "conversation_count": 1,
      "avg_score": 0.41436094641685484
    },
    "context_awareness": {
      "matched": 1,
      "score_sum": 0.0785910114645958,
      "conversation_count": 1,
      "avg_score": 0.0785910114645958
    },
    "communication_quality": {
      "matched": 1,
      "score_sum": 0.5222363471984863,
      "conversation_count": 1,
      "avg_score": 0.5222363471984863
    },
    "instruction_following": {
      "matched": 0,
      "score_sum": 0.0,
      "conversation_count": 0
    }
  }
}