{
  "conversation_id": 85,
  "matched": 10,
  "total_reference": 10,
  "avg_score": 0.1751,
  "avg_point_diff": 7.1,
  "axis_stats": {
    "completeness": {
      "matched": 3,
      "score_sum": 0.9432698130607605,
      "conversation_count": 1,
      "avg_score": 0.3144232710202535
    },
    "accuracy": {
      "matched": 4,
      "score_sum": 0.2716900706291199,
      "conversation_count": 1,
      "avg_score": 0.06792251765727997
    },
    "context_awareness": {
      "matched": 0,
      "score_sum": 0.0,
      "conversation_count": 0
    },
    "communication_quality": {
      "matched": 1,
      "score_sum": 0.22489085793495178,
      "conversation_count": 1,
      "avg_score": 0.22489085793495178
    },
    "instruction_following": {
      "matched": 2,
      "score_sum": 0.31117072105407717,
      "conversation_count": 1,
      "avg_score": 0.15558536052703859
    }
  }
}