{
  "conversation_id": 122,
  "matched": 9,
  "total_reference": 9,
  "avg_score": 0.24455555555555553,
  "avg_point_diff": 3.3333333333333335,
  "axis_stats": {
    "completeness": {
      "matched": 0,
      "score_sum": 0.0,
      "conversation_count": 0
    },
    "accuracy": {
      "matched": 2,
      "score_sum": 0.4731781780719757,
      "conversation_count": 1,
      "avg_score": 0.23658908903598785
    },
    "context_awareness": {
      "matched": 3,
      "score_sum": 0.925319492816925,
      "conversation_count": 1,
      "avg_score": 0.30843983093897503
    },
    "communication_quality": {
      "matched": 1,
      "score_sum": 0.21966585516929626,
      "conversation_count": 1,
      "avg_score": 0.21966585516929626
    },
    "instruction_following": {
      "matched": 3,
      "score_sum": 0.5824695453047752,
      "conversation_count": 1,
      "avg_score": 0.19415651510159174
    }
  }
}