{
  "conversation_id": 1728,
  "matched": 14,
  "total_reference": 14,
  "avg_score": 0.22435714285714287,
  "avg_point_diff": 8.857142857142858,
  "axis_stats": {
    "completeness": {
      "matched": 8,
      "score_sum": 0.9709141254425049,
      "conversation_count": 1,
      "avg_score": 0.12136426568031311
    },
    "accuracy": {
      "matched": 3,
      "score_sum": 0.519161581993103,
      "conversation_count": 1,
      "avg_score": 0.17305386066436768
    },
    "context_awareness": {
      "matched": 2,
      "score_sum": 1.2126221060752869,
      "conversation_count": 1,
      "avg_score": 0.6063110530376434
    },
    "communication_quality": {
      "matched": 1,
      "score_sum": 0.43867743015289307,
      "conversation_count": 1,
      "avg_score": 0.43867743015289307
    },
    "instruction_following": {
      "matched": 0,
      "score_sum": 0.0,
      "conversation_count": 0
    }
  }
}