{
  "conversation_id": 530,
  "matched": 12,
  "total_reference": 12,
  "avg_score": 0.33016666666666666,
  "avg_point_diff": 6.083333333333333,
  "axis_stats": {
    "completeness": {
      "matched": 6,
      "score_sum": 3.170853388309479,
      "conversation_count": 1,
      "avg_score": 0.5284755647182465
    },
    "accuracy": {
      "matched": 4,
      "score_sum": 0.36274173855781555,
      "conversation_count": 1,
      "avg_score": 0.09068543463945389
    },
    "context_awareness": {
      "matched": 0,
      "score_sum": 0.0,
      "conversation_count": 0
    },
    "communication_quality": {
      "matched": 1,
      "score_sum": 0.2608121633529663,
      "conversation_count": 1,
      "avg_score": 0.2608121633529663
    },
    "instruction_following": {
      "matched": 1,
      "score_sum": 0.16707393527030945,
      "conversation_count": 1,
      "avg_score": 0.16707393527030945
    }
  }
}