{
  "conversation_id": 2538,
  "matched": 14,
  "total_reference": 14,
  "avg_score": 0.22521428571428573,
  "avg_point_diff": 9.214285714285714,
  "axis_stats": {
    "completeness": {
      "matched": 5,
      "score_sum": 0.6165221929550171,
      "conversation_count": 1,
      "avg_score": 0.12330443859100342
    },
    "accuracy": {
      "matched": 7,
      "score_sum": 2.1134358644485474,
      "conversation_count": 1,
      "avg_score": 0.30191940920693533
    },
    "context_awareness": {
      "matched": 0,
      "score_sum": 0.0,
      "conversation_count": 0
    },
    "communication_quality": {
      "matched": 2,
      "score_sum": 0.4231125831604004,
      "conversation_count": 1,
      "avg_score": 0.2115562915802002
    },
    "instruction_following": {
      "matched": 0,
      "score_sum": 0.0,
      "conversation_count": 0
    }
  }
}