{
  "conversation_id": 803,
  "matched": 11,
  "total_reference": 11,
  "avg_score": 0.23963636363636365,
  "avg_point_diff": 7.454545454545454,
  "axis_stats": {
    "completeness": {
      "matched": 4,
      "score_sum": 0.8026046454906464,
      "conversation_count": 1,
      "avg_score": 0.2006511613726616
    },
    "accuracy": {
      "matched": 3,
      "score_sum": 0.8736466467380524,
      "conversation_count": 1,
      "avg_score": 0.29121554891268414
    },
    "context_awareness": {
      "matched": 1,
      "score_sum": 0.48076021671295166,
      "conversation_count": 1,
      "avg_score": 0.48076021671295166
    },
    "communication_quality": {
      "matched": 3,
      "score_sum": 0.47934454679489136,
      "conversation_count": 1,
      "avg_score": 0.15978151559829712
    },
    "instruction_following": {
      "matched": 0,
      "score_sum": 0.0,
      "conversation_count": 0
    }
  }
}