{
  "conversation_id": 2531,
  "matched": 11,
  "total_reference": 11,
  "avg_score": 0.27927272727272723,
  "avg_point_diff": 5.636363636363637,
  "axis_stats": {
    "completeness": {
      "matched": 6,
      "score_sum": 1.339674472808838,
      "conversation_count": 1,
      "avg_score": 0.223279078801473
    },
    "accuracy": {
      "matched": 2,
      "score_sum": 0.3128461539745331,
      "conversation_count": 1,
      "avg_score": 0.15642307698726654
    },
    "context_awareness": {
      "matched": 2,
      "score_sum": 0.44340211153030396,
      "conversation_count": 1,
      "avg_score": 0.22170105576515198
    },
    "communication_quality": {
      "matched": 1,
      "score_sum": 0.9773571491241455,
      "conversation_count": 1,
      "avg_score": 0.9773571491241455
    },
    "instruction_following": {
      "matched": 0,
      "score_sum": 0.0,
      "conversation_count": 0
    }
  }
}