{
  "conversation_id": 480,
  "matched": 11,
  "total_reference": 11,
  "avg_score": 0.1967272727272727,
  "avg_point_diff": 8.090909090909092,
  "axis_stats": {
    "completeness": {
      "matched": 2,
      "score_sum": 0.35824060440063477,
      "conversation_count": 1,
      "avg_score": 0.17912030220031738
    },
    "accuracy": {
      "matched": 3,
      "score_sum": 0.5820640325546265,
      "conversation_count": 1,
      "avg_score": 0.1940213441848755
    },
    "context_awareness": {
      "matched": 4,
      "score_sum": 0.9066150397062303,
      "conversation_count": 1,
      "avg_score": 0.22665375992655756
    },
    "communication_quality": {
      "matched": 2,
      "score_sum": 0.3166664242744446,
      "conversation_count": 1,
      "avg_score": 0.1583332121372223
    },
    "instruction_following": {
      "matched": 0,
      "score_sum": 0.0,
      "conversation_count": 0
    }
  }
}