{
  "conversation_id": 1666,
  "matched": 9,
  "total_reference": 9,
  "avg_score": 0.2501111111111111,
  "avg_point_diff": 6.555555555555555,
  "axis_stats": {
    "completeness": {
      "matched": 3,
      "score_sum": 0.9631006479263307,
      "conversation_count": 1,
      "avg_score": 0.32103354930877687
    },
    "accuracy": {
      "matched": 1,
      "score_sum": 0.31182212829589845,
      "conversation_count": 1,
      "avg_score": 0.31182212829589845
    },
    "context_awareness": {
      "matched": 3,
      "score_sum": 0.41290101408958435,
      "conversation_count": 1,
      "avg_score": 0.1376336713631948
    },
    "communication_quality": {
      "matched": 2,
      "score_sum": 0.562812864780426,
      "conversation_count": 1,
      "avg_score": 0.281406432390213
    },
    "instruction_following": {
      "matched": 0,
      "score_sum": 0.0,
      "conversation_count": 0
    }
  }
}