{
  "conversation_id": 22,
  "matched": 8,
  "total_reference": 8,
  "avg_score": 0.37425,
  "avg_point_diff": 4.375,
  "axis_stats": {
    "completeness": {
      "matched": 5,
      "score_sum": 1.5455023050308228,
      "conversation_count": 1,
      "avg_score": 0.30910046100616456
    },
    "accuracy": {
      "matched": 1,
      "score_sum": 0.45158249139785767,
      "conversation_count": 1,
      "avg_score": 0.45158249139785767
    },
    "context_awareness": {
      "matched": 1,
      "score_sum": 0.5477188229560852,
      "conversation_count": 1,
      "avg_score": 0.5477188229560852
    },
    "communication_quality": {
      "matched": 1,
      "score_sum": 0.44871580600738525,
      "conversation_count": 1,
      "avg_score": 0.44871580600738525
    },
    "instruction_following": {
      "matched": 0,
      "score_sum": 0.0,
      "conversation_count": 0
    }
  }
}