{
  "conversation_id": 2425,
  "matched": 10,
  "total_reference": 10,
  "avg_score": 0.41579999999999995,
  "avg_point_diff": 3.0,
  "axis_stats": {
    "completeness": {
      "matched": 1,
      "score_sum": 0.4514591693878174,
      "conversation_count": 1,
      "avg_score": 0.4514591693878174
    },
    "accuracy": {
      "matched": 5,
      "score_sum": 1.689250409603119,
      "conversation_count": 1,
      "avg_score": 0.33785008192062377
    },
    "context_awareness": {
      "matched": 1,
      "score_sum": 0.6954233646392822,
      "conversation_count": 1,
      "avg_score": 0.6954233646392822
    },
    "communication_quality": {
      "matched": 1,
      "score_sum": 0.5584274768829346,
      "conversation_count": 1,
      "avg_score": 0.5584274768829346
    },
    "instruction_following": {
      "matched": 2,
      "score_sum": 0.7638108432292938,
      "conversation_count": 1,
      "avg_score": 0.3819054216146469
    }
  }
}