{
  "conversation_id": 1280,
  "matched": 13,
  "total_reference": 13,
  "avg_score": 0.25230769230769234,
  "avg_point_diff": 9.538461538461538,
  "axis_stats": {
    "completeness": {
      "matched": 11,
      "score_sum": 2.294043481349945,
      "conversation_count": 1,
      "avg_score": 0.20854940739544955
    },
    "accuracy": {
      "matched": 1,
      "score_sum": 0.6836209297180176,
      "conversation_count": 1,
      "avg_score": 0.6836209297180176
    },
    "context_awareness": {
      "matched": 1,
      "score_sum": 0.30172961950302124,
      "conversation_count": 1,
      "avg_score": 0.30172961950302124
    },
    "communication_quality": {
      "matched": 0,
      "score_sum": 0.0,
      "conversation_count": 0
    },
    "instruction_following": {
      "matched": 0,
      "score_sum": 0.0,
      "conversation_count": 0
    }
  }
}