{
  "conversation_id": 1920,
  "matched": 13,
  "total_reference": 13,
  "avg_score": 0.39546153846153853,
  "avg_point_diff": 4.230769230769231,
  "axis_stats": {
    "completeness": {
      "matched": 8,
      "score_sum": 3.8422477722167967,
      "conversation_count": 1,
      "avg_score": 0.4802809715270996
    },
    "accuracy": {
      "matched": 0,
      "score_sum": 0.0,
      "conversation_count": 0
    },
    "context_awareness": {
      "matched": 3,
      "score_sum": 1.0008886754512787,
      "conversation_count": 1,
      "avg_score": 0.3336295584837596
    },
    "communication_quality": {
      "matched": 2,
      "score_sum": 0.29852771759033203,
      "conversation_count": 1,
      "avg_score": 0.14926385879516602
    },
    "instruction_following": {
      "matched": 0,
      "score_sum": 0.0,
      "conversation_count": 0
    }
  }
}