{
  "conversation_id": 802,
  "matched": 8,
  "total_reference": 8,
  "avg_score": 0.26375,
  "avg_point_diff": 5.5,
  "axis_stats": {
    "completeness": {
      "matched": 4,
      "score_sum": 0.5675169229507446,
      "conversation_count": 1,
      "avg_score": 0.14187923073768616
    },
    "accuracy": {
      "matched": 1,
      "score_sum": 0.13290166854858398,
      "conversation_count": 1,
      "avg_score": 0.13290166854858398
    },
    "context_awareness": {
      "matched": 1,
      "score_sum": 0.4230836868286133,
      "conversation_count": 1,
      "avg_score": 0.4230836868286133
    },
    "communication_quality": {
      "matched": 2,
      "score_sum": 0.9858852326869965,
      "conversation_count": 1,
      "avg_score": 0.49294261634349823
    },
    "instruction_following": {
      "matched": 0,
      "score_sum": 0.0,
      "conversation_count": 0
    }
  }
}