{
  "conversation_id": 1356,
  "matched": 15,
  "total_reference": 15,
  "avg_score": 0.3322,
  "avg_point_diff": 6.0,
  "axis_stats": {
    "completeness": {
      "matched": 4,
      "score_sum": 1.2216424942016602,
      "conversation_count": 1,
      "avg_score": 0.30541062355041504
    },
    "accuracy": {
      "matched": 1,
      "score_sum": 0.39255857467651367,
      "conversation_count": 1,
      "avg_score": 0.39255857467651367
    },
    "context_awareness": {
      "matched": 8,
      "score_sum": 2.732466906309128,
      "conversation_count": 1,
      "avg_score": 0.341558363288641
    },
    "communication_quality": {
      "matched": 2,
      "score_sum": 0.6360607147216797,
      "conversation_count": 1,
      "avg_score": 0.31803035736083984
    },
    "instruction_following": {
      "matched": 0,
      "score_sum": 0.0,
      "conversation_count": 0
    }
  }
}