{
  "conversation_id": 1415,
  "matched": 14,
  "total_reference": 14,
  "avg_score": 0.12535714285714286,
  "avg_point_diff": 8.857142857142858,
  "axis_stats": {
    "completeness": {
      "matched": 4,
      "score_sum": 0.596307098865509,
      "conversation_count": 1,
      "avg_score": 0.14907677471637726
    },
    "accuracy": {
      "matched": 6,
      "score_sum": 0.5149686336517334,
      "conversation_count": 1,
      "avg_score": 0.08582810560862224
    },
    "context_awareness": {
      "matched": 2,
      "score_sum": 0.3641728401184082,
      "conversation_count": 1,
      "avg_score": 0.1820864200592041
    },
    "communication_quality": {
      "matched": 0,
      "score_sum": 0.0,
      "conversation_count": 0
    },
    "instruction_following": {
      "matched": 2,
      "score_sum": 0.2799850106239319,
      "conversation_count": 1,
      "avg_score": 0.13999250531196594
    }
  }
}