{
  "conversation_id": 850,
  "matched": 9,
  "total_reference": 9,
  "avg_score": 0.35466666666666663,
  "avg_point_diff": 3.111111111111111,
  "axis_stats": {
    "completeness": {
      "matched": 4,
      "score_sum": 1.153294414281845,
      "conversation_count": 1,
      "avg_score": 0.2883236035704613
    },
    "accuracy": {
      "matched": 1,
      "score_sum": 0.2847747802734375,
      "conversation_count": 1,
      "avg_score": 0.2847747802734375
    },
    "context_awareness": {
      "matched": 3,
      "score_sum": 0.7772140622138977,
      "conversation_count": 1,
      "avg_score": 0.2590713540712992
    },
    "communication_quality": {
      "matched": 1,
      "score_sum": 0.9773571491241455,
      "conversation_count": 1,
      "avg_score": 0.9773571491241455
    },
    "instruction_following": {
      "matched": 0,
      "score_sum": 0.0,
      "conversation_count": 0
    }
  }
}