{
  "conversation_id": 2354,
  "matched": 13,
  "total_reference": 13,
  "avg_score": 0.23253846153846155,
  "avg_point_diff": 8.692307692307692,
  "axis_stats": {
    "completeness": {
      "matched": 4,
      "score_sum": 0.6110584735870361,
      "conversation_count": 1,
      "avg_score": 0.15276461839675903
    },
    "accuracy": {
      "matched": 5,
      "score_sum": 0.9822994709014893,
      "conversation_count": 1,
      "avg_score": 0.19645989418029786
    },
    "context_awareness": {
      "matched": 4,
      "score_sum": 1.4306010007858276,
      "conversation_count": 1,
      "avg_score": 0.3576502501964569
    },
    "communication_quality": {
      "matched": 0,
      "score_sum": 0.0,
      "conversation_count": 0
    },
    "instruction_following": {
      "matched": 0,
      "score_sum": 0.0,
      "conversation_count": 0
    }
  }
}