{
  "conversation_id": 2319,
  "matched": 10,
  "total_reference": 10,
  "avg_score": 0.2164,
  "avg_point_diff": 7.6,
  "axis_stats": {
    "completeness": {
      "matched": 1,
      "score_sum": 0.4739743173122406,
      "conversation_count": 1,
      "avg_score": 0.4739743173122406
    },
    "accuracy": {
      "matched": 3,
      "score_sum": 1.1073704719543458,
      "conversation_count": 1,
      "avg_score": 0.3691234906514486
    },
    "context_awareness": {
      "matched": 4,
      "score_sum": 0.42496782541275024,
      "conversation_count": 1,
      "avg_score": 0.10624195635318756
    },
    "communication_quality": {
      "matched": 0,
      "score_sum": 0.0,
      "conversation_count": 0
    },
    "instruction_following": {
      "matched": 2,
      "score_sum": 0.1567557454109192,
      "conversation_count": 1,
      "avg_score": 0.0783778727054596
    }
  }
}