{
  "conversation_id": 1826,
  "matched": 14,
  "total_reference": 14,
  "avg_score": 0.3272857142857143,
  "avg_point_diff": 5.285714285714286,
  "axis_stats": {
    "completeness": {
      "matched": 7,
      "score_sum": 3.207580345869064,
      "conversation_count": 1,
      "avg_score": 0.4582257636955806
    },
    "accuracy": {
      "matched": 4,
      "score_sum": 0.44355776309967043,
      "conversation_count": 1,
      "avg_score": 0.11088944077491761
    },
    "context_awareness": {
      "matched": 2,
      "score_sum": 0.4308325946331024,
      "conversation_count": 1,
      "avg_score": 0.2154162973165512
    },
    "communication_quality": {
      "matched": 1,
      "score_sum": 0.500889241695404,
      "conversation_count": 1,
      "avg_score": 0.500889241695404
    },
    "instruction_following": {
      "matched": 0,
      "score_sum": 0.0,
      "conversation_count": 0
    }
  }
}