{
  "conversation_id": 603,
  "matched": 11,
  "total_reference": 11,
  "avg_score": 0.24790909090909086,
  "avg_point_diff": 6.363636363636363,
  "axis_stats": {
    "completeness": {
      "matched": 1,
      "score_sum": 0.518896484375,
      "conversation_count": 1,
      "avg_score": 0.518896484375
    },
    "accuracy": {
      "matched": 6,
      "score_sum": 1.3184230625629425,
      "conversation_count": 1,
      "avg_score": 0.21973717709382376
    },
    "context_awareness": {
      "matched": 3,
      "score_sum": 0.4088491201400757,
      "conversation_count": 1,
      "avg_score": 0.1362830400466919
    },
    "communication_quality": {
      "matched": 1,
      "score_sum": 0.479522705078125,
      "conversation_count": 1,
      "avg_score": 0.479522705078125
    },
    "instruction_following": {
      "matched": 0,
      "score_sum": 0.0,
      "conversation_count": 0
    }
  }
}