{
  "conversation_id": 1429,
  "matched": 13,
  "total_reference": 13,
  "avg_score": 0.4247692307692308,
  "avg_point_diff": 3.3846153846153846,
  "axis_stats": {
    "completeness": {
      "matched": 4,
      "score_sum": 1.8688947558403015,
      "conversation_count": 1,
      "avg_score": 0.4672236889600754
    },
    "accuracy": {
      "matched": 3,
      "score_sum": 1.5952115058898926,
      "conversation_count": 1,
      "avg_score": 0.5317371686299642
    },
    "context_awareness": {
      "matched": 4,
      "score_sum": 1.2868579030036926,
      "conversation_count": 1,
      "avg_score": 0.32171447575092316
    },
    "communication_quality": {
      "matched": 1,
      "score_sum": 0.41990241408348083,
      "conversation_count": 1,
      "avg_score": 0.41990241408348083
    },
    "instruction_following": {
      "matched": 1,
      "score_sum": 0.35159051418304443,
      "conversation_count": 1,
      "avg_score": 0.35159051418304443
    }
  }
}